timestamp,latitude,longitude,road_type,max_speed_kmh,current_speed_kmh,congestion_index,congestion_level,temperature_c,humidity_percent,wind_speed_kmh,precipitation_mm,visibility_km,weather_condition,is_weekend,is_rush_hour
2026-01-01 00:00:00,40.70839812408669,-73.9518765354204,City_Street,40,32.1,0.198,Low,15.4,58,13.0,0.0,11.2,Cloudy,0,0
2026-01-01 00:15:00,40.70954419657923,-73.95166201963048,City_Street,40,37.2,0.07,Low,21.2,31,11.6,0.0,11.0,Clear,0,0
2026-01-01 00:30:00,40.711791581589985,-73.95732093659863,Arterial,60,53.2,0.113,Low,19.9,65,24.5,0.0,14.0,Clear,0,0
2026-01-01 00:45:00,40.70949774420928,-73.94844297974417,Arterial,60,60.0,0.0,Low,14.9,57,3.1,0.0,11.5,Cloudy,0,0
2026-01-01 01:00:00,40.719328369323584,-73.96167562226996,Residential,30,26.2,0.127,Low,17.7,60,16.8,0.0,13.9,Clear,0,0
2026-01-01 01:15:00,40.7212066911035,-73.95469154073074,Residential,30,29.7,0.01,Low,19.4,55,11.0,0.0,10.7,Clear,0,0
2026-01-01 01:30:00,40.716569532156214,-73.95273715615846,Arterial,60,49.1,0.182,Low,10.6,39,2.5,0.0,10.1,Clear,0,0
2026-01-01 01:45:00,40.72345180100775,-73.95008246760938,Residential,30,25.6,0.147,Low,12.5,76,12.3,0.0,8.4,Clear,0,0
2026-01-01 02:00:00,40.704202492402906,-73.95105629113907,City_Street,40,38.3,0.043,Low,15.3,71,3.3,0.0,9.8,Clear,0,0
2026-01-01 02:15:00,40.71799030400581,-73.95859442215313,Arterial,60,49.6,0.173,Low,18.9,65,26.9,0.0,10.9,Cloudy,0,0
2026-01-01 02:30:00,40.730775034827076,-73.9496599271203,Residential,30,26.3,0.123,Low,16.9,55,9.2,0.0,11.2,Cloudy,0,0
2026-01-01 02:45:00,40.72926381211026,-73.95489776875053,Arterial,60,59.8,0.003,Low,18.7,54,29.0,0.0,11.0,Clear,0,0
2026-01-01 03:00:00,40.71980170827942,-73.9663551179897,City_Street,40,36.6,0.085,Low,15.5,47,9.2,0.0,9.2,Cloudy,0,0
2026-01-01 03:15:00,40.72134211025677,-73.95701747264039,Residential,30,27.9,0.07,Low,10.4,59,3.2,0.0,10.0,Clear,0,0
2026-01-01 03:30:00,40.716243027546405,-73.95716252087082,Arterial,60,55.5,0.075,Low,21.7,89,20.2,0.0,11.1,Cloudy,0,0
2026-01-01 03:45:00,40.71406921777603,-73.95037631925608,City_Street,40,39.6,0.01,Low,27.0,80,5.0,0.0,11.8,Clear,0,0
2026-01-01 04:00:00,40.73623662873814,-73.95599086938367,Residential,30,23.7,0.21,Low,23.6,45,13.5,0.0,13.7,Clear,0,0
2026-01-01 04:15:00,40.71390372357948,-73.94432128641438,Highway,90,75.1,0.166,Low,16.1,55,31.0,0.0,14.5,Clear,0,0
2026-01-01 04:30:00,40.70806724204309,-73.95585598742542,Residential,30,14.9,0.503,Moderate,20.0,70,25.1,3.9,1.2,Snow,0,0
2026-01-01 04:45:00,40.724246887551594,-73.95412820256816,Residential,30,27.4,0.087,Low,21.5,49,7.3,0.0,8.0,Clear,0,0
2026-01-01 05:00:00,40.72393873888762,-73.95712239062676,Arterial,60,57.6,0.04,Low,13.3,59,26.6,0.0,10.6,Clear,0,0
2026-01-01 05:15:00,40.716281866272475,-73.95593155944437,Residential,30,27.0,0.1,Low,24.4,56,28.2,0.0,12.4,Clear,0,0
2026-01-01 05:30:00,40.73051244581104,-73.95405040792176,Residential,30,26.8,0.107,Low,27.4,65,34.8,0.0,8.3,Cloudy,0,0
2026-01-01 05:45:00,,,Arterial,60,35.5,0.408,Moderate,22.4,58,30.1,0.0,1.5,Fog,0,0
2026-01-01 06:00:00,40.71981014431428,-73.96394127003308,Highway,90,73.9,0.179,Low,25.5,54,4.3,0.0,14.5,Clear,0,0
2026-01-01 06:15:00,40.73362958603363,-73.95714349203863,City_Street,40,39.3,0.018,Low,15.2,80,28.7,0.0,10.1,Cloudy,0,0
2026-01-01 06:30:00,,,Highway,90,82.9,0.079,Low,17.2,58,2.9,0.0,14.2,Cloudy,0,0
2026-01-01 06:45:00,40.72225366345181,-73.95715646206662,Residential,30,29.6,0.013,Low,23.4,35,3.2,0.0,8.2,Cloudy,0,0
2026-01-01 07:00:00,40.71068548013596,-73.95453902114978,Arterial,60,26.3,0.562,Heavy,19.8,67,8.4,0.0,13.9,Clear,0,1
2026-01-01 07:15:00,40.73800509518286,-73.95145767840353,City_Street,40,15.7,0.608,Heavy,25.2,50,16.5,0.0,9.9,Cloudy,0,1
2026-01-01 07:30:00,40.74182633894928,-73.96365250088544,Highway,90,32.0,0.644,Heavy,12.3,54,8.0,0.0,0.3,Fog,0,1
2026-01-01 07:45:00,40.74503018139828,-73.9501235994213,Highway,90,35.0,0.611,Heavy,26.3,49,5.8,0.0,8.1,Clear,0,1
2026-01-01 08:00:00,40.73412106708569,-73.9537390560262,Highway,90,37.6,0.582,Heavy,17.9,62,31.3,0.0,14.6,Cloudy,0,1
2026-01-01 08:15:00,40.7294702226382,-73.93991390739598,Arterial,60,27.6,0.54,Moderate,19.0,60,33.0,0.0,12.1,Cloudy,0,1
2026-01-01 08:30:00,40.72119913575516,-73.95722800318757,Arterial,60,20.2,0.663,Heavy,20.7,77,11.0,5.5,4.8,Rain,0,1
2026-01-01 08:45:00,40.726053428244356,-73.95737057826734,Arterial,60,23.7,0.605,Heavy,11.9,66,31.0,5.8,6.5,Rain,0,1
2026-01-01 09:00:00,40.7308196633346,-73.95524835968105,Highway,90,41.5,0.539,Moderate,28.1,67,10.3,0.0,8.9,Cloudy,0,1
2026-01-01 09:15:00,40.743303649804965,-73.96289977572349,City_Street,40,20.1,0.497,Moderate,20.1,73,12.6,0.0,13.8,Clear,0,1
2026-01-01 09:30:00,40.72805569874537,-73.95169457986466,Highway,90,41.7,0.537,Moderate,13.3,20,5.0,0.0,8.6,Cloudy,0,1
2026-01-01 09:45:00,40.74107430774416,-73.95342124545543,Residential,30,12.4,0.587,Heavy,14.9,49,16.6,1.4,6.2,Rain,0,1
2026-01-01 10:00:00,40.73938279146965,-73.95597843643405,City_Street,40,29.6,0.26,Moderate,7.8,61,6.8,3.7,7.6,Rain,0,0
2026-01-01 10:15:00,40.7419653011065,-73.96396301270377,Arterial,60,26.4,0.56,Heavy,11.7,86,20.4,2.8,2.4,Snow,0,0
2026-01-01 10:30:00,40.7273933522902,-73.9753517820929,Arterial,60,58.0,0.033,Low,28.0,67,29.2,0.0,13.4,Clear,0,0
2026-01-01 10:45:00,40.73758503199186,-73.9598407284672,City_Street,40,40.0,0.0,Low,18.3,66,2.4,0.0,14.7,Clear,0,0
2026-01-01 11:00:00,40.73195776815023,-73.96159314577844,Highway,90,51.9,0.423,Moderate,24.2,44,7.5,0.0,0.3,Fog,0,0
2026-01-01 11:15:00,40.75177373636566,-73.96711642538547,City_Street,40,24.9,0.378,Moderate,30.9,47,8.2,0.0,0.6,Fog,0,0
2026-01-01 11:30:00,40.728942156624186,-73.96819800570667,Arterial,60,55.7,0.072,Low,17.5,59,15.6,0.0,10.0,Clear,0,0
2026-01-01 11:45:00,40.74138001840119,-73.94960831658679,Residential,30,16.9,0.437,Moderate,19.6,55,34.6,0.0,1.3,Fog,0,0
2026-01-01 12:00:00,40.73096267201893,-73.95016078611641,Highway,90,90.0,0.0,Low,21.1,52,26.7,0.0,11.7,Cloudy,0,0
2026-01-01 12:15:00,40.73273077063673,-73.95690055761071,City_Street,40,37.3,0.068,Low,20.6,67,24.2,0.0,9.6,Clear,0,0
2026-01-01 12:30:00,40.70894592322112,-73.96426697640108,Residential,30,28.1,0.063,Low,17.2,98,27.9,0.0,10.9,Clear,0,0
2026-01-01 12:45:00,,,City_Street,40,34.4,0.14,Low,11.3,81,31.8,0.0,11.1,Clear,0,0
2026-01-01 13:00:00,40.744572571020534,-73.96343764981533,Arterial,60,58.4,0.027,Low,24.8,69,29.8,0.0,11.2,Cloudy,0,0
2026-01-01 13:15:00,40.74114919065176,-73.96312120445901,Residential,30,24.0,0.2,Low,13.5,70,6.3,0.0,8.5,Clear,0,0
2026-01-01 13:30:00,40.751401141708406,-73.96961821031675,City_Street,40,37.1,0.073,Low,25.0,56,34.1,0.0,11.6,Cloudy,0,0
2026-01-01 13:45:00,40.73241036886023,-73.9678459778429,City_Street,40,38.1,0.047,Low,12.8,57,18.6,0.0,10.5,Clear,0,0
2026-01-01 14:00:00,40.73902630162175,-73.97083816971391,Highway,90,70.9,0.212,Low,18.1,44,30.7,0.0,8.0,Cloudy,0,0
2026-01-01 14:15:00,40.73553759325581,-73.96851149716704,City_Street,40,31.0,0.225,Low,12.4,80,26.7,0.0,11.2,Cloudy,0,0
2026-01-01 14:30:00,40.74340294860285,-73.97045296265475,Residential,30,22.6,0.247,Low,9.2,38,8.0,1.7,6.9,Rain,0,0
2026-01-01 14:45:00,40.7354454680717,-73.97310535007391,Highway,90,49.1,0.454,Moderate,23.4,100,4.9,21.4,2.5,Heavy Rain,0,0
2026-01-01 15:00:00,40.757707941514084,-73.95360599128503,Arterial,60,54.0,0.1,Low,23.6,55,10.1,0.0,12.3,Clear,0,0
2026-01-01 15:15:00,40.730254832414474,-73.96051384521421,Arterial,60,48.7,0.188,Low,16.7,52,11.4,0.0,9.3,Clear,0,0
2026-01-01 15:30:00,,,City_Street,40,17.9,0.552,Heavy,24.0,79,19.7,10.2,2.3,Snow,0,0
2026-01-01 15:45:00,40.736956247825546,-73.96103383523565,Highway,90,75.9,0.157,Low,11.9,60,22.2,0.0,8.8,Clear,0,0
2026-01-01 16:00:00,40.748773789656994,-73.96580882678731,Highway,90,73.8,0.18,Low,16.3,27,20.1,0.0,11.8,Cloudy,0,0
2026-01-01 16:15:00,40.73824357085563,-73.96011380131546,Residential,30,24.3,0.19,Low,11.4,100,32.7,3.8,5.4,Rain,0,0
2026-01-01 16:30:00,40.74892753569847,-73.96765658110796,Residential,30,29.3,0.023,Low,23.3,57,3.6,0.0,13.1,Clear,0,0
2026-01-01 16:45:00,40.73909317093003,-73.96210228855827,City_Street,40,40.0,0.0,Low,22.7,75,13.8,0.0,11.7,Clear,0,0
2026-01-01 17:00:00,40.74023336014159,-73.95186521284717,Highway,90,23.5,0.739,Heavy,18.5,100,13.7,15.5,2.7,Heavy Rain,0,1
2026-01-01 17:15:00,40.75176614566962,-73.96667273568303,Arterial,60,29.4,0.51,Moderate,20.8,68,6.6,0.0,10.3,Clear,0,1
2026-01-01 17:30:00,40.75865748323659,-73.96801653264318,Highway,90,21.6,0.76,Heavy,19.1,94,8.7,9.8,0.9,Snow,0,1
2026-01-01 17:45:00,40.74261147468089,-73.96144879672379,Highway,90,43.2,0.52,Moderate,26.4,53,9.6,0.0,9.0,Clear,0,1
2026-01-01 18:00:00,40.745987351237126,-73.96949051600627,Arterial,60,21.6,0.64,Heavy,20.9,80,9.5,7.6,5.4,Rain,0,1
2026-01-01 18:15:00,40.74758772848463,-73.94759270721556,Arterial,60,24.2,0.597,Heavy,28.9,68,25.3,0.0,14.5,Clear,0,1
2026-01-01 18:30:00,40.74147542241644,-73.9705443252923,Residential,30,14.9,0.503,Moderate,18.4,52,8.1,0.0,9.2,Clear,0,1
2026-01-01 18:45:00,40.74732773729948,-73.96066202440853,Highway,90,38.5,0.572,Heavy,19.2,53,2.2,0.0,13.6,Clear,0,1
2026-01-01 19:00:00,40.75566033999166,-73.97173714146983,City_Street,40,20.2,0.495,Moderate,24.2,59,3.1,0.0,12.1,Cloudy,0,1
2026-01-01 19:15:00,40.74755353429432,-73.98065762688107,Arterial,60,19.8,0.67,Heavy,25.4,32,2.4,0.0,1.0,Fog,0,1
2026-01-01 19:30:00,40.74766768365027,-73.96701873713631,City_Street,40,10.6,0.735,Heavy,8.3,88,15.1,13.1,1.9,Heavy Rain,0,1
2026-01-01 19:45:00,40.74739891146502,-73.96956744122862,Residential,30,13.3,0.557,Heavy,32.8,43,27.6,0.0,8.5,Clear,0,1
2026-01-01 20:00:00,40.736390376689116,-73.94879640286597,Arterial,60,49.6,0.173,Low,13.5,52,11.0,1.5,7.0,Rain,0,0
2026-01-01 20:15:00,40.74611923094864,-73.97208179693571,Arterial,60,37.9,0.368,Moderate,14.6,65,24.2,2.5,4.9,Rain,0,0
2026-01-01 20:30:00,40.75585777625725,-73.98693447378982,Arterial,60,59.0,0.017,Low,24.3,69,21.9,0.0,14.9,Cloudy,0,0
2026-01-01 20:45:00,40.76286774649694,-73.98031292691088,Residential,30,25.7,0.143,Low,11.7,86,29.0,0.0,14.2,Clear,0,0
2026-01-01 21:00:00,40.74636406121833,-73.96391853648696,Arterial,60,50.6,0.157,Low,20.9,56,9.2,3.5,7.4,Rain,0,0
2026-01-01 21:15:00,40.7581386017784,-73.97324850871084,Residential,30,29.7,0.01,Low,30.8,70,6.6,0.0,9.8,Clear,0,0
2026-01-01 21:30:00,40.759516330278984,-73.96416672359608,Residential,30,27.0,0.1,Low,20.0,80,15.4,0.0,8.5,Cloudy,0,0
2026-01-01 21:45:00,40.753064684725786,-73.96589714476643,Residential,30,24.3,0.19,Low,10.8,40,3.5,0.0,11.6,Cloudy,0,0
2026-01-01 22:00:00,40.749536896717984,-73.96448170542664,City_Street,40,29.4,0.265,Moderate,17.7,69,6.5,3.7,7.8,Rain,0,0
2026-01-01 22:15:00,40.74704848476644,-73.97355332015415,Arterial,60,57.7,0.038,Low,25.7,49,4.5,0.0,8.7,Cloudy,0,0
2026-01-01 22:30:00,40.75811021163893,-73.96210959576933,Highway,90,88.0,0.022,Low,18.5,50,33.7,0.0,13.7,Clear,0,0
2026-01-01 22:45:00,40.7417204038714,-73.97712267427762,Highway,90,45.0,0.5,Moderate,19.1,100,30.0,19.2,3.1,Heavy Rain,0,0
2026-01-01 23:00:00,40.76341884238081,-73.9674798511254,Highway,90,80.3,0.108,Low,20.5,51,20.3,0.0,15.0,Cloudy,0,0
2026-01-01 23:15:00,40.75645411489633,-73.97781447989337,City_Street,40,27.7,0.307,Moderate,25.6,58,12.5,0.0,1.3,Fog,0,0
2026-01-01 23:30:00,40.74298535314063,-73.96519827506042,Highway,90,82.8,0.08,Low,20.4,75,15.3,0.0,11.1,Cloudy,0,0
2026-01-01 23:45:00,40.7650465983143,-73.97534340731471,Residential,30,30.0,0.0,Low,21.3,73,2.8,0.0,9.6,Cloudy,0,0
2026-01-02 00:00:00,40.758886809210324,-73.97869930766495,Arterial,60,52.4,0.127,Low,19.9,51,11.0,0.0,12.1,Clear,0,0
2026-01-02 00:15:00,40.74058972306586,-73.99180381544194,Arterial,60,49.7,0.172,Low,18.5,47,11.8,0.0,10.0,Clear,0,0
2026-01-02 00:30:00,40.758005468606996,-73.98014672292429,Highway,90,75.1,0.166,Low,15.2,55,28.3,0.0,14.7,Clear,0,0
2026-01-02 00:45:00,40.76247587811784,-73.98027741772472,Residential,30,30.0,0.0,Low,14.4,65,9.6,0.0,14.9,Cloudy,0,0
2026-01-02 01:00:00,40.759818674002645,-73.98301452055198,City_Street,40,39.2,0.02,Low,17.9,58,29.3,0.0,14.7,Clear,0,0
2026-01-02 01:15:00,40.75215439808389,-73.98879552558738,Arterial,60,54.6,0.09,Low,21.7,54,9.4,0.0,9.6,Cloudy,0,0
2026-01-02 01:30:00,40.73744006350552,-73.98685867193416,Highway,90,75.7,0.159,Low,19.7,57,26.3,0.0,14.5,Cloudy,0,0
2026-01-02 01:45:00,40.74463039563531,-73.98610649807104,Residential,30,26.8,0.107,Low,17.4,63,18.3,0.0,14.0,Cloudy,0,0
2026-01-02 02:00:00,40.75713116715873,-73.97378661125204,Highway,90,74.8,0.169,Low,22.0,69,30.6,0.0,11.6,Cloudy,0,0
2026-01-02 02:15:00,40.75941610202482,-73.975401391495,City_Street,40,40.0,0.0,Low,25.0,82,7.2,0.0,13.3,Cloudy,0,0
2026-01-02 02:30:00,,,Arterial,60,41.1,0.315,Moderate,16.1,59,27.0,1.0,6.2,Rain,0,0
2026-01-02 02:45:00,40.76320204678074,-73.99390893302576,Arterial,60,47.6,0.207,Low,23.8,39,27.7,0.0,11.8,Cloudy,0,0
2026-01-02 03:00:00,40.75652652737832,-73.98507289967237,Arterial,60,58.4,0.027,Low,22.8,49,7.7,0.0,13.5,Clear,0,0
2026-01-02 03:15:00,40.76572039972135,-73.99108785405153,Residential,30,30.0,0.0,Low,26.0,37,30.8,0.0,8.3,Cloudy,0,0
2026-01-02 03:30:00,40.77352358371253,-73.98923918814043,Highway,90,72.7,0.192,Low,25.7,53,2.0,0.0,9.8,Clear,0,0
2026-01-02 03:45:00,40.74774597925808,-73.98518884673481,Arterial,60,48.3,0.195,Low,25.6,79,33.4,0.0,9.9,Cloudy,0,0
2026-01-02 04:00:00,40.76125174406349,-73.98226941637314,Residential,30,14.5,0.517,Moderate,13.3,93,25.9,5.1,1.3,Snow,0,0
2026-01-02 04:15:00,40.758614259179346,-73.98650223042533,City_Street,40,23.4,0.415,Moderate,17.5,81,27.6,11.2,3.6,Heavy Rain,0,0
2026-01-02 04:30:00,40.75526999942329,-73.984933813995,Arterial,60,55.7,0.072,Low,19.2,39,21.7,0.0,8.0,Clear,0,0
2026-01-02 04:45:00,40.74757202743924,-73.98810441090329,Residential,30,26.6,0.113,Low,12.0,68,12.2,0.0,13.6,Clear,0,0
2026-01-02 05:00:00,40.77434273651095,-73.98911350562456,Residential,30,14.4,0.52,Moderate,19.5,98,32.0,9.6,2.9,Snow,0,0
2026-01-02 05:15:00,40.7567309546659,-73.98971873180038,City_Street,40,30.7,0.233,Low,32.0,59,20.5,0.0,12.9,Clear,0,0
2026-01-02 05:30:00,40.7595303224864,-73.99319755083226,Residential,30,24.6,0.18,Low,17.6,76,34.3,0.0,10.3,Clear,0,0
2026-01-02 05:45:00,40.7546490164442,-73.98283634413612,Arterial,60,46.7,0.222,Low,27.0,73,32.9,0.0,8.2,Clear,0,0
2026-01-02 06:00:00,40.76237763350443,-73.98925756579908,Residential,30,27.4,0.087,Low,22.6,79,23.8,0.0,11.4,Cloudy,0,0
2026-01-02 06:15:00,40.75799717506512,-73.97781080412518,Arterial,60,48.5,0.192,Low,18.2,63,10.2,0.0,8.4,Cloudy,0,0
2026-01-02 06:30:00,40.74729430552906,-73.9803828042971,Highway,90,69.5,0.228,Low,14.1,78,2.7,1.3,4.6,Rain,0,0
2026-01-02 06:45:00,40.75090182233257,-73.98477389453956,Highway,90,79.2,0.12,Low,25.5,58,26.5,0.0,13.1,Clear,0,0
2026-01-02 07:00:00,40.76707946430016,-73.98361519509699,Residential,30,13.9,0.537,Moderate,33.0,66,15.1,0.0,8.2,Cloudy,0,1
2026-01-02 07:15:00,40.75886821256825,-73.98316460238034,City_Street,40,19.2,0.52,Moderate,27.4,80,6.3,0.0,13.1,Cloudy,0,1
2026-01-02 07:30:00,40.77368409790133,-73.98050399872008,Residential,30,13.1,0.563,Heavy,16.5,57,5.2,0.0,11.1,Cloudy,0,1
2026-01-02 07:45:00,40.74267963124072,-73.9893043577229,Arterial,60,25.6,0.573,Heavy,21.9,58,23.7,0.0,9.8,Clear,0,1
2026-01-02 08:00:00,40.74775313034502,-73.97929620633761,Residential,30,14.2,0.527,Moderate,19.2,74,16.8,0.0,10.3,Clear,0,1
2026-01-02 08:15:00,40.74838909802103,-73.9955688775349,Highway,90,33.0,0.633,Heavy,13.3,57,23.9,1.3,6.9,Rain,0,1
2026-01-02 08:30:00,40.75723620709373,-73.97829590827386,Highway,90,37.2,0.587,Heavy,17.4,60,6.1,0.0,14.9,Cloudy,0,1
2026-01-02 08:45:00,40.766970368198365,-73.99375323101424,Arterial,60,26.9,0.552,Heavy,24.6,65,19.0,0.0,11.2,Cloudy,0,1
2026-01-02 09:00:00,40.752711245206996,-73.99285678122074,Residential,30,14.4,0.52,Moderate,20.3,61,8.2,0.0,9.1,Clear,0,1
2026-01-02 09:15:00,40.76994211765933,-73.99538788436513,Highway,90,41.4,0.54,Moderate,19.8,90,30.7,0.0,12.3,Cloudy,0,1
2026-01-02 09:30:00,40.763060542103744,-73.99663920618917,Residential,30,13.9,0.537,Moderate,24.2,87,7.3,0.0,10.4,Cloudy,0,1
2026-01-02 09:45:00,40.76107306111859,-73.99241956636293,City_Street,40,15.5,0.613,Heavy,23.1,81,12.8,7.1,5.6,Rain,0,1
2026-01-02 10:00:00,40.76801243076207,-73.99866947083892,Arterial,60,55.0,0.083,Low,13.3,77,22.1,0.0,12.4,Clear,0,0
2026-01-02 10:15:00,40.753864264274284,-74.01325463485895,City_Street,40,34.7,0.132,Low,28.2,75,17.3,0.0,12.3,Clear,0,0
2026-01-02 10:30:00,40.748847289579295,-73.99515019066256,Arterial,60,59.2,0.013,Low,28.1,64,19.2,0.0,13.0,Clear,0,0
2026-01-02 10:45:00,40.75996355523656,-73.99387267487874,City_Street,40,33.4,0.165,Low,19.1,68,18.0,0.0,8.7,Clear,0,0
2026-01-02 11:00:00,40.76625183540568,-73.99584689203901,Residential,30,29.6,0.013,Low,21.3,52,34.2,0.0,10.8,Cloudy,0,0
2026-01-02 11:15:00,40.76655542184289,-74.00574154006117,Arterial,60,60.0,0.0,Low,17.0,64,10.5,0.0,12.0,Cloudy,0,0
2026-01-02 11:30:00,40.766048617897745,-74.01670402808921,Residential,30,28.2,0.06,Low,21.2,93,28.2,0.0,12.2,Clear,0,0
2026-01-02 11:45:00,40.77150058584297,-74.00139065186255,Residential,30,26.4,0.12,Low,23.7,49,29.1,0.0,9.9,Clear,0,0
2026-01-02 12:00:00,40.76706634307783,-73.99403076465316,Arterial,60,54.6,0.09,Low,17.8,51,17.6,0.0,14.1,Clear,0,0
2026-01-02 12:15:00,40.762786141327716,-74.00115087754466,Arterial,60,60.0,0.0,Low,17.2,39,18.4,0.0,12.2,Cloudy,0,0
2026-01-02 12:30:00,40.77587165205928,-73.99308805355132,City_Street,40,40.0,0.0,Low,25.2,52,13.1,0.0,12.2,Clear,0,0
2026-01-02 12:45:00,40.75373998322619,-74.00665910232874,Highway,90,82.0,0.089,Low,16.2,60,9.7,0.0,13.6,Clear,0,0
2026-01-02 13:00:00,40.77611113820844,-73.99450180905028,Arterial,60,51.3,0.145,Low,12.5,40,16.7,0.0,15.0,Cloudy,0,0
2026-01-02 13:15:00,40.76710350290233,-74.00135653444596,Arterial,60,58.1,0.032,Low,20.8,38,16.9,0.0,8.7,Cloudy,0,0
2026-01-02 13:30:00,40.74399016753687,-74.0064575178332,Highway,90,44.0,0.511,Moderate,11.2,89,10.5,8.7,0.7,Snow,0,0
2026-01-02 13:45:00,40.763775950863135,-74.00418181463007,Residential,30,20.8,0.307,Moderate,11.1,43,20.3,1.6,7.7,Rain,0,0
2026-01-02 14:00:00,40.7642821525344,-74.00423146221894,Residential,30,27.0,0.1,Low,21.8,81,14.9,0.0,12.0,Clear,0,0
2026-01-02 14:15:00,40.76341303213196,-74.00475186666345,Highway,90,47.2,0.476,Moderate,16.3,100,4.7,21.4,1.9,Heavy Rain,0,0
2026-01-02 14:30:00,40.759303410094304,-74.00881066251166,Arterial,60,55.7,0.072,Low,20.6,70,12.4,0.0,11.4,Cloudy,0,0
2026-01-02 14:45:00,40.77391084860161,-74.00049777615904,Highway,90,69.5,0.228,Low,14.7,55,4.2,0.0,10.6,Cloudy,0,0
2026-01-02 15:00:00,40.76193278441318,-74.00601052091857,Highway,90,89.5,0.006,Low,23.3,62,11.2,0.0,14.1,Clear,0,0
2026-01-02 15:15:00,40.76712088584006,-74.01622017263344,Residential,30,28.6,0.047,Low,16.6,59,3.9,0.0,15.0,Clear,0,0
2026-01-02 15:30:00,40.75295167795881,-74.00854290108921,Highway,90,61.0,0.322,Moderate,11.2,63,22.9,5.8,6.5,Rain,0,0
2026-01-02 15:45:00,40.75051639174564,-73.99966064265101,Highway,90,73.6,0.182,Low,14.8,56,16.8,0.0,14.2,Cloudy,0,0
2026-01-02 16:00:00,40.7472267807162,-73.9858622629917,City_Street,40,38.0,0.05,Low,18.8,44,21.2,0.0,13.5,Clear,0,0
2026-01-02 16:15:00,,,Residential,30,26.6,0.113,Low,19.9,68,20.1,0.0,8.8,Clear,0,0
2026-01-02 16:30:00,40.75724416112719,-74.01212492325011,Residential,30,15.7,0.477,Moderate,18.7,85,30.4,21.8,2.8,Heavy Rain,0,0
2026-01-02 16:45:00,40.757359816809604,-74.00063921718655,Arterial,60,53.4,0.11,Low,23.4,52,31.8,0.0,8.3,Clear,0,0
2026-01-02 17:00:00,40.74322661049586,-74.01023588794288,City_Street,40,20.6,0.485,Moderate,19.4,74,5.5,0.0,14.2,Clear,0,1
2026-01-02 17:15:00,40.760811388530776,-74.00923570173912,City_Street,40,15.5,0.613,Heavy,11.0,85,27.6,3.0,5.4,Rain,0,1
2026-01-02 17:30:00,40.75398791201963,-74.0246833175125,Residential,30,12.0,0.6,Heavy,14.4,52,31.7,1.6,6.1,Rain,0,1
2026-01-02 17:45:00,40.751179682156575,-73.99894138261429,Residential,30,11.6,0.613,Heavy,26.6,68,19.5,0.0,12.5,Clear,0,1
2026-01-02 18:00:00,40.75625399667579,-74.01441338802552,Arterial,60,24.2,0.597,Heavy,24.2,59,22.3,0.0,11.6,Clear,0,1
2026-01-02 18:15:00,40.76689974928091,-74.01362903973332,Arterial,60,24.9,0.585,Heavy,11.3,30,33.1,0.0,12.3,Clear,0,1
2026-01-02 18:30:00,,,Highway,90,21.1,0.766,Heavy,8.9,98,20.0,10.8,1.1,Snow,0,1
2026-01-02 18:45:00,40.772026191709614,-74.01405806956316,Arterial,60,19.1,0.682,Heavy,9.8,77,32.9,4.8,7.9,Rain,0,1
2026-01-02 19:00:00,40.76482441402562,-74.01889118005244,Arterial,60,14.5,0.758,Heavy,9.0,70,27.0,5.4,1.5,Snow,0,1
2026-01-02 19:15:00,40.76669176915009,-74.02801270210546,City_Street,40,10.0,0.75,Heavy,21.4,91,2.3,10.7,2.4,Heavy Rain,0,1
2026-01-02 19:30:00,40.75924346385283,-74.00953791739262,Highway,90,25.7,0.714,Heavy,8.5,100,22.3,20.6,3.4,Heavy Rain,0,1
2026-01-02 19:45:00,,,Residential,30,12.7,0.577,Heavy,7.8,47,30.9,2.0,5.2,Rain,0,1
2026-01-02 20:00:00,40.77441760078528,-74.02540581392961,Residential,30,23.2,0.227,Low,22.0,46,7.9,0.0,8.0,Clear,0,0
2026-01-02 20:15:00,40.77114361236722,-74.02047842317039,Arterial,60,55.0,0.083,Low,31.1,55,21.1,0.0,8.5,Cloudy,0,0
2026-01-02 20:30:00,40.76155002691065,-74.02171621393063,Residential,30,30.0,0.0,Low,15.0,65,26.6,0.0,12.9,Cloudy,0,0
2026-01-02 20:45:00,40.762310801189464,-74.00505238038562,Highway,90,83.4,0.073,Low,16.4,32,9.3,0.0,8.6,Clear,0,0
2026-01-02 21:00:00,40.76767718107622,-74.01030237847492,City_Street,40,40.0,0.0,Low,19.7,94,24.6,0.0,9.2,Clear,0,0
2026-01-02 21:15:00,40.770965478767046,-74.03334535096604,Residential,30,29.7,0.01,Low,12.9,42,2.8,0.0,8.2,Clear,0,0
2026-01-02 21:30:00,40.76468595496099,-74.0167532121385,Highway,90,80.5,0.106,Low,17.9,67,17.2,0.0,10.6,Clear,0,0
2026-01-02 21:45:00,40.75177038490598,-74.04179364311763,Highway,90,87.5,0.028,Low,19.9,86,26.1,0.0,11.1,Clear,0,0
2026-01-02 22:00:00,40.75728458705164,-74.02206686911782,Arterial,60,32.5,0.458,Moderate,18.4,59,3.5,0.0,0.6,Fog,0,0
2026-01-02 22:15:00,40.763703939784136,-74.02154841710353,City_Street,40,35.9,0.103,Low,18.5,83,4.2,0.0,13.4,Clear,0,0
2026-01-02 22:30:00,40.76175608253987,-74.02417130486168,Residential,30,28.9,0.037,Low,25.4,49,9.8,0.0,8.6,Clear,0,0
2026-01-02 22:45:00,40.76111450158045,-74.01661045390823,City_Street,40,33.4,0.165,Low,12.2,52,34.4,0.0,13.1,Clear,0,0
2026-01-02 23:00:00,40.75372682586083,-74.01632852988295,City_Street,40,36.5,0.088,Low,17.0,84,24.6,0.0,8.6,Clear,0,0
2026-01-02 23:15:00,40.75790995082206,-74.02047200385933,Residential,30,30.0,0.0,Low,19.6,47,7.5,0.0,11.4,Cloudy,0,0
2026-01-02 23:30:00,40.75850819255805,-74.02329804375155,Residential,30,25.8,0.14,Low,15.8,75,5.7,0.0,13.5,Cloudy,0,0
2026-01-02 23:45:00,40.75478328313151,-74.02903034833724,City_Street,40,40.0,0.0,Low,20.6,84,31.0,0.0,9.4,Clear,0,0
2026-01-03 00:00:00,40.77244302540812,-74.02006853975188,Residential,30,29.4,0.02,Low,18.7,49,14.9,0.0,10.0,Cloudy,1,0
2026-01-03 00:15:00,40.7679159626617,-74.01953304935131,City_Street,40,32.2,0.195,Low,5.8,76,22.9,6.5,6.3,Rain,1,0
2026-01-03 00:30:00,40.73735397150693,-74.01553664521042,City_Street,40,36.1,0.097,Low,12.2,79,7.6,0.0,14.3,Clear,1,0
2026-01-03 00:45:00,40.754875926594124,-74.02863477812703,Residential,30,30.0,0.0,Low,19.0,42,4.8,0.0,12.3,Cloudy,1,0
2026-01-03 01:00:00,40.75218585376982,-74.01583350708762,Residential,30,30.0,0.0,Low,21.8,50,34.9,0.0,10.3,Cloudy,1,0
2026-01-03 01:15:00,40.76836762872209,-74.00471772853209,City_Street,40,21.9,0.453,Moderate,16.0,77,29.0,11.2,3.6,Heavy Rain,1,0
2026-01-03 01:30:00,40.760885570115335,-74.02003681918161,City_Street,40,31.8,0.205,Low,20.7,61,10.1,0.0,11.7,Clear,1,0
2026-01-03 01:45:00,40.756559211273704,-74.02928625562748,Arterial,60,51.6,0.14,Low,28.1,55,22.5,0.0,12.6,Clear,1,0
2026-01-03 02:00:00,40.761699519515844,-74.0237478104848,Highway,90,85.4,0.051,Low,17.6,64,2.1,0.0,10.2,Clear,1,0
2026-01-03 02:15:00,40.75483799421013,-74.02306682518376,Arterial,60,49.3,0.178,Low,26.9,75,12.1,0.0,11.6,Clear,1,0
2026-01-03 02:30:00,40.75381449756092,-74.01616044398132,City_Street,40,26.3,0.343,Moderate,23.4,51,31.7,0.0,0.3,Fog,1,0
2026-01-03 02:45:00,40.7630008766672,-74.01296266530413,Arterial,60,60.0,0.0,Low,25.5,58,14.6,0.0,11.8,Clear,1,0
2026-01-03 03:00:00,40.75437522565699,-74.02873999831709,Arterial,60,56.0,0.067,Low,22.7,73,34.4,0.0,13.9,Clear,1,0
2026-01-03 03:15:00,40.764277420460076,-74.03326767803007,Highway,90,41.5,0.539,Moderate,16.7,84,10.0,17.2,1.3,Heavy Rain,1,0
2026-01-03 03:30:00,40.76357506492537,-74.03391883596335,Residential,30,30.0,0.0,Low,23.3,82,30.9,0.0,8.5,Clear,1,0
2026-01-03 03:45:00,40.76391795692997,-74.02822072053617,Highway,90,90.0,0.0,Low,23.7,50,21.2,0.0,8.2,Clear,1,0
2026-01-03 04:00:00,40.77134212454234,-74.02349962433517,Arterial,60,60.0,0.0,Low,28.6,58,3.1,0.0,11.7,Clear,1,0
2026-01-03 04:15:00,40.757727382105074,-74.02280107689477,Arterial,60,60.0,0.0,Low,16.7,32,21.9,0.0,13.4,Clear,1,0
2026-01-03 04:30:00,40.76741782948064,-74.03341450103392,Highway,90,75.2,0.164,Low,18.2,52,34.0,0.0,13.5,Cloudy,1,0
2026-01-03 04:45:00,40.76753852326899,-74.026783491378,Residential,30,23.3,0.223,Low,19.5,57,17.6,0.0,10.5,Cloudy,1,0
2026-01-03 05:00:00,40.75396570224584,-74.04484283115255,Residential,30,27.7,0.077,Low,17.2,94,17.7,0.0,11.1,Cloudy,1,0
2026-01-03 05:15:00,40.75271021939028,-74.03854281812588,Highway,90,71.0,0.211,Low,10.6,61,15.1,0.0,14.5,Cloudy,1,0
2026-01-03 05:30:00,40.755973615352524,-74.0223031361859,Highway,90,78.3,0.13,Low,19.7,51,7.5,0.0,14.5,Cloudy,1,0
2026-01-03 05:45:00,40.761295733676434,-74.03481970991065,City_Street,40,30.6,0.235,Low,24.6,51,29.1,0.0,14.7,Cloudy,1,0
2026-01-03 06:00:00,40.7513532117656,-74.0291787190512,City_Street,40,28.7,0.282,Moderate,11.6,74,31.7,5.1,6.2,Rain,1,0
2026-01-03 06:15:00,40.75818464238352,-74.03554571875017,City_Street,40,40.0,0.0,Low,25.9,33,23.0,0.0,8.1,Cloudy,1,0
2026-01-03 06:30:00,40.75139515549846,-74.03714949328445,Highway,90,67.1,0.254,Moderate,21.4,77,24.9,7.8,7.3,Rain,1,0
2026-01-03 06:45:00,40.7749419236104,-74.03890455256649,City_Street,40,39.7,0.007,Low,10.2,70,23.5,0.0,13.1,Clear,1,0
2026-01-03 07:00:00,40.750857005443734,-74.02675620722412,Arterial,60,53.2,0.113,Low,21.3,75,14.7,0.0,9.6,Cloudy,1,0
2026-01-03 07:15:00,40.75185408338057,-74.02934135990142,Residential,30,26.0,0.133,Low,26.5,35,24.7,0.0,12.9,Cloudy,1,0
2026-01-03 07:30:00,40.75621851776034,-74.04446469101153,Residential,30,21.4,0.287,Moderate,14.2,75,2.2,4.6,5.5,Rain,1,0
2026-01-03 07:45:00,40.738856505579335,-74.04307133881488,City_Street,40,38.0,0.05,Low,13.8,51,17.0,0.0,14.9,Cloudy,1,0
2026-01-03 08:00:00,40.75223940789618,-74.03367258397289,Highway,90,80.7,0.103,Low,11.2,38,6.9,0.0,10.2,Clear,1,0
2026-01-03 08:15:00,40.75095618727706,-74.03557682173565,Arterial,60,48.4,0.193,Low,12.3,37,19.9,0.0,10.4,Cloudy,1,0
2026-01-03 08:30:00,40.741243348705,-74.03680950823457,Highway,90,70.0,0.222,Low,20.3,64,18.7,5.9,4.7,Rain,1,0
2026-01-03 08:45:00,40.7515566725014,-74.03422880595973,Highway,90,78.6,0.127,Low,19.1,43,18.1,0.0,12.4,Cloudy,1,0
2026-01-03 09:00:00,40.74352734528223,-74.0300763395825,Highway,90,74.5,0.172,Low,23.6,59,25.5,2.0,7.4,Rain,1,0
2026-01-03 09:15:00,40.75254361920418,-74.0247863553938,City_Street,40,40.0,0.0,Low,18.2,64,11.1,0.0,13.6,Clear,1,0
2026-01-03 09:30:00,40.74281034245171,-74.0390827952788,Residential,30,26.5,0.117,Low,19.6,31,20.6,0.0,11.7,Cloudy,1,0
2026-01-03 09:45:00,40.732664870191144,-74.01458299351044,City_Street,40,24.6,0.385,Moderate,14.7,100,20.9,22.1,3.3,Heavy Rain,1,0
2026-01-03 10:00:00,40.74122575007237,-74.04640820245311,Residential,30,23.2,0.227,Low,23.6,47,32.7,0.0,13.3,Clear,1,0
2026-01-03 10:15:00,40.74288619803075,-74.03716078272296,City_Street,40,30.7,0.233,Low,16.9,72,33.6,0.0,9.5,Clear,1,0
2026-01-03 10:30:00,40.74773341296332,-74.04362993942209,City_Street,40,31.7,0.208,Low,22.3,67,25.1,0.0,14.2,Clear,1,0
2026-01-03 10:45:00,40.74181173700396,-74.04132787670332,City_Street,40,40.0,0.0,Low,19.0,51,28.7,0.0,8.8,Clear,1,0
2026-01-03 11:00:00,40.75114544371034,-74.03514616429422,Arterial,60,40.4,0.327,Moderate,14.3,39,24.0,2.0,6.8,Rain,1,0
2026-01-03 11:15:00,40.75464724040717,-74.04687929490207,Arterial,60,56.3,0.062,Low,18.6,69,9.5,0.0,11.3,Clear,1,0
2026-01-03 11:30:00,40.75915365756656,-74.0460155134921,Highway,90,66.9,0.257,Moderate,14.3,89,23.0,6.7,6.2,Rain,1,0
2026-01-03 11:45:00,40.75368714207379,-74.03805452373874,Arterial,60,53.9,0.102,Low,14.2,60,11.0,0.0,13.4,Cloudy,1,0
2026-01-03 12:00:00,40.73885880190951,-74.03538263332689,Arterial,60,50.3,0.162,Low,22.8,50,21.6,0.0,13.0,Clear,1,0
2026-01-03 12:15:00,40.75280356578817,-74.05014260999526,Residential,30,24.5,0.183,Low,13.3,47,12.3,0.0,13.9,Clear,1,0
2026-01-03 12:30:00,40.7449302289322,-74.03840772708965,City_Street,40,23.7,0.407,Moderate,16.3,65,20.6,0.0,0.3,Fog,1,0
2026-01-03 12:45:00,40.7496299870286,-74.05039737035004,Highway,90,29.2,0.676,Heavy,9.7,82,23.3,3.1,2.5,Snow,1,0
2026-01-03 13:00:00,40.72567003569374,-74.04443213343693,Highway,90,74.8,0.169,Low,21.4,47,2.1,0.0,13.4,Cloudy,1,0
2026-01-03 13:15:00,40.754569209682316,-74.04707229854992,Highway,90,71.1,0.21,Low,18.1,91,9.1,0.0,14.2,Clear,1,0
2026-01-03 13:30:00,40.74351401961055,-74.04830024331325,Highway,90,59.1,0.343,Moderate,20.7,54,21.1,0.0,11.3,Clear,1,0
2026-01-03 13:45:00,40.73955876574905,-74.04644392608049,City_Street,40,28.5,0.287,Moderate,23.7,52,14.5,0.0,8.1,Cloudy,1,0
2026-01-03 14:00:00,40.744930611373185,-74.04479209826773,Arterial,60,31.8,0.47,Moderate,18.3,61,31.0,2.8,6.9,Rain,1,0
2026-01-03 14:15:00,40.733676173646444,-74.03684137329284,Arterial,60,40.3,0.328,Moderate,17.2,64,27.4,1.9,4.1,Rain,1,0
2026-01-03 14:30:00,40.740635968541525,-74.05635938433973,Arterial,60,45.9,0.235,Low,15.8,70,20.8,0.0,12.5,Clear,1,0
2026-01-03 14:45:00,40.74363963263559,-74.04594730740496,Highway,90,65.4,0.273,Moderate,20.9,63,17.1,0.0,13.5,Clear,1,0
2026-01-03 15:00:00,40.74429969180804,-74.04211735481725,Residential,30,25.8,0.14,Low,16.5,59,21.2,0.0,12.7,Cloudy,1,0
2026-01-03 15:15:00,40.74580533408222,-74.04652371895018,City_Street,40,32.5,0.188,Low,16.7,51,22.5,0.0,9.0,Clear,1,0
2026-01-03 15:30:00,40.748325403811165,-74.04673689374846,Highway,90,71.3,0.208,Low,26.2,46,4.0,0.0,11.8,Cloudy,1,0
2026-01-03 15:45:00,40.73400304265653,-74.03078636698821,Arterial,60,21.0,0.65,Heavy,7.0,76,4.5,7.0,2.2,Snow,1,0
2026-01-03 16:00:00,40.742521652331995,-74.03523272464832,Arterial,60,47.4,0.21,Low,25.4,62,31.6,0.0,11.4,Cloudy,1,0
2026-01-03 16:15:00,40.73641465565646,-74.04334359688414,Highway,90,58.9,0.346,Moderate,12.0,66,21.6,0.0,11.1,Clear,1,0
2026-01-03 16:30:00,40.74370787686143,-74.04224529854632,Arterial,60,49.8,0.17,Low,22.6,58,15.0,0.0,14.8,Cloudy,1,0
2026-01-03 16:45:00,40.73131031012712,-74.0419377304801,Arterial,60,38.4,0.36,Moderate,21.2,41,18.5,0.0,13.4,Cloudy,1,0
2026-01-03 17:00:00,40.73418189277471,-74.03868700695163,Arterial,60,35.8,0.403,Moderate,15.3,53,10.1,6.6,5.0,Rain,1,0
2026-01-03 17:15:00,40.73177597697485,-74.04638809237203,Residential,30,25.5,0.15,Low,13.3,35,32.3,0.0,13.3,Clear,1,0
2026-01-03 17:30:00,40.74397577943849,-74.06086952977716,City_Street,40,33.4,0.165,Low,10.8,84,31.8,0.0,13.9,Clear,1,0
2026-01-03 17:45:00,40.73739251488402,-74.05722981054777,Residential,30,22.1,0.263,Moderate,18.0,70,21.2,0.0,14.7,Clear,1,0
2026-01-03 18:00:00,40.72224560365602,-74.05593406176882,City_Street,40,32.4,0.19,Low,24.4,57,15.2,0.0,13.9,Clear,1,0
2026-01-03 18:15:00,40.7335143957091,-74.07785054892942,City_Street,40,26.1,0.347,Moderate,17.2,44,8.8,0.0,14.0,Cloudy,1,0
2026-01-03 18:30:00,40.74137684094305,-74.05323582112005,Residential,30,22.6,0.247,Low,24.5,71,29.2,0.0,10.5,Clear,1,0
2026-01-03 18:45:00,40.72128658281947,-74.04798507873167,Highway,90,68.0,0.244,Low,21.7,52,15.7,0.0,8.0,Clear,1,0
2026-01-03 19:00:00,40.728137367335506,-74.04560229149861,Highway,90,76.4,0.151,Low,25.0,57,8.3,0.0,8.4,Clear,1,0
2026-01-03 19:15:00,40.74435894266602,-74.04442321720865,City_Street,40,32.6,0.185,Low,14.7,42,29.0,0.0,13.0,Clear,1,0
2026-01-03 19:30:00,40.72315515639166,-74.05491737588032,Arterial,60,46.2,0.23,Low,18.2,44,26.9,0.0,10.9,Cloudy,1,0
2026-01-03 19:45:00,40.737063082800894,-74.0402022445744,Arterial,60,58.2,0.03,Low,23.3,37,25.6,0.0,10.1,Clear,1,0
2026-01-03 20:00:00,40.738965197931016,-74.04394081001776,Arterial,60,23.9,0.602,Heavy,9.0,64,28.5,3.8,0.7,Snow,1,0
2026-01-03 20:15:00,40.73813086789606,-74.04845154778252,Arterial,60,47.0,0.217,Low,12.2,50,30.3,3.3,7.9,Rain,1,0
2026-01-03 20:30:00,40.72666920928446,-74.03701259357358,Residential,30,23.1,0.23,Low,26.5,20,31.9,0.0,10.7,Clear,1,0
2026-01-03 20:45:00,40.719740059629174,-74.05507135253808,City_Street,40,32.7,0.182,Low,17.5,63,25.7,1.4,6.0,Rain,1,0
2026-01-03 21:00:00,40.732917264135146,-74.05056422376732,Highway,90,76.5,0.15,Low,24.8,51,4.3,0.0,11.5,Cloudy,1,0
2026-01-03 21:15:00,40.7406505442433,-74.05049750751456,City_Street,40,33.9,0.153,Low,18.2,62,11.5,0.0,11.8,Clear,1,0
2026-01-03 21:30:00,40.735898697745036,-74.05386556269728,City_Street,40,22.8,0.43,Moderate,7.8,96,13.0,14.0,1.3,Heavy Rain,1,0
2026-01-03 21:45:00,40.72877248793943,-74.0573275685856,City_Street,40,38.7,0.032,Low,25.6,81,15.8,0.0,9.4,Cloudy,1,0
2026-01-03 22:00:00,40.72933108799068,-74.05524916594882,Residential,30,27.7,0.077,Low,21.9,60,8.3,0.0,11.9,Clear,1,0
2026-01-03 22:15:00,40.72021140703135,-74.06656619808238,Highway,90,90.0,0.0,Low,11.3,58,23.7,0.0,10.0,Clear,1,0
2026-01-03 22:30:00,40.71911661013699,-74.05067748487616,City_Street,40,36.6,0.085,Low,28.8,50,5.0,0.0,11.2,Clear,1,0
2026-01-03 22:45:00,40.73461992175511,-74.06277843178704,Highway,90,90.0,0.0,Low,14.4,46,30.6,0.0,12.2,Cloudy,1,0
2026-01-03 23:00:00,40.744894729550865,-74.06156372782276,Arterial,60,36.5,0.392,Moderate,12.8,81,22.7,0.0,0.3,Fog,1,0
2026-01-03 23:15:00,40.72455695504442,-74.06687780378184,City_Street,40,31.7,0.208,Low,18.1,66,34.2,0.0,12.7,Clear,1,0
2026-01-03 23:30:00,40.720019382858865,-74.04465929325794,Arterial,60,53.0,0.117,Low,21.8,64,18.9,0.0,13.7,Clear,1,0
2026-01-03 23:45:00,40.740209973780125,-74.04311561054254,City_Street,40,38.6,0.035,Low,17.5,63,31.0,0.0,9.4,Clear,1,0
2026-01-04 00:00:00,,,City_Street,40,37.0,0.075,Low,18.8,70,9.1,0.0,11.0,Clear,1,0
2026-01-04 00:15:00,40.72851035359266,-74.05080560672054,Residential,30,20.2,0.327,Moderate,13.0,63,26.5,0.0,1.0,Fog,1,0
2026-01-04 00:30:00,40.732583010717995,-74.06057066641256,Arterial,60,59.8,0.003,Low,17.0,76,32.2,0.0,14.1,Clear,1,0
2026-01-04 00:45:00,40.7224294663603,-74.0430390182466,Arterial,60,60.0,0.0,Low,17.0,85,23.4,0.0,11.1,Clear,1,0
2026-01-04 01:00:00,40.7238106633373,-74.07639211345224,Residential,30,23.2,0.227,Low,22.0,40,17.5,0.0,10.9,Cloudy,1,0
2026-01-04 01:15:00,40.72531734770419,-74.05789394255014,Residential,30,24.5,0.183,Low,16.5,52,4.3,0.0,9.1,Cloudy,1,0
2026-01-04 01:30:00,40.72965997302406,-74.04732512829693,Highway,90,86.9,0.034,Low,19.5,71,10.4,0.0,11.9,Clear,1,0
2026-01-04 01:45:00,40.7261760608618,-74.0507069917709,Arterial,60,42.8,0.287,Moderate,19.4,64,18.7,0.0,0.7,Fog,1,0
2026-01-04 02:00:00,40.726932987300046,-74.0574716350498,Highway,90,65.7,0.27,Moderate,16.5,40,13.4,6.5,7.5,Rain,1,0
2026-01-04 02:15:00,40.7377899399662,-74.0643128108905,Arterial,60,48.6,0.19,Low,22.8,46,5.9,0.0,9.6,Cloudy,1,0
2026-01-04 02:30:00,40.72163221828497,-74.04638271507626,Residential,30,30.0,0.0,Low,9.7,68,26.2,0.0,10.9,Clear,1,0
2026-01-04 02:45:00,40.71411338536063,-74.0577297350929,Arterial,60,49.7,0.172,Low,12.9,68,14.9,0.0,8.4,Cloudy,1,0
2026-01-04 03:00:00,40.7234455185497,-74.0430512293142,City_Street,40,38.7,0.032,Low,22.7,65,15.6,0.0,12.8,Clear,1,0
2026-01-04 03:15:00,40.69827467769537,-74.05554070464467,Highway,90,77.0,0.144,Low,14.9,61,5.9,0.0,12.2,Cloudy,1,0
2026-01-04 03:30:00,40.71894603796532,-74.0524483922213,Residential,30,24.5,0.183,Low,20.5,85,22.2,7.6,7.1,Rain,1,0
2026-01-04 03:45:00,40.73933440416258,-74.06458473613712,City_Street,40,39.7,0.007,Low,21.4,86,29.1,0.0,13.9,Cloudy,1,0
2026-01-04 04:00:00,40.714769473847,-74.06112998334918,City_Street,40,35.0,0.125,Low,18.2,78,2.4,0.0,11.4,Cloudy,1,0
2026-01-04 04:15:00,40.71516761456826,-74.04826484707637,Highway,90,39.7,0.559,Heavy,16.0,57,28.5,2.7,1.4,Snow,1,0
2026-01-04 04:30:00,40.710868665147316,-74.05658255756008,Residential,30,25.8,0.14,Low,15.6,81,3.5,0.0,10.6,Cloudy,1,0
2026-01-04 04:45:00,,,Residential,30,24.0,0.2,Low,16.3,85,21.3,1.5,7.1,Rain,1,0
2026-01-04 05:00:00,40.72658459572307,-74.06494239044156,Highway,90,77.3,0.141,Low,23.3,46,23.9,0.0,10.7,Clear,1,0
2026-01-04 05:15:00,40.71822650945373,-74.05418949042657,Arterial,60,48.4,0.193,Low,23.9,64,22.9,0.0,12.1,Cloudy,1,0
2026-01-04 05:30:00,40.72800330168881,-74.0612013894923,Arterial,60,57.6,0.04,Low,21.9,41,30.7,0.0,14.0,Cloudy,1,0
2026-01-04 05:45:00,40.70711732048065,-74.04382077829219,City_Street,40,40.0,0.0,Low,16.7,72,10.7,0.0,12.8,Cloudy,1,0
2026-01-04 06:00:00,40.715159267632494,-74.06823816889111,Arterial,60,58.5,0.025,Low,24.5,40,4.1,0.0,13.8,Cloudy,1,0
2026-01-04 06:15:00,40.71908064756758,-74.04992026854057,City_Street,40,33.4,0.165,Low,15.3,81,3.0,0.0,11.0,Clear,1,0
2026-01-04 06:30:00,40.72036276907621,-74.0576326829625,Arterial,60,54.2,0.097,Low,21.9,67,8.6,0.0,11.0,Cloudy,1,0
2026-01-04 06:45:00,40.71506010186432,-74.05346898526611,City_Street,40,33.2,0.17,Low,23.8,69,34.9,0.0,14.0,Cloudy,1,0
2026-01-04 07:00:00,40.70326798000909,-74.06526956505594,City_Street,40,18.5,0.537,Moderate,13.5,92,12.3,8.2,1.2,Heavy Rain,1,0
2026-01-04 07:15:00,40.716356383628266,-74.04534836036711,City_Street,40,39.9,0.003,Low,21.9,76,22.6,0.0,11.9,Clear,1,0
2026-01-04 07:30:00,40.70555327750887,-74.05731633583258,Arterial,60,42.7,0.288,Moderate,10.8,76,30.7,5.0,6.3,Rain,1,0
2026-01-04 07:45:00,40.71332177217551,-74.07274164172007,Arterial,60,28.4,0.527,Moderate,18.1,89,17.0,7.9,0.6,Snow,1,0
2026-01-04 08:00:00,40.71149772975683,-74.05069562905979,City_Street,40,32.8,0.18,Low,28.0,65,15.7,0.0,13.7,Cloudy,1,0
2026-01-04 08:15:00,40.725278788587545,-74.06013082367083,Arterial,60,60.0,0.0,Low,27.8,72,28.5,0.0,13.9,Clear,1,0
2026-01-04 08:30:00,40.712392945977264,-74.05477060318634,City_Street,40,31.6,0.21,Low,22.2,75,26.4,0.0,8.5,Cloudy,1,0
2026-01-04 08:45:00,40.70192590537911,-74.05699677235522,City_Street,40,19.6,0.51,Moderate,16.7,95,31.2,11.6,3.6,Heavy Rain,1,0
2026-01-04 09:00:00,40.70987023412774,-74.0542111097756,Highway,90,90.0,0.0,Low,23.4,44,22.4,0.0,12.2,Clear,1,0
2026-01-04 09:15:00,40.705930875296275,-74.05958351391605,Highway,90,35.3,0.608,Heavy,16.7,87,14.7,11.4,0.7,Snow,1,0
2026-01-04 09:30:00,40.70612523796286,-74.06582825971189,Residential,30,17.0,0.433,Moderate,19.4,48,34.5,0.0,0.9,Fog,1,0
2026-01-04 09:45:00,40.69277955565804,-74.05929088040769,Residential,30,25.8,0.14,Low,14.9,48,10.5,0.0,8.9,Clear,1,0
2026-01-04 10:00:00,40.71271026034861,-74.04351727825318,Highway,90,73.1,0.188,Low,16.5,75,2.1,0.0,10.2,Cloudy,1,0
2026-01-04 10:15:00,40.70476204331541,-74.06211483980513,City_Street,40,31.0,0.225,Low,14.4,58,21.0,4.2,6.9,Rain,1,0
2026-01-04 10:30:00,40.696280111292296,-74.05066087362322,Residential,30,27.2,0.093,Low,27.6,65,2.5,0.0,14.6,Clear,1,0
2026-01-04 10:45:00,40.70400014239317,-74.04165980415402,Highway,90,71.6,0.204,Low,19.8,62,17.0,3.8,5.3,Rain,1,0
2026-01-04 11:00:00,40.704270336719674,-74.04444896988811,Arterial,60,57.9,0.035,Low,18.7,75,32.8,0.0,14.8,Cloudy,1,0
2026-01-04 11:15:00,40.70516947133296,-74.06389360903798,City_Street,40,40.0,0.0,Low,17.0,51,11.4,0.0,13.8,Clear,1,0
2026-01-04 11:30:00,40.68659398099389,-74.04756076662642,Residential,30,30.0,0.0,Low,26.2,46,13.1,0.0,12.0,Clear,1,0
2026-01-04 11:45:00,40.69699577346204,-74.06033271766019,City_Street,40,32.2,0.195,Low,21.5,65,26.8,0.0,12.4,Clear,1,0
2026-01-04 12:00:00,40.69091028339989,-74.05281297511068,Highway,90,57.5,0.361,Moderate,23.5,62,21.5,0.0,13.5,Clear,1,0
2026-01-04 12:15:00,40.69662375248845,-74.05103991977151,Residential,30,19.3,0.357,Moderate,17.4,80,7.6,0.0,13.8,Clear,1,0
2026-01-04 12:30:00,40.70204358871749,-74.05784558340692,Highway,90,63.0,0.3,Moderate,27.7,57,22.7,0.0,8.9,Cloudy,1,0
2026-01-04 12:45:00,40.71010407941926,-74.05621449636712,Highway,90,59.6,0.338,Moderate,12.2,55,25.9,0.0,8.3,Clear,1,0
2026-01-04 13:00:00,40.70707151748764,-74.04189190505426,Highway,90,74.7,0.17,Low,29.6,72,20.4,0.0,9.5,Clear,1,0
2026-01-04 13:15:00,40.69813568114242,-74.04886048579405,Residential,30,21.5,0.283,Moderate,20.5,79,9.7,0.0,13.4,Clear,1,0
2026-01-04 13:30:00,40.68919527565192,-74.0621001565504,Highway,90,69.9,0.223,Low,28.5,76,11.8,0.0,9.3,Cloudy,1,0
2026-01-04 13:45:00,40.70122944754741,-74.04966769733228,Highway,90,63.7,0.292,Moderate,25.0,75,34.7,0.0,12.4,Clear,1,0
2026-01-04 14:00:00,40.694672084340645,-74.06035404167419,City_Street,40,29.6,0.26,Moderate,20.1,63,33.0,0.0,14.9,Clear,1,0
2026-01-04 14:15:00,40.70021538059035,-74.06282244184824,Arterial,60,24.2,0.597,Heavy,15.4,24,23.8,4.5,1.7,Snow,1,0
2026-01-04 14:30:00,40.690779153523124,-74.05796406199545,Residential,30,24.9,0.17,Low,25.5,58,25.7,0.0,9.7,Clear,1,0
2026-01-04 14:45:00,40.70575816616134,-74.06217820968745,Arterial,60,39.9,0.335,Moderate,17.4,44,29.4,0.0,11.0,Clear,1,0
2026-01-04 15:00:00,40.68795918842978,-74.05346935545661,Arterial,60,30.5,0.492,Moderate,22.1,50,21.3,0.0,1.0,Fog,1,0
2026-01-04 15:15:00,40.69351140765363,-74.04727458272691,Arterial,60,42.7,0.288,Moderate,29.5,72,15.2,0.0,14.3,Cloudy,1,0
2026-01-04 15:30:00,40.69381456370436,-74.05527538994161,Highway,90,62.0,0.311,Moderate,19.0,50,21.3,0.0,8.6,Clear,1,0
2026-01-04 15:45:00,40.70692464746843,-74.04782815798852,City_Street,40,28.2,0.295,Moderate,15.2,61,20.7,0.0,9.2,Cloudy,1,0
2026-01-04 16:00:00,40.69065053712486,-74.06466859749284,Highway,90,57.9,0.357,Moderate,16.5,71,5.8,0.0,9.0,Clear,1,0
2026-01-04 16:15:00,40.68169992576959,-74.0541469899956,Highway,90,67.0,0.256,Moderate,10.7,75,29.1,0.0,13.8,Clear,1,0
2026-01-04 16:30:00,40.68949532025638,-74.04872305771924,Highway,90,68.8,0.236,Low,21.4,55,32.1,0.0,10.5,Cloudy,1,0
2026-01-04 16:45:00,40.70254468563361,-74.05559301619499,Arterial,60,50.9,0.152,Low,10.7,54,5.9,0.0,14.5,Clear,1,0
2026-01-04 17:00:00,40.707178111939655,-74.06313711925819,Highway,90,76.2,0.153,Low,23.8,41,13.0,0.0,12.3,Clear,1,0
2026-01-04 17:15:00,40.69095046268938,-74.05713391099856,Arterial,60,45.7,0.238,Low,20.9,67,13.7,0.0,8.5,Cloudy,1,0
2026-01-04 17:30:00,40.68648048992804,-74.06613320336484,Residential,30,10.3,0.657,Heavy,23.0,69,11.2,7.3,1.8,Snow,1,0
2026-01-04 17:45:00,40.68810710250929,-74.05385385539363,Arterial,60,41.4,0.31,Moderate,14.0,55,20.4,0.0,14.2,Clear,1,0
2026-01-04 18:00:00,40.697826374613854,-74.05481160740815,Residential,30,21.3,0.29,Moderate,12.4,45,5.0,0.0,10.0,Cloudy,1,0
2026-01-04 18:15:00,40.68436244842774,-74.0360699270249,Arterial,60,35.6,0.407,Moderate,16.2,65,16.2,4.7,7.4,Rain,1,0
2026-01-04 18:30:00,40.66703382192214,-74.05022251848553,City_Street,40,30.5,0.238,Low,22.5,55,31.2,0.0,9.5,Cloudy,1,0
2026-01-04 18:45:00,40.68858332822003,-74.04679718438706,Arterial,60,48.8,0.187,Low,25.2,68,15.2,0.0,14.6,Clear,1,0
2026-01-04 19:00:00,40.700780391621336,-74.05185083797927,City_Street,40,31.3,0.218,Low,8.3,39,8.5,0.0,10.1,Clear,1,0
2026-01-04 19:15:00,40.682740492622976,-74.05790465708824,Highway,90,90.0,0.0,Low,18.4,54,27.0,0.0,10.9,Clear,1,0
2026-01-04 19:30:00,40.67943190429914,-74.03916928270199,Highway,90,89.0,0.011,Low,17.7,45,9.8,0.0,8.5,Clear,1,0
2026-01-04 19:45:00,40.691521733930614,-74.0520447908075,Arterial,60,46.1,0.232,Low,10.5,79,21.2,0.0,8.2,Clear,1,0
2026-01-04 20:00:00,40.67836903206764,-74.05542300114266,Residential,30,27.5,0.083,Low,19.4,60,19.7,0.0,8.4,Clear,1,0
2026-01-04 20:15:00,40.684799563371136,-74.04242723262915,Residential,30,24.8,0.173,Low,26.1,55,9.4,0.0,13.6,Clear,1,0
2026-01-04 20:30:00,40.67477343754658,-74.04154635546104,Highway,90,80.6,0.104,Low,24.2,65,26.0,0.0,13.3,Clear,1,0
2026-01-04 20:45:00,40.67598606147972,-74.04726269992327,City_Street,40,28.7,0.282,Moderate,12.0,70,13.9,2.0,5.1,Rain,1,0
2026-01-04 21:00:00,40.688555910700785,-74.05096991371816,Residential,30,25.7,0.143,Low,16.9,71,13.4,0.0,14.8,Clear,1,0
2026-01-04 21:15:00,40.67703041798862,-74.05361076766116,City_Street,40,34.9,0.128,Low,24.9,67,29.2,0.0,12.7,Clear,1,0
2026-01-04 21:30:00,40.68837624959687,-74.03066153535192,Residential,30,25.8,0.14,Low,21.2,20,7.6,0.0,8.8,Clear,1,0
2026-01-04 21:45:00,40.69264426651811,-74.04523798131038,City_Street,40,36.7,0.082,Low,13.4,86,12.9,0.0,11.0,Cloudy,1,0
2026-01-04 22:00:00,40.682844450422294,-74.04644564342317,Residential,30,26.9,0.103,Low,22.8,96,17.5,0.0,9.8,Clear,1,0
2026-01-04 22:15:00,40.675788613785166,-74.05186420043917,Residential,30,27.8,0.073,Low,24.5,66,24.3,0.0,10.3,Clear,1,0
2026-01-04 22:30:00,40.68847351818095,-74.04659587218039,Arterial,60,47.9,0.202,Low,13.7,71,9.0,0.0,12.6,Cloudy,1,0
2026-01-04 22:45:00,40.680314763255936,-74.06277126239974,Arterial,60,46.4,0.227,Low,18.4,59,10.5,0.0,8.6,Clear,1,0
2026-01-04 23:00:00,40.687722344947105,-74.03669528332198,Residential,30,27.7,0.077,Low,25.8,67,28.6,0.0,10.8,Cloudy,1,0
2026-01-04 23:15:00,40.68191315239551,-74.0222932599009,Residential,30,24.1,0.197,Low,11.7,75,15.4,0.0,14.4,Clear,1,0
2026-01-04 23:30:00,40.66868516062368,-74.03793524374312,Residential,30,30.0,0.0,Low,12.3,67,4.7,0.0,13.3,Cloudy,1,0
2026-01-04 23:45:00,,,Highway,90,58.3,0.352,Moderate,20.8,50,6.4,4.8,5.4,Rain,1,0
2026-01-05 00:00:00,40.67998291392828,-74.06979585343005,Highway,90,46.0,0.489,Moderate,8.3,100,2.4,13.1,3.7,Heavy Rain,0,0
2026-01-05 00:15:00,40.689630332820315,-74.0428955809789,Residential,30,27.9,0.07,Low,15.7,60,14.5,0.0,11.8,Cloudy,0,0
2026-01-05 00:30:00,40.67556865246807,-74.0544094016047,Residential,30,30.0,0.0,Low,19.7,64,4.2,0.0,8.6,Clear,0,0
2026-01-05 00:45:00,40.67502033076614,-74.03519461436497,City_Street,40,37.4,0.065,Low,26.0,77,6.4,0.0,10.2,Clear,0,0
2026-01-05 01:00:00,40.672831320355684,-74.04021216910688,City_Street,40,39.0,0.025,Low,18.4,79,5.1,0.0,15.0,Clear,0,0
2026-01-05 01:15:00,40.69546474794086,-74.05075675368809,Highway,90,70.9,0.212,Low,19.7,45,19.9,0.0,12.1,Clear,0,0
2026-01-05 01:30:00,40.67240607582451,-74.0426546976709,City_Street,40,37.1,0.073,Low,20.2,71,15.2,0.0,9.9,Clear,0,0
2026-01-05 01:45:00,40.68474108109386,-74.04004028795664,Highway,90,73.5,0.183,Low,16.0,80,17.4,0.0,12.5,Cloudy,0,0
2026-01-05 02:00:00,40.67209813990084,-74.03230196952718,Arterial,60,50.8,0.153,Low,21.6,62,29.5,0.0,14.8,Cloudy,0,0
2026-01-05 02:15:00,40.66962078708393,-74.0282210400216,Residential,30,27.7,0.077,Low,23.4,57,6.0,0.0,9.8,Cloudy,0,0
2026-01-05 02:30:00,40.68552118641352,-74.04506430141302,City_Street,40,40.0,0.0,Low,15.1,59,33.1,0.0,8.8,Clear,0,0
2026-01-05 02:45:00,40.6749339554012,-74.03285290143256,Arterial,60,60.0,0.0,Low,30.0,48,28.9,0.0,8.4,Cloudy,0,0
2026-01-05 03:00:00,40.67392289587031,-74.0430324886962,Arterial,60,48.5,0.192,Low,15.0,60,11.8,0.0,14.1,Clear,0,0
2026-01-05 03:15:00,40.680004944809426,-74.04562868625402,Residential,30,25.7,0.143,Low,30.8,77,21.0,0.0,14.1,Clear,0,0
2026-01-05 03:30:00,40.677801169659354,-74.05431063329144,City_Street,40,40.0,0.0,Low,18.7,55,20.4,0.0,14.2,Cloudy,0,0
2026-01-05 03:45:00,40.66923799619148,-74.0376785403543,City_Street,40,32.4,0.19,Low,21.0,67,22.8,1.6,5.9,Rain,0,0
2026-01-05 04:00:00,40.667238014427575,-74.04357233623674,Arterial,60,52.7,0.122,Low,27.7,36,17.5,0.0,13.6,Clear,0,0
2026-01-05 04:15:00,40.676129047300435,-74.03452084755814,Arterial,60,42.7,0.288,Moderate,12.1,76,23.3,1.9,5.8,Rain,0,0
2026-01-05 04:30:00,40.67254995372846,-74.04003581040901,Arterial,60,38.5,0.358,Moderate,13.7,44,18.6,2.4,5.1,Rain,0,0
2026-01-05 04:45:00,40.67755017026391,-74.02872185803275,Arterial,60,49.5,0.175,Low,22.6,58,22.0,0.0,11.8,Cloudy,0,0
2026-01-05 05:00:00,40.67041027172942,-74.03729087421519,City_Street,40,30.6,0.235,Low,11.6,87,14.3,6.8,6.2,Rain,0,0
2026-01-05 05:15:00,40.67027213794742,-74.04005904415132,City_Street,40,34.7,0.132,Low,19.4,51,17.9,0.0,11.6,Clear,0,0
2026-01-05 05:30:00,,,City_Street,40,33.4,0.165,Low,25.3,100,8.7,0.0,15.0,Clear,0,0
2026-01-05 05:45:00,40.6895960457157,-74.03118431976745,Highway,90,50.4,0.44,Moderate,17.6,72,7.6,0.0,0.3,Fog,0,0
2026-01-05 06:00:00,40.678749037201605,-74.02662346652912,Arterial,60,47.4,0.21,Low,25.5,73,32.6,0.0,8.3,Clear,0,0
2026-01-05 06:15:00,40.68140432005214,-74.02405809683727,Residential,30,23.7,0.21,Low,18.2,59,7.8,0.0,10.3,Cloudy,0,0
2026-01-05 06:30:00,40.672304692829364,-74.03081456932172,City_Street,40,32.8,0.18,Low,13.6,59,22.4,0.0,8.4,Clear,0,0
2026-01-05 06:45:00,40.66036877256837,-74.01317033421886,Arterial,60,49.8,0.17,Low,15.5,40,34.8,0.0,13.5,Clear,0,0
2026-01-05 07:00:00,40.68977570865506,-74.03534742738871,Arterial,60,27.2,0.547,Moderate,17.0,72,14.3,0.0,13.1,Cloudy,0,1
2026-01-05 07:15:00,40.66467799116722,-74.03010588169244,Residential,30,14.2,0.527,Moderate,22.5,22,6.5,0.0,15.0,Cloudy,0,1
2026-01-05 07:30:00,40.67483805684136,-74.02003743382915,Residential,30,14.3,0.523,Moderate,11.2,43,26.1,0.0,10.1,Clear,0,1
2026-01-05 07:45:00,40.67964241427611,-74.04652078999669,Residential,30,14.5,0.517,Moderate,32.8,39,8.9,0.0,12.0,Clear,0,1
2026-01-05 08:00:00,40.66876843200924,-74.04559452121514,Residential,30,13.6,0.547,Moderate,25.9,47,8.5,0.0,10.9,Cloudy,0,1
2026-01-05 08:15:00,40.66108345929565,-74.0320957832184,Highway,90,40.5,0.55,Heavy,21.7,97,2.2,0.0,10.0,Clear,0,1
2026-01-05 08:30:00,40.667202627834875,-74.0329653674783,Highway,90,43.1,0.521,Moderate,21.0,44,3.0,0.0,8.4,Clear,0,1
2026-01-05 08:45:00,40.67410386848897,-74.05103427605953,Residential,30,13.2,0.56,Heavy,24.7,62,28.7,0.0,12.2,Clear,0,1
2026-01-05 09:00:00,40.66097569616796,-74.037408120499,Residential,30,13.9,0.537,Moderate,22.6,51,16.4,0.0,10.7,Clear,0,1
2026-01-05 09:15:00,40.68434120399257,-74.03985919495852,Highway,90,39.3,0.563,Heavy,20.4,40,11.3,0.0,9.5,Clear,0,1
2026-01-05 09:30:00,40.65602812044526,-74.01779575061808,Highway,90,43.0,0.522,Moderate,14.9,46,20.4,0.0,10.3,Clear,0,1
2026-01-05 09:45:00,40.68373188093699,-74.02316223599769,Highway,90,31.7,0.648,Heavy,23.2,54,9.6,0.0,0.3,Fog,0,1
2026-01-05 10:00:00,40.653769943282875,-74.0372196312314,Highway,90,88.4,0.018,Low,30.1,62,22.5,0.0,14.5,Clear,0,0
2026-01-05 10:15:00,40.66661778580844,-74.02513781624693,Highway,90,60.6,0.327,Moderate,10.1,66,21.0,5.6,6.9,Rain,0,0
2026-01-05 10:30:00,40.65987551582223,-74.03085548468893,Arterial,60,60.0,0.0,Low,13.8,84,19.3,0.0,8.0,Clear,0,0
2026-01-05 10:45:00,40.665725664034795,-74.0214514983935,Residential,30,14.1,0.53,Moderate,13.3,100,13.2,24.3,2.1,Heavy Rain,0,0
2026-01-05 11:00:00,40.67381628482954,-74.03172796273392,City_Street,40,39.1,0.022,Low,34.6,46,30.8,0.0,14.5,Cloudy,0,0
2026-01-05 11:15:00,40.670752580267,-74.03310226141053,Residential,30,23.9,0.203,Low,20.0,28,18.8,0.0,12.5,Cloudy,0,0
2026-01-05 11:30:00,40.66687686743001,-74.02708093964152,Arterial,60,60.0,0.0,Low,18.0,70,28.5,0.0,13.5,Cloudy,0,0
2026-01-05 11:45:00,40.673557806111305,-74.01637112415443,Highway,90,53.5,0.406,Moderate,14.0,100,7.6,22.4,2.2,Heavy Rain,0,0
2026-01-05 12:00:00,40.656814516850076,-74.01156375179205,Highway,90,90.0,0.0,Low,27.3,58,32.8,0.0,14.9,Clear,0,0
2026-01-05 12:15:00,40.670195614193624,-74.01715828018732,City_Street,40,40.0,0.0,Low,21.8,69,15.5,0.0,8.8,Clear,0,0
2026-01-05 12:30:00,40.66459623286643,-74.0288505460401,City_Street,40,40.0,0.0,Low,24.8,81,6.4,0.0,14.0,Clear,0,0
2026-01-05 12:45:00,40.669439906014226,-74.02340987686648,Highway,90,81.1,0.099,Low,21.4,28,31.0,0.0,11.1,Clear,0,0
2026-01-05 13:00:00,40.660503853740494,-74.02429101055404,Highway,90,78.8,0.124,Low,25.4,57,17.4,0.0,11.7,Cloudy,0,0
2026-01-05 13:15:00,40.66978405706595,-74.02666524344882,Arterial,60,51.1,0.148,Low,11.7,55,18.9,0.0,13.3,Clear,0,0
2026-01-05 13:30:00,40.672405671575206,-74.02605962092761,Arterial,60,47.6,0.207,Low,25.6,30,30.4,0.0,11.4,Clear,0,0
2026-01-05 13:45:00,40.65965849374886,-74.01767142904,City_Street,40,36.1,0.097,Low,21.6,62,5.9,0.0,11.0,Clear,0,0
2026-01-05 14:00:00,40.66624023546049,-74.02315201287071,Arterial,60,58.1,0.032,Low,21.4,62,9.7,0.0,8.8,Clear,0,0
2026-01-05 14:15:00,40.664216708351546,-74.0245204219475,Residential,30,30.0,0.0,Low,29.5,50,30.4,0.0,11.6,Clear,0,0
2026-01-05 14:30:00,40.665220589024834,-74.02440943423723,City_Street,40,28.6,0.285,Moderate,18.2,37,31.3,2.9,7.1,Rain,0,0
2026-01-05 14:45:00,40.66708766477795,-74.02443407621348,Arterial,60,59.3,0.012,Low,12.9,52,13.1,0.0,13.7,Clear,0,0
2026-01-05 15:00:00,40.66556823744784,-74.02838289339547,Arterial,60,57.8,0.037,Low,15.5,29,28.7,0.0,14.8,Clear,0,0
2026-01-05 15:15:00,40.663308783286794,-74.02158299484498,Arterial,60,47.9,0.202,Low,22.3,51,23.0,0.0,8.9,Clear,0,0
2026-01-05 15:30:00,40.67806269478028,-74.01983567561696,Residential,30,27.0,0.1,Low,12.6,58,29.6,0.0,8.8,Clear,0,0
2026-01-05 15:45:00,40.65914778867685,-74.02512823955941,Highway,90,72.9,0.19,Low,24.7,26,24.8,0.0,9.1,Clear,0,0
2026-01-05 16:00:00,40.67417855910225,-74.01912150700905,Highway,90,74.2,0.176,Low,16.0,65,28.2,0.0,10.8,Clear,0,0
2026-01-05 16:15:00,40.66096879654786,-74.01801785146942,Highway,90,87.7,0.026,Low,18.0,64,14.6,0.0,14.9,Clear,0,0
2026-01-05 16:30:00,40.66891509365151,-74.00613583675289,Arterial,60,60.0,0.0,Low,28.3,63,25.0,0.0,13.8,Cloudy,0,0
2026-01-05 16:45:00,40.65382538015411,-74.02491437040999,Highway,90,72.1,0.199,Low,21.5,43,14.6,0.0,13.7,Clear,0,0
2026-01-05 17:00:00,40.664301395433355,-74.01384387037386,Arterial,60,17.2,0.713,Heavy,23.8,97,25.5,0.0,1.2,Fog,0,1
2026-01-05 17:15:00,40.6594320413661,-74.0111197333985,City_Street,40,9.4,0.765,Heavy,21.5,60,12.4,8.4,3.1,Heavy Rain,0,1
2026-01-05 17:30:00,40.6579264376209,-74.01647506978483,Highway,90,39.3,0.563,Heavy,21.1,38,30.0,0.0,9.6,Cloudy,0,1
2026-01-05 17:45:00,40.66048294401661,-74.01991150379112,Residential,30,13.6,0.547,Moderate,21.6,84,20.3,0.0,14.2,Clear,0,1
2026-01-05 18:00:00,40.65595892258015,-74.00503575726434,Arterial,60,23.4,0.61,Heavy,20.0,57,21.1,0.0,12.1,Clear,0,1
2026-01-05 18:15:00,40.66138338384686,-74.02645435737257,Highway,90,33.1,0.632,Heavy,14.3,78,16.7,3.4,7.8,Rain,0,1
2026-01-05 18:30:00,40.664084430631775,-74.00600279094247,Arterial,60,30.9,0.485,Moderate,25.6,45,29.5,0.0,13.6,Clear,0,1
2026-01-05 18:45:00,40.664451191509265,-74.00753291608711,Residential,30,10.9,0.637,Heavy,13.3,79,24.2,1.4,5.6,Rain,0,1
2026-01-05 19:00:00,40.68118606679359,-74.01703408020687,Highway,90,34.8,0.613,Heavy,18.3,56,18.0,0.0,12.2,Cloudy,0,1
2026-01-05 19:15:00,40.655988590856715,-74.03181784180431,Residential,30,12.3,0.59,Heavy,14.9,72,6.1,0.0,11.1,Cloudy,0,1
2026-01-05 19:30:00,40.651949761744355,-74.02006010771254,Residential,30,14.3,0.523,Moderate,23.3,66,18.2,0.0,14.6,Clear,0,1
2026-01-05 19:45:00,40.663450290588806,-74.00700829412573,Residential,30,13.1,0.563,Heavy,18.3,48,21.7,0.0,13.7,Cloudy,0,1
2026-01-05 20:00:00,40.679829714021416,-73.99844084124781,City_Street,40,23.2,0.42,Moderate,13.8,89,29.3,19.6,1.8,Heavy Rain,0,0
2026-01-05 20:15:00,40.6803700519291,-74.00455336806351,Highway,90,85.1,0.054,Low,19.5,56,30.3,0.0,11.9,Clear,0,0
2026-01-05 20:30:00,40.654175598024,-74.01578717118555,City_Street,40,39.2,0.02,Low,20.4,46,5.3,0.0,13.8,Clear,0,0
2026-01-05 20:45:00,40.682724673544335,-73.9980978886059,City_Street,40,40.0,0.0,Low,27.3,37,26.0,0.0,14.8,Clear,0,0
2026-01-05 21:00:00,40.65615171926631,-74.00295162206,Highway,90,88.6,0.016,Low,12.1,50,26.0,0.0,9.0,Cloudy,0,0
2026-01-05 21:15:00,40.6782000974962,-74.01331627525802,Residential,30,27.0,0.1,Low,10.1,71,32.4,0.0,14.5,Clear,0,0
2026-01-05 21:30:00,40.66892743102925,-74.00252940694483,Highway,90,85.2,0.053,Low,20.7,52,12.7,0.0,8.4,Clear,0,0
2026-01-05 21:45:00,40.681926271998755,-74.00310271215568,Highway,90,74.7,0.17,Low,16.2,58,29.6,0.0,8.7,Cloudy,0,0
2026-01-05 22:00:00,40.66854379614449,-74.00990282771195,City_Street,40,19.2,0.52,Moderate,22.2,69,14.6,6.0,1.6,Snow,0,0
2026-01-05 22:15:00,40.67222811129806,-74.0068201235593,City_Street,40,34.2,0.145,Low,19.7,51,20.8,0.0,12.0,Clear,0,0
2026-01-05 22:30:00,40.66995705572532,-74.00244525894622,Residential,30,29.8,0.007,Low,23.5,100,19.1,0.0,10.0,Clear,0,0
2026-01-05 22:45:00,40.65362613065881,-74.02683252163149,Arterial,60,60.0,0.0,Low,22.6,56,18.0,0.0,8.4,Clear,0,0
2026-01-05 23:00:00,40.65434749251164,-74.0091762113,Highway,90,89.8,0.002,Low,21.8,63,19.6,0.0,13.2,Clear,0,0
2026-01-05 23:15:00,40.66476549648367,-74.0074418669426,Residential,30,30.0,0.0,Low,21.1,44,15.4,0.0,13.4,Cloudy,0,0
2026-01-05 23:30:00,40.667818711128085,-74.00951326106615,Highway,90,76.1,0.154,Low,19.6,78,15.3,0.0,12.7,Clear,0,0
2026-01-05 23:45:00,40.667526561412814,-74.00776117106165,City_Street,40,32.2,0.195,Low,17.8,61,17.5,0.0,10.3,Clear,0,0
2026-01-06 00:00:00,40.659817063792254,-73.99787505255351,City_Street,40,33.9,0.153,Low,17.1,74,14.6,0.0,8.1,Clear,0,0
2026-01-06 00:15:00,40.66367606092674,-74.00800106070734,Highway,90,90.0,0.0,Low,19.1,62,26.8,0.0,14.5,Clear,0,0
2026-01-06 00:30:00,40.67856667385785,-74.00922427067931,Residential,30,30.0,0.0,Low,15.7,35,8.7,0.0,9.7,Cloudy,0,0
2026-01-06 00:45:00,40.67395399350901,-73.99304346711253,City_Street,40,40.0,0.0,Low,18.5,80,8.0,0.0,14.1,Clear,0,0
2026-01-06 01:00:00,40.65292014106194,-73.99264657637995,City_Street,40,33.1,0.172,Low,18.1,51,32.5,0.0,10.0,Cloudy,0,0
2026-01-06 01:15:00,40.65310130698467,-73.99992828825697,Arterial,60,55.6,0.073,Low,20.6,50,7.0,0.0,14.2,Clear,0,0
2026-01-06 01:30:00,40.6684329808406,-74.0116344893966,Arterial,60,35.7,0.405,Moderate,21.5,54,26.8,0.0,0.9,Fog,0,0
2026-01-06 01:45:00,40.67055017579895,-73.99811819674754,City_Street,40,34.8,0.13,Low,21.9,64,17.7,0.0,11.2,Cloudy,0,0
2026-01-06 02:00:00,40.66985860736836,-73.98902118406971,Residential,30,12.4,0.587,Heavy,10.2,61,30.8,2.3,2.3,Snow,0,0
2026-01-06 02:15:00,40.65838795576542,-73.99649272008367,Arterial,60,49.0,0.183,Low,18.7,32,12.1,0.0,14.0,Cloudy,0,0
2026-01-06 02:30:00,40.67831704672682,-73.99577785052745,Arterial,60,51.2,0.147,Low,25.7,53,17.1,0.0,8.0,Clear,0,0
2026-01-06 02:45:00,40.66298194865112,-73.98837820292316,City_Street,40,19.5,0.512,Moderate,10.1,82,2.7,3.8,0.6,Snow,0,0
2026-01-06 03:00:00,40.66106661531391,-74.0059002287157,Highway,90,82.7,0.081,Low,22.6,33,22.1,0.0,8.8,Cloudy,0,0
2026-01-06 03:15:00,40.650314244328605,-73.97410356076169,City_Street,40,21.7,0.458,Moderate,13.5,100,33.7,18.5,3.8,Heavy Rain,0,0
2026-01-06 03:30:00,40.67187178268036,-73.99377459051856,Residential,30,27.7,0.077,Low,21.6,58,25.4,0.0,13.8,Cloudy,0,0
2026-01-06 03:45:00,40.65785455433776,-73.99303607824055,Arterial,60,50.8,0.153,Low,11.5,61,4.9,0.0,10.2,Clear,0,0
2026-01-06 04:00:00,40.65813516359123,-73.98144104937658,City_Street,40,36.8,0.08,Low,22.6,78,24.4,0.0,14.6,Clear,0,0
2026-01-06 04:15:00,,,Arterial,60,50.6,0.157,Low,29.3,52,34.8,0.0,13.1,Clear,0,0
2026-01-06 04:30:00,40.668159376251985,-73.99524180633996,City_Street,40,37.8,0.055,Low,17.4,55,5.0,0.0,10.1,Clear,0,0
2026-01-06 04:45:00,40.67500736130949,-73.99717693099488,Arterial,60,58.8,0.02,Low,15.7,31,18.0,0.0,13.5,Clear,0,0
2026-01-06 05:00:00,40.66005479291804,-73.98303025712129,Arterial,60,48.8,0.187,Low,15.9,71,8.1,0.0,9.0,Clear,0,0
2026-01-06 05:15:00,40.66894190395456,-73.99179828775411,Arterial,60,31.2,0.48,Moderate,16.0,89,25.7,22.8,2.7,Heavy Rain,0,0
2026-01-06 05:30:00,40.662006844825555,-73.9957339450602,Arterial,60,48.8,0.187,Low,16.3,55,24.8,4.8,6.1,Rain,0,0
2026-01-06 05:45:00,40.6502005346779,-73.99515644213236,Residential,30,26.1,0.13,Low,24.7,46,3.6,0.0,8.4,Cloudy,0,0
2026-01-06 06:00:00,,,Highway,90,64.5,0.283,Moderate,22.6,70,27.9,4.6,6.6,Rain,0,0
2026-01-06 06:15:00,40.671701948512585,-73.97720387043226,Highway,90,89.3,0.008,Low,20.7,50,9.0,0.0,13.2,Cloudy,0,0
2026-01-06 06:30:00,40.66312930107544,-73.97882625058612,Arterial,60,34.6,0.423,Moderate,16.2,65,18.0,0.0,0.3,Fog,0,0
2026-01-06 06:45:00,40.657522498633384,-73.98748798856043,Highway,90,77.8,0.136,Low,17.9,39,9.2,0.0,12.9,Clear,0,0
2026-01-06 07:00:00,40.65467236339883,-74.00487153498287,Residential,30,9.5,0.683,Heavy,8.3,55,26.6,4.0,4.4,Rain,0,1
2026-01-06 07:15:00,40.65730262588785,-73.97854168548089,Arterial,60,20.8,0.653,Heavy,14.9,64,27.3,3.3,6.8,Rain,0,1
2026-01-06 07:30:00,40.668594288744416,-73.98471187727827,City_Street,40,12.2,0.695,Heavy,20.8,46,17.1,0.0,0.9,Fog,0,1
2026-01-06 07:45:00,40.653411898798055,-73.98261314165676,Arterial,60,27.2,0.547,Moderate,24.7,62,22.8,0.0,12.0,Clear,0,1
2026-01-06 08:00:00,40.66651501118461,-73.98973513177889,Residential,30,9.6,0.68,Heavy,21.7,47,16.7,0.0,0.3,Fog,0,1
2026-01-06 08:15:00,40.66227325752339,-73.98317783592842,City_Street,40,15.4,0.615,Heavy,12.9,75,21.1,5.4,7.3,Rain,0,1
2026-01-06 08:30:00,40.66240559763521,-73.97921294953363,Arterial,60,26.4,0.56,Heavy,20.0,76,10.7,0.0,10.1,Clear,0,1
2026-01-06 08:45:00,40.663508579205605,-73.9813031449595,Residential,30,14.1,0.53,Moderate,20.4,75,5.5,0.0,11.3,Clear,0,1
2026-01-06 09:00:00,40.670768945632865,-73.98901779979998,Highway,90,36.0,0.6,Heavy,13.6,68,31.7,0.0,11.1,Clear,0,1
2026-01-06 09:15:00,40.66911116561924,-73.97922729499258,Highway,90,38.2,0.576,Heavy,16.6,57,13.3,2.9,6.6,Rain,0,1
2026-01-06 09:30:00,40.67191621658822,-73.97292987782797,City_Street,40,10.0,0.75,Heavy,6.3,48,24.5,2.2,0.7,Snow,0,1
2026-01-06 09:45:00,40.67121354495419,-73.989991223187,City_Street,40,13.4,0.665,Heavy,17.3,58,29.3,0.0,0.7,Fog,0,1
2026-01-06 10:00:00,40.67077897532698,-73.98062238932877,Residential,30,23.2,0.227,Low,18.4,64,34.4,3.3,7.7,Rain,0,0
2026-01-06 10:15:00,40.67786242674452,-73.97201005359199,Arterial,60,55.6,0.073,Low,16.2,54,3.3,0.0,12.6,Clear,0,0
2026-01-06 10:30:00,40.66906761339232,-73.97872899820128,Residential,30,21.8,0.273,Moderate,28.9,64,13.6,1.9,7.8,Rain,0,0
2026-01-06 10:45:00,40.667649802130875,-73.97182813686037,City_Street,40,32.6,0.185,Low,21.0,55,8.2,0.0,12.1,Cloudy,0,0
2026-01-06 11:00:00,40.67419394812835,-73.98184072718492,Arterial,60,54.7,0.088,Low,15.1,60,34.9,0.0,9.4,Clear,0,0
2026-01-06 11:15:00,40.6574411773362,-73.97509931145984,Highway,90,63.5,0.294,Moderate,20.9,99,8.8,6.1,6.7,Rain,0,0
2026-01-06 11:30:00,40.66134025020224,-73.97121093968833,City_Street,40,37.1,0.073,Low,20.1,47,12.8,0.0,10.4,Cloudy,0,0
2026-01-06 11:45:00,40.680733800404724,-73.975188206771,Arterial,60,38.1,0.365,Moderate,12.7,82,33.6,5.4,5.3,Rain,0,0
2026-01-06 12:00:00,40.67568840882583,-73.9841870122221,Arterial,60,60.0,0.0,Low,17.5,62,2.5,0.0,11.4,Clear,0,0
2026-01-06 12:15:00,40.67796069975825,-73.97868819039104,Residential,30,29.1,0.03,Low,17.1,53,21.6,0.0,12.8,Cloudy,0,0
2026-01-06 12:30:00,40.65786415525938,-73.98061345367839,City_Street,40,32.7,0.182,Low,13.4,68,24.6,0.0,11.8,Clear,0,0
2026-01-06 12:45:00,40.66404252069279,-73.98259193882483,Highway,90,84.5,0.061,Low,26.8,54,6.3,0.0,9.0,Clear,0,0
2026-01-06 13:00:00,40.67303760372694,-73.96771629691939,Residential,30,23.1,0.23,Low,13.6,50,3.8,0.0,9.5,Clear,0,0
2026-01-06 13:15:00,40.671611934863925,-73.98145339619485,Highway,90,90.0,0.0,Low,22.5,46,34.3,0.0,12.7,Cloudy,0,0
2026-01-06 13:30:00,40.665107535282786,-73.98251701421141,City_Street,40,26.0,0.35,Moderate,11.9,20,20.9,2.5,4.3,Rain,0,0
2026-01-06 13:45:00,40.67558568732693,-73.97156160926909,Residential,30,25.0,0.167,Low,22.1,56,25.8,0.0,12.4,Clear,0,0
2026-01-06 14:00:00,40.678102239696116,-73.9674793671938,Residential,30,30.0,0.0,Low,19.2,62,21.1,0.0,8.3,Cloudy,0,0
2026-01-06 14:15:00,40.66773657022925,-73.98218582097637,Residential,30,15.4,0.487,Moderate,15.0,92,34.3,10.0,0.8,Snow,0,0
2026-01-06 14:30:00,40.67481738387586,-73.9612149632845,Residential,30,22.2,0.26,Moderate,11.7,51,15.8,1.6,5.6,Rain,0,0
2026-01-06 14:45:00,40.66931520963871,-73.9680003844365,City_Street,40,39.7,0.007,Low,21.0,45,18.4,0.0,14.5,Clear,0,0
2026-01-06 15:00:00,40.67543243114003,-73.97925938356744,Arterial,60,50.8,0.153,Low,20.0,84,21.2,0.0,8.9,Clear,0,0
2026-01-06 15:15:00,40.68524409864723,-73.97474780546072,City_Street,40,28.8,0.28,Moderate,19.6,71,22.8,3.8,6.4,Rain,0,0
2026-01-06 15:30:00,40.672391336504276,-73.97284984979747,Highway,90,90.0,0.0,Low,9.9,50,22.5,0.0,9.2,Clear,0,0
2026-01-06 15:45:00,40.67300608345937,-73.96482853818638,City_Street,40,35.2,0.12,Low,14.1,94,2.2,0.0,11.6,Clear,0,0
2026-01-06 16:00:00,40.666221016633095,-73.97610484768897,Highway,90,69.6,0.227,Low,20.7,49,26.4,0.0,12.2,Clear,0,0
2026-01-06 16:15:00,40.670362289250015,-73.99568795780611,City_Street,40,39.2,0.02,Low,9.9,20,32.3,0.0,12.0,Cloudy,0,0
2026-01-06 16:30:00,40.68248829337551,-73.96027096335887,Arterial,60,60.0,0.0,Low,23.4,52,18.1,0.0,11.2,Clear,0,0
2026-01-06 16:45:00,40.66787629494853,-73.97064423249225,Arterial,60,48.6,0.19,Low,15.4,91,9.3,0.0,13.4,Clear,0,0
2026-01-06 17:00:00,40.67423334260231,-73.97192612762058,Arterial,60,30.7,0.488,Moderate,27.1,72,12.1,0.0,11.0,Clear,0,1
2026-01-06 17:15:00,40.68375268082268,-73.97862225532377,City_Street,40,16.6,0.585,Heavy,24.3,63,12.9,0.0,8.6,Cloudy,0,1
2026-01-06 17:30:00,40.67896001251712,-73.98261644237044,Residential,30,10.6,0.647,Heavy,17.0,77,32.5,1.3,4.8,Rain,0,1
2026-01-06 17:45:00,40.67721735634802,-73.96827078484051,Highway,90,44.0,0.511,Moderate,24.8,67,7.3,0.0,9.0,Clear,0,1
2026-01-06 18:00:00,40.684548941285165,-73.96776345804277,Highway,90,42.6,0.527,Moderate,20.3,42,4.7,0.0,8.3,Clear,0,1
2026-01-06 18:15:00,40.68252233943217,-73.96514305723524,City_Street,40,14.9,0.627,Heavy,12.7,86,6.9,7.6,4.2,Rain,0,1
2026-01-06 18:30:00,40.67353581773296,-73.98144420009541,Highway,90,35.0,0.611,Heavy,11.5,60,2.5,0.0,12.9,Cloudy,0,1
2026-01-06 18:45:00,40.66307400125083,-73.9519488802758,Highway,90,36.2,0.598,Heavy,20.2,89,18.0,0.0,13.4,Clear,0,1
2026-01-06 19:00:00,40.68876567854007,-73.96759610200414,Highway,90,37.7,0.581,Heavy,21.2,49,21.3,0.0,13.3,Cloudy,0,1
2026-01-06 19:15:00,40.684238665660736,-73.96421947275802,Highway,90,41.1,0.543,Moderate,28.0,55,20.0,0.0,8.9,Cloudy,0,1
2026-01-06 19:30:00,,,Arterial,60,11.5,0.808,Severe,15.6,68,5.4,2.8,1.6,Snow,0,1
2026-01-06 19:45:00,40.668872408622164,-73.9572917564181,Arterial,60,24.0,0.6,Heavy,13.7,70,30.8,0.0,13.0,Clear,0,1
2026-01-06 20:00:00,40.676860474098305,-73.96801064722361,City_Street,40,31.5,0.213,Low,19.4,44,21.2,0.0,14.0,Cloudy,0,0
2026-01-06 20:15:00,40.68180888281483,-73.96100791376564,Highway,90,80.8,0.102,Low,25.4,55,17.6,0.0,11.5,Cloudy,0,0
2026-01-06 20:30:00,40.68266094639405,-73.97186904691885,Arterial,60,38.1,0.365,Moderate,22.0,63,22.0,0.0,1.4,Fog,0,0
2026-01-06 20:45:00,40.68028920838152,-73.96949142297916,Highway,90,76.7,0.148,Low,19.2,41,3.2,0.0,10.1,Clear,0,0
2026-01-06 21:00:00,40.679111636599885,-73.9678467240297,Arterial,60,50.4,0.16,Low,14.0,46,18.4,0.0,9.3,Cloudy,0,0
2026-01-06 21:15:00,40.688512222454015,-73.9731351053196,Highway,90,86.9,0.034,Low,16.6,77,8.8,0.0,11.9,Clear,0,0
2026-01-06 21:30:00,40.69421635656963,-73.9666436856541,City_Street,40,33.5,0.162,Low,18.6,78,11.3,0.0,9.3,Clear,0,0
2026-01-06 21:45:00,40.67726084615429,-73.96522183652965,Arterial,60,35.2,0.413,Moderate,19.7,63,20.0,0.0,1.4,Fog,0,0
2026-01-06 22:00:00,40.66005435390441,-73.96821403981382,Arterial,60,49.1,0.182,Low,7.9,65,29.6,1.8,5.5,Rain,0,0
2026-01-06 22:15:00,40.669559215002685,-73.96379795173266,City_Street,40,30.8,0.23,Low,26.8,50,4.6,0.0,11.8,Clear,0,0
2026-01-06 22:30:00,40.69644200595035,-73.95650930646245,City_Street,40,31.8,0.205,Low,4.7,100,5.9,7.8,7.0,Rain,0,0
2026-01-06 22:45:00,40.66468591255803,-73.9435990316706,Arterial,60,34.3,0.428,Moderate,25.9,95,4.1,0.0,0.3,Fog,0,0
2026-01-06 23:00:00,40.691304471097,-73.97001057957391,City_Street,40,40.0,0.0,Low,24.1,59,26.1,0.0,8.1,Cloudy,0,0
2026-01-06 23:15:00,40.66594179979132,-73.96591403761744,Residential,30,27.2,0.093,Low,17.3,62,18.9,0.0,13.9,Clear,0,0
2026-01-06 23:30:00,40.68843309019884,-73.95532022508043,City_Street,40,25.2,0.37,Moderate,12.7,100,10.0,1.8,5.6,Rain,0,0
2026-01-06 23:45:00,40.68142956180189,-73.96625536043557,Arterial,60,48.4,0.193,Low,26.0,69,24.8,0.0,14.6,Cloudy,0,0
2026-01-07 00:00:00,,,Highway,90,45.9,0.49,Moderate,6.4,100,18.0,21.0,3.8,Heavy Rain,0,0
2026-01-07 00:15:00,40.68821142714735,-73.96770005593582,Residential,30,25.9,0.137,Low,26.0,50,7.1,0.0,13.6,Clear,0,0
2026-01-07 00:30:00,40.67930520560103,-73.97607476163175,City_Street,40,36.0,0.1,Low,20.2,26,2.1,0.0,11.5,Clear,0,0
2026-01-07 00:45:00,40.69762955847221,-73.96496360447745,City_Street,40,32.4,0.19,Low,28.3,64,22.0,0.0,13.3,Cloudy,0,0
2026-01-07 01:00:00,40.697217390835426,-73.96061480314916,Arterial,60,56.8,0.053,Low,18.7,46,32.3,0.0,8.3,Clear,0,0
2026-01-07 01:15:00,40.68707526373091,-73.96369706038578,Arterial,60,56.2,0.063,Low,21.9,60,12.0,0.0,8.7,Clear,0,0
2026-01-07 01:30:00,40.700042337556866,-73.95131059123183,Arterial,60,44.4,0.26,Moderate,22.0,97,28.5,6.9,6.2,Rain,0,0
2026-01-07 01:45:00,40.683571179905876,-73.95568868332539,Highway,90,55.2,0.387,Moderate,17.4,90,14.9,15.7,1.4,Heavy Rain,0,0
2026-01-07 02:00:00,40.699440339061546,-73.97051594750673,Highway,90,81.1,0.099,Low,20.2,57,20.7,0.0,9.1,Clear,0,0
2026-01-07 02:15:00,40.69532434755513,-73.97857727023622,Residential,30,30.0,0.0,Low,30.2,64,11.2,0.0,9.9,Clear,0,0
2026-01-07 02:30:00,40.67756122159005,-73.95549811681407,Highway,90,79.6,0.116,Low,15.4,80,16.1,0.0,8.5,Cloudy,0,0
2026-01-07 02:45:00,40.691805151389616,-73.95567350223172,Highway,90,72.9,0.19,Low,23.6,100,26.6,0.0,9.7,Clear,0,0
2026-01-07 03:00:00,40.695976223263614,-73.95817763363654,Residential,30,30.0,0.0,Low,25.6,81,29.2,0.0,13.6,Clear,0,0
2026-01-07 03:15:00,40.69410031268035,-73.95753673012736,Highway,90,90.0,0.0,Low,17.2,60,32.4,0.0,12.0,Clear,0,0
2026-01-07 03:30:00,40.68598907575868,-73.9648936237909,Residential,30,19.6,0.347,Moderate,30.9,70,28.4,0.0,0.5,Fog,0,0
2026-01-07 03:45:00,40.704875438727605,-73.95932538992867,Residential,30,27.8,0.073,Low,23.7,68,31.4,0.0,14.8,Clear,0,0
2026-01-07 04:00:00,40.70338181301896,-73.94836228571423,Residential,30,23.1,0.23,Low,16.3,65,16.1,2.8,7.3,Rain,0,0
2026-01-07 04:15:00,40.702130057844556,-73.95051757028041,Residential,30,28.5,0.05,Low,9.6,59,30.3,0.0,11.1,Clear,0,0
2026-01-07 04:30:00,40.69898500248735,-73.948181622839,City_Street,40,38.7,0.032,Low,17.8,60,11.9,0.0,10.9,Cloudy,0,0
2026-01-07 04:45:00,40.703967105801254,-73.96186607388995,City_Street,40,36.1,0.097,Low,10.5,41,27.1,0.0,14.4,Clear,0,0
2026-01-07 05:00:00,40.70438791956007,-73.97267606083808,Arterial,60,41.0,0.317,Moderate,21.5,61,26.2,4.4,4.7,Rain,0,0
2026-01-07 05:15:00,40.70974505415382,-73.95774903937925,Highway,90,69.6,0.227,Low,11.3,63,25.9,0.0,8.1,Cloudy,0,0
2026-01-07 05:30:00,40.68901678963893,-73.9425781139742,City_Street,40,38.4,0.04,Low,20.0,52,4.1,0.0,12.2,Cloudy,0,0
2026-01-07 05:45:00,40.69742896892965,-73.96090094612622,City_Street,40,37.7,0.057,Low,16.2,61,27.3,0.0,14.5,Cloudy,0,0
2026-01-07 06:00:00,40.710070585534815,-73.9599222278467,Arterial,60,57.7,0.038,Low,23.3,80,26.7,0.0,11.8,Cloudy,0,0
2026-01-07 06:15:00,,,City_Street,40,38.3,0.043,Low,23.2,59,16.0,0.0,10.7,Clear,0,0
2026-01-07 06:30:00,40.70115691578418,-73.96059856781316,Residential,30,27.2,0.093,Low,24.8,57,6.8,0.0,10.9,Clear,0,0
2026-01-07 06:45:00,40.69808571685132,-73.95770819032064,Highway,90,72.1,0.199,Low,15.7,75,3.7,6.9,6.7,Rain,0,0
2026-01-07 07:00:00,40.70368419036802,-73.94952782502344,Residential,30,15.4,0.487,Moderate,28.5,63,17.6,0.0,12.4,Clear,0,1
2026-01-07 07:15:00,40.70951715902442,-73.96061291694349,City_Street,40,12.4,0.69,Heavy,19.4,56,31.3,0.0,1.1,Fog,0,1
2026-01-07 07:30:00,40.70429660214966,-73.95656781776218,City_Street,40,16.6,0.585,Heavy,22.0,60,24.2,0.0,12.9,Clear,0,1
2026-01-07 07:45:00,40.68677446818911,-73.96252622507089,Arterial,60,30.7,0.488,Moderate,15.6,81,26.9,0.0,8.4,Cloudy,0,1
2026-01-07 08:00:00,40.71623369752724,-73.94528745409197,Highway,90,38.6,0.571,Heavy,22.5,52,23.6,0.0,8.8,Cloudy,0,1
2026-01-07 08:15:00,40.7022016090807,-73.95680453359495,Arterial,60,16.5,0.725,Heavy,16.1,100,14.2,23.6,1.8,Heavy Rain,0,1
2026-01-07 08:30:00,40.70885810752963,-73.9548067459138,Highway,90,37.5,0.583,Heavy,10.4,48,11.5,0.0,13.0,Cloudy,0,1
2026-01-07 08:45:00,40.68941137183179,-73.9601771927097,Highway,90,24.9,0.723,Heavy,10.8,93,32.4,10.0,1.8,Heavy Rain,0,1
2026-01-07 09:00:00,40.70997986268008,-73.95605946415854,Highway,90,43.9,0.512,Moderate,11.5,57,31.7,0.0,13.7,Cloudy,0,1
2026-01-07 09:15:00,40.708053801727715,-73.95255119435976,City_Street,40,18.0,0.55,Heavy,21.5,52,14.3,0.0,9.4,Clear,0,1
2026-01-07 09:30:00,40.70760314869554,-73.97188048173368,City_Street,40,16.2,0.595,Heavy,13.2,64,16.5,3.4,7.0,Rain,0,1
2026-01-07 09:45:00,40.70862306353749,-73.93989699468953,City_Street,40,19.4,0.515,Moderate,20.9,72,16.8,0.0,8.6,Clear,0,1
2026-01-07 10:00:00,40.719457609355594,-73.94976703905006,City_Street,40,35.3,0.118,Low,24.5,45,31.4,0.0,9.3,Cloudy,0,0
2026-01-07 10:15:00,40.703945488748474,-73.94979380975444,City_Street,40,33.8,0.155,Low,12.4,52,6.5,0.0,10.2,Clear,0,0
2026-01-07 10:30:00,40.71671847138956,-73.96041263218027,Arterial,60,41.3,0.312,Moderate,12.7,71,28.2,7.4,5.6,Rain,0,0
2026-01-07 10:45:00,40.70330694053195,-73.95034492741381,Residential,30,27.2,0.093,Low,21.8,74,20.3,0.0,9.8,Clear,0,0
2026-01-07 11:00:00,,,Arterial,60,49.3,0.178,Low,8.0,70,24.5,0.0,10.1,Cloudy,0,0
2026-01-07 11:15:00,40.704015350192634,-73.95086140772301,Arterial,60,41.6,0.307,Moderate,23.1,77,28.7,5.6,5.4,Rain,0,0
2026-01-07 11:30:00,40.70579115017541,-73.96732606914722,Arterial,60,43.5,0.275,Moderate,10.5,52,18.4,2.6,5.4,Rain,0,0
2026-01-07 11:45:00,40.712414440728374,-73.95401010048734,Arterial,60,47.1,0.215,Low,12.5,54,27.5,0.0,10.0,Clear,0,0
2026-01-07 12:00:00,,,City_Street,40,35.1,0.122,Low,19.6,77,2.4,0.0,8.0,Cloudy,0,0
2026-01-07 12:15:00,40.71292728647867,-73.96561466608838,Residential,30,28.5,0.05,Low,25.4,63,34.8,0.0,11.3,Clear,0,0
2026-01-07 12:30:00,40.70699531518095,-73.95330509415379,Residential,30,23.5,0.217,Low,17.9,53,17.4,0.0,14.4,Cloudy,0,0
2026-01-07 12:45:00,40.709764296080344,-73.9584113226083,Highway,90,69.1,0.232,Low,17.2,62,30.7,3.3,4.5,Rain,0,0
2026-01-07 13:00:00,40.722636980699555,-73.95263086784168,Arterial,60,54.8,0.087,Low,24.0,34,16.1,0.0,9.0,Clear,0,0
2026-01-07 13:15:00,40.722232496070674,-73.96330122319162,City_Street,40,23.7,0.407,Moderate,22.0,65,29.3,0.0,0.9,Fog,0,0
2026-01-07 13:30:00,40.71619305400278,-73.96133853515612,Highway,90,88.0,0.022,Low,29.3,77,19.7,0.0,10.6,Clear,0,0
2026-01-07 13:45:00,40.71022948502355,-73.94330645198916,Highway,90,89.7,0.003,Low,14.5,58,32.8,0.0,9.6,Clear,0,0
2026-01-07 14:00:00,40.71893034683054,-73.95161128762892,Highway,90,75.6,0.16,Low,10.9,74,6.1,1.4,6.1,Rain,0,0
2026-01-07 14:15:00,40.72187825835245,-73.95586921255224,Residential,30,30.0,0.0,Low,26.8,37,33.9,0.0,9.1,Clear,0,0
2026-01-07 14:30:00,40.723359043019244,-73.9491805963713,Highway,90,89.6,0.004,Low,17.5,73,15.2,0.0,11.6,Clear,0,0
2026-01-07 14:45:00,40.724875073264236,-73.9679232726996,City_Street,40,22.0,0.45,Moderate,16.9,62,33.6,0.0,1.4,Fog,0,0
2026-01-07 15:00:00,40.721791506667195,-73.96332011521469,Highway,90,77.0,0.144,Low,17.7,49,26.2,0.0,11.0,Clear,0,0
2026-01-07 15:15:00,40.71549301200453,-73.94723990190789,Arterial,60,51.1,0.148,Low,16.2,73,8.8,0.0,13.4,Clear,0,0
2026-01-07 15:30:00,40.717140231723235,-73.94640174169439,City_Street,40,31.8,0.205,Low,26.3,58,18.0,0.0,13.3,Cloudy,0,0
2026-01-07 15:45:00,40.70647713315847,-73.95965771587296,Residential,30,29.4,0.02,Low,13.4,71,9.6,0.0,8.4,Clear,0,0
2026-01-07 16:00:00,40.72494757758881,-73.9582653143195,City_Street,40,37.9,0.052,Low,21.0,68,26.9,0.0,10.7,Clear,0,0
2026-01-07 16:15:00,40.708325568499774,-73.9422561562904,Residential,30,26.2,0.127,Low,21.6,38,3.3,0.0,12.3,Clear,0,0
2026-01-07 16:30:00,40.72747460514803,-73.96418884215674,Residential,30,23.3,0.223,Low,13.8,60,16.7,0.0,8.4,Cloudy,0,0
2026-01-07 16:45:00,40.72001657132191,-73.94383927539882,Residential,30,19.7,0.343,Moderate,16.9,74,27.2,1.3,6.3,Rain,0,0
2026-01-07 17:00:00,40.7152685188744,-73.95057718617711,Highway,90,38.0,0.578,Heavy,25.0,58,15.7,0.0,12.5,Clear,0,1
2026-01-07 17:15:00,40.72143087634871,-73.95191061853654,Arterial,60,14.1,0.765,Heavy,8.1,81,14.0,3.3,2.6,Snow,0,1
2026-01-07 17:30:00,40.73653386051975,-73.94870771816271,City_Street,40,18.9,0.528,Moderate,18.0,43,6.4,0.0,10.5,Clear,0,1
2026-01-07 17:45:00,40.727969227084984,-73.95637469387269,Arterial,60,25.1,0.582,Heavy,11.8,42,3.0,4.2,4.6,Rain,0,1
2026-01-07 18:00:00,40.73320535782578,-73.96525596892877,City_Street,40,11.3,0.718,Heavy,9.7,66,9.8,20.0,3.5,Heavy Rain,0,1
2026-01-07 18:15:00,40.72710383045005,-73.95205319505423,City_Street,40,16.8,0.58,Heavy,16.3,50,28.6,0.0,9.8,Clear,0,1
2026-01-07 18:30:00,40.729558010972184,-73.96396824509428,Arterial,60,13.8,0.77,Heavy,11.0,100,22.4,9.3,3.2,Heavy Rain,0,1
2026-01-07 18:45:00,40.71418429737027,-73.94966092259942,City_Street,40,18.2,0.545,Moderate,26.1,57,16.8,0.0,9.9,Cloudy,0,1
2026-01-07 19:00:00,40.729336672522756,-73.96977847759956,Residential,30,13.3,0.557,Heavy,25.2,70,6.5,0.0,13.6,Clear,0,1
2026-01-07 19:15:00,40.73118197173541,-73.9571242684031,Highway,90,45.5,0.494,Moderate,21.0,56,31.7,0.0,9.7,Cloudy,0,1
2026-01-07 19:30:00,40.741449574732464,-73.96519969947114,Residential,30,11.5,0.617,Heavy,13.0,50,19.2,0.0,14.5,Clear,0,1
2026-01-07 19:45:00,40.72063786473202,-73.95622218302479,City_Street,40,17.1,0.573,Heavy,29.5,75,26.4,0.0,11.9,Clear,0,1
2026-01-07 20:00:00,40.718502340414815,-73.9764809088047,Residential,30,30.0,0.0,Low,23.4,97,3.3,0.0,10.0,Clear,0,0
2026-01-07 20:15:00,40.72874026158903,-73.95402817773808,Highway,90,90.0,0.0,Low,25.8,64,9.8,0.0,8.3,Clear,0,0
2026-01-07 20:30:00,40.72624699680394,-73.97397647219768,Residential,30,29.3,0.023,Low,18.8,57,7.2,0.0,12.8,Cloudy,0,0
2026-01-07 20:45:00,40.733177432708054,-73.94420288347554,Residential,30,23.5,0.217,Low,25.2,61,17.9,0.0,10.9,Clear,0,0
2026-01-07 21:00:00,40.71802292960307,-73.95916142032627,Highway,90,63.8,0.291,Moderate,26.5,98,2.2,0.0,1.2,Fog,0,0
2026-01-07 21:15:00,40.7407585551277,-73.94975353683728,Highway,90,60.4,0.329,Moderate,21.8,52,32.8,0.0,0.5,Fog,0,0
2026-01-07 21:30:00,40.729438685294554,-73.95088605902303,Residential,30,27.7,0.077,Low,13.9,70,29.1,0.0,10.0,Clear,0,0
2026-01-07 21:45:00,40.70713095179479,-73.94810347503022,City_Street,40,38.3,0.043,Low,17.0,83,25.1,0.0,12.4,Cloudy,0,0
2026-01-07 22:00:00,40.72264411767238,-73.95657730800261,City_Street,40,40.0,0.0,Low,25.5,51,5.3,0.0,10.5,Clear,0,0
2026-01-07 22:15:00,40.725090736482436,-73.9540557646953,Arterial,60,60.0,0.0,Low,26.9,53,9.5,0.0,13.4,Clear,0,0
2026-01-07 22:30:00,40.72886131184613,-73.96164160917824,City_Street,40,28.1,0.297,Moderate,21.5,53,28.7,0.0,1.2,Fog,0,0
2026-01-07 22:45:00,40.734539930396394,-73.9636833020386,Residential,30,21.4,0.287,Moderate,15.2,54,5.7,0.0,0.9,Fog,0,0
2026-01-07 23:00:00,40.70927621153311,-73.96334858974696,Arterial,60,47.5,0.208,Low,22.0,67,5.5,0.0,8.7,Clear,0,0
2026-01-07 23:15:00,40.72823651510214,-73.96309323991241,City_Street,40,20.6,0.485,Moderate,14.2,90,19.9,15.5,1.1,Heavy Rain,0,0
2026-01-07 23:30:00,40.73652513472095,-73.9666311824607,Residential,30,22.0,0.267,Moderate,15.3,67,3.8,5.8,7.3,Rain,0,0
2026-01-07 23:45:00,40.736655307752635,-73.96389159495084,City_Street,40,21.8,0.455,Moderate,22.3,56,20.2,0.0,0.6,Fog,0,0
2026-01-08 00:00:00,40.72867295877724,-73.952037506826,City_Street,40,35.4,0.115,Low,25.8,47,3.6,0.0,8.6,Clear,0,0
2026-01-08 00:15:00,40.72346016371793,-73.9697603949088,Residential,30,23.7,0.21,Low,19.7,54,11.9,0.0,14.1,Cloudy,0,0
2026-01-08 00:30:00,40.73545212579031,-73.95284690143924,Highway,90,50.7,0.437,Moderate,5.1,100,4.1,24.4,2.6,Heavy Rain,0,0
2026-01-08 00:45:00,40.71714622077305,-73.96302421569852,Arterial,60,60.0,0.0,Low,11.7,52,3.3,0.0,14.2,Clear,0,0
2026-01-08 01:00:00,40.73437980507744,-73.94693502670748,City_Street,40,37.8,0.055,Low,27.5,55,2.2,0.0,9.8,Clear,0,0
2026-01-08 01:15:00,40.737048313906755,-73.96435939744673,Residential,30,16.5,0.45,Moderate,21.0,35,25.2,0.0,0.8,Fog,0,0
2026-01-08 01:30:00,40.743138643999536,-73.95226594622012,City_Street,40,31.5,0.213,Low,27.5,91,3.9,0.0,9.3,Clear,0,0
2026-01-08 01:45:00,40.743862881631074,-73.9724813992586,Highway,90,52.7,0.414,Moderate,28.0,47,18.9,0.0,0.8,Fog,0,0
2026-01-08 02:00:00,40.74974159433204,-73.95419532059995,Highway,90,86.0,0.044,Low,21.1,52,25.7,0.0,9.2,Cloudy,0,0
2026-01-08 02:15:00,40.73465497592224,-73.94822816325849,City_Street,40,33.1,0.172,Low,3.5,63,8.2,4.4,6.3,Rain,0,0
2026-01-08 02:30:00,40.72324103522471,-73.9615972517043,Arterial,60,57.0,0.05,Low,16.4,52,10.3,0.0,10.5,Clear,0,0
2026-01-08 02:45:00,40.7287998887535,-73.96541264463895,City_Street,40,33.7,0.157,Low,14.4,77,34.2,0.0,8.7,Cloudy,0,0
2026-01-08 03:00:00,40.736012832616574,-73.96185656784675,Residential,30,23.1,0.23,Low,28.2,66,6.2,0.0,13.7,Cloudy,0,0
2026-01-08 03:15:00,40.74502838620938,-73.94965357504122,City_Street,40,37.0,0.075,Low,23.3,43,7.8,0.0,14.8,Clear,0,0
2026-01-08 03:30:00,40.72449091551814,-73.97124293010563,Arterial,60,47.8,0.203,Low,24.0,66,8.4,0.0,10.1,Clear,0,0
2026-01-08 03:45:00,40.74538422789252,-73.97219327504841,Residential,30,28.3,0.057,Low,8.9,52,12.2,0.0,8.7,Clear,0,0
2026-01-08 04:00:00,40.733096161071785,-73.95906277488533,Residential,30,23.0,0.233,Low,21.9,65,30.4,0.0,11.6,Clear,0,0
2026-01-08 04:15:00,40.74399184191368,-73.97209453605296,Residential,30,25.0,0.167,Low,13.2,78,20.4,0.0,13.0,Clear,0,0
2026-01-08 04:30:00,40.73828962063648,-73.96145847414417,Highway,90,90.0,0.0,Low,19.8,90,11.6,0.0,8.7,Cloudy,0,0
2026-01-08 04:45:00,40.73622935865645,-73.97217847814123,Residential,30,29.7,0.01,Low,18.9,70,14.7,0.0,10.6,Clear,0,0
2026-01-08 05:00:00,40.746662645771785,-73.95885906266989,City_Street,40,36.5,0.088,Low,28.5,70,6.6,0.0,14.0,Clear,0,0
2026-01-08 05:15:00,40.72701385427071,-73.97149865490692,Highway,90,90.0,0.0,Low,7.2,58,15.9,0.0,12.8,Clear,0,0
2026-01-08 05:30:00,40.746762776616386,-73.96003456010699,City_Street,40,40.0,0.0,Low,22.4,40,30.6,0.0,11.5,Clear,0,0
2026-01-08 05:45:00,40.753742575703804,-73.96541981779552,City_Street,40,37.2,0.07,Low,23.2,61,12.8,0.0,10.9,Clear,0,0
2026-01-08 06:00:00,40.73964481864208,-73.97211568783926,Highway,90,43.9,0.512,Moderate,14.7,94,26.7,5.4,1.9,Snow,0,0
2026-01-08 06:15:00,40.74532720420915,-73.98584886925664,Residential,30,20.5,0.317,Moderate,21.1,46,23.1,5.0,6.2,Rain,0,0
2026-01-08 06:30:00,40.75372840410976,-73.97070356994234,City_Street,40,39.6,0.01,Low,17.2,59,29.3,0.0,9.4,Cloudy,0,0
2026-01-08 06:45:00,40.746363521803154,-73.96777520197449,Highway,90,90.0,0.0,Low,16.4,72,25.2,0.0,13.8,Clear,0,0
2026-01-08 07:00:00,40.754990241520105,-73.96828962798462,Arterial,60,29.6,0.507,Moderate,22.4,89,20.9,0.0,9.6,Clear,0,1
2026-01-08 07:15:00,40.7398678846118,-73.96602690483634,Arterial,60,29.0,0.517,Moderate,19.5,54,6.9,0.0,11.8,Cloudy,0,1
2026-01-08 07:30:00,40.73513919640452,-73.97255187447367,Residential,30,14.2,0.527,Moderate,26.9,71,25.8,0.0,10.6,Cloudy,0,1
2026-01-08 07:45:00,40.762696195954575,-73.96616387280974,City_Street,40,16.5,0.588,Heavy,11.0,65,25.9,2.3,7.4,Rain,0,1
2026-01-08 08:00:00,40.74801877764315,-73.9685414187118,Arterial,60,25.5,0.575,Heavy,15.5,76,28.0,0.0,9.2,Clear,0,1
2026-01-08 08:15:00,40.75671343207258,-73.97973300892738,City_Street,40,20.2,0.495,Moderate,14.4,50,7.9,0.0,10.2,Cloudy,0,1
2026-01-08 08:30:00,40.74334271701705,-73.97060773823033,Arterial,60,25.8,0.57,Heavy,22.9,44,26.1,0.0,8.6,Clear,0,1
2026-01-08 08:45:00,40.75453115359772,-73.9682499932558,Arterial,60,21.6,0.64,Heavy,19.6,84,12.7,0.0,1.0,Fog,0,1
2026-01-08 09:00:00,40.75611724767092,-73.96995659459368,Arterial,60,23.9,0.602,Heavy,14.1,51,23.1,0.0,13.3,Clear,0,1
2026-01-08 09:15:00,40.75580470984711,-73.98496968709304,Highway,90,40.2,0.553,Heavy,24.1,72,24.1,0.0,13.0,Clear,0,1
2026-01-08 09:30:00,40.75295688744628,-73.96603535045631,City_Street,40,19.8,0.505,Moderate,25.7,41,26.0,0.0,8.2,Clear,0,1
2026-01-08 09:45:00,40.759060261098384,-73.97767430705433,Highway,90,21.2,0.764,Heavy,23.8,100,33.8,17.8,3.2,Heavy Rain,0,1
2026-01-08 10:00:00,40.761641771991926,-73.95570552611963,City_Street,40,36.8,0.08,Low,16.1,52,25.7,0.0,12.3,Cloudy,0,0
2026-01-08 10:15:00,40.74752823864691,-73.9686050084646,Residential,30,17.6,0.413,Moderate,15.8,86,13.4,0.0,1.1,Fog,0,0
2026-01-08 10:30:00,40.765058916426,-73.96877143942955,Highway,90,76.8,0.147,Low,20.0,56,5.0,0.0,8.1,Clear,0,0
2026-01-08 10:45:00,40.74843042668705,-73.98601951773483,City_Street,40,19.3,0.517,Moderate,16.3,74,2.2,7.5,2.8,Snow,0,0
2026-01-08 11:00:00,40.76472618033152,-73.97911924391262,Highway,90,70.9,0.212,Low,7.2,56,19.0,7.0,6.3,Rain,0,0
2026-01-08 11:15:00,40.75299399064561,-73.98025639477845,Residential,30,20.8,0.307,Moderate,13.3,42,26.5,5.1,4.7,Rain,0,0
2026-01-08 11:30:00,40.75062914538995,-73.98327430187638,Highway,90,49.5,0.45,Moderate,28.5,100,21.9,19.4,3.9,Heavy Rain,0,0
2026-01-08 11:45:00,40.74608264107837,-73.97350419091262,Residential,30,23.6,0.213,Low,20.9,88,5.4,2.9,5.5,Rain,0,0
2026-01-08 12:00:00,40.76165364301209,-73.97635162153914,Arterial,60,37.1,0.382,Moderate,23.8,47,26.7,0.0,1.0,Fog,0,0
2026-01-08 12:15:00,40.74891151281158,-73.97634821308698,Arterial,60,46.3,0.228,Low,19.9,70,32.5,0.0,10.4,Clear,0,0
2026-01-08 12:30:00,40.74131277675231,-73.9817614726231,Highway,90,79.9,0.112,Low,15.1,68,28.4,0.0,9.9,Cloudy,0,0
2026-01-08 12:45:00,40.747638789794436,-73.97954313666582,Arterial,60,39.0,0.35,Moderate,12.8,71,3.9,1.1,4.9,Rain,0,0
2026-01-08 13:00:00,40.73651212888147,-73.9822469447619,Highway,90,82.0,0.089,Low,17.1,63,33.5,0.0,12.4,Cloudy,0,0
2026-01-08 13:15:00,40.75104513758336,-73.96391493300214,City_Street,40,24.5,0.387,Moderate,23.6,31,8.6,0.0,0.3,Fog,0,0
2026-01-08 13:30:00,40.75449718044265,-73.98231322104115,Residential,30,24.0,0.2,Low,7.7,47,26.1,0.0,9.7,Clear,0,0
2026-01-08 13:45:00,40.757848112324446,-73.96909553009202,Residential,30,27.0,0.1,Low,25.4,43,11.8,0.0,13.5,Cloudy,0,0
2026-01-08 14:00:00,40.73948235518769,-73.96705604422881,Arterial,60,31.2,0.48,Moderate,6.9,65,15.3,8.2,2.7,Heavy Rain,0,0
2026-01-08 14:15:00,40.75063858056596,-73.98804937728742,Residential,30,28.2,0.06,Low,31.5,88,14.8,0.0,12.6,Clear,0,0
2026-01-08 14:30:00,40.76754846107222,-73.98386022988112,Residential,30,30.0,0.0,Low,18.7,100,14.7,0.0,13.1,Cloudy,0,0
2026-01-08 14:45:00,40.74689535909801,-73.98260441859516,Highway,90,61.6,0.316,Moderate,12.7,30,18.2,6.9,6.8,Rain,0,0
2026-01-08 15:00:00,40.742206946057365,-73.98770321612533,Residential,30,19.4,0.353,Moderate,12.0,65,28.8,3.1,5.2,Rain,0,0
2026-01-08 15:15:00,40.75431744432676,-73.97322846915941,Residential,30,28.2,0.06,Low,16.2,65,15.6,0.0,8.8,Clear,0,0
2026-01-08 15:30:00,40.74718597181527,-73.99047799486752,Residential,30,25.6,0.147,Low,16.2,63,26.0,0.0,8.7,Clear,0,0
2026-01-08 15:45:00,40.746779427845894,-73.98857468320153,Residential,30,28.1,0.063,Low,11.0,76,14.0,0.0,11.3,Cloudy,0,0
2026-01-08 16:00:00,40.753182837973974,-73.98527222072386,Highway,90,44.0,0.511,Moderate,8.9,86,24.9,3.7,0.7,Snow,0,0
2026-01-08 16:15:00,40.77333753592698,-73.97986898718166,Arterial,60,46.4,0.227,Low,16.1,54,21.7,0.0,11.3,Clear,0,0
2026-01-08 16:30:00,40.76439636290649,-73.97032199730022,Highway,90,90.0,0.0,Low,19.0,54,3.2,0.0,8.1,Clear,0,0
2026-01-08 16:45:00,40.758421536350276,-73.98213768239053,Highway,90,72.0,0.2,Low,12.0,62,16.5,5.7,4.9,Rain,0,0
2026-01-08 17:00:00,40.753748915957615,-73.97739379554768,City_Street,40,20.5,0.488,Moderate,22.8,63,20.5,0.0,12.3,Clear,0,1
2026-01-08 17:15:00,40.75617963049323,-73.99605092961538,City_Street,40,18.4,0.54,Moderate,24.8,76,32.4,0.0,8.7,Clear,0,1
2026-01-08 17:30:00,40.76034537140902,-73.99008386223515,Residential,30,12.7,0.577,Heavy,18.4,76,15.3,0.0,11.7,Cloudy,0,1
2026-01-08 17:45:00,40.75183127448172,-73.96779687079653,Arterial,60,26.2,0.563,Heavy,22.0,66,9.6,0.0,10.9,Cloudy,0,1
2026-01-08 18:00:00,40.746110734603555,-73.97453567806114,Highway,90,21.0,0.767,Heavy,17.1,93,19.6,12.6,3.4,Heavy Rain,0,1
2026-01-08 18:15:00,40.755318808277494,-73.97188514874422,Highway,90,33.0,0.633,Heavy,19.9,76,9.7,3.7,5.3,Rain,0,1
2026-01-08 18:30:00,40.743034299941606,-73.9970732565904,Residential,30,14.4,0.52,Moderate,17.4,68,6.3,0.0,9.7,Clear,0,1
2026-01-08 18:45:00,40.76642301368423,-73.98321787769333,Arterial,60,24.1,0.598,Heavy,11.0,77,12.4,0.0,11.4,Cloudy,0,1
2026-01-08 19:00:00,40.763300821151674,-73.98532923911847,Highway,90,39.0,0.567,Heavy,25.6,55,9.9,0.0,9.6,Cloudy,0,1
2026-01-08 19:15:00,40.76238563002108,-73.98768406073467,Residential,30,9.1,0.697,Heavy,30.3,38,34.6,0.0,1.3,Fog,0,1
2026-01-08 19:30:00,40.75906488972051,-73.9845951237632,Residential,30,13.4,0.553,Heavy,16.2,65,2.6,0.0,13.5,Cloudy,0,1
2026-01-08 19:45:00,40.76765425719159,-73.99653184457293,Residential,30,14.1,0.53,Moderate,10.8,63,5.9,0.0,12.4,Clear,0,1
2026-01-08 20:00:00,40.75404213216135,-73.99208413709859,Highway,90,72.2,0.198,Low,15.1,62,17.7,4.9,6.2,Rain,0,0
2026-01-08 20:15:00,40.75898038658145,-73.9952082908363,Arterial,60,52.0,0.133,Low,16.7,54,23.3,0.0,12.9,Cloudy,0,0
2026-01-08 20:30:00,40.75525395926522,-73.98779641040943,Highway,90,58.6,0.349,Moderate,8.5,61,31.6,5.6,4.8,Rain,0,0
2026-01-08 20:45:00,40.76508669517244,-73.99791847559865,City_Street,40,34.5,0.137,Low,18.9,44,14.4,0.0,11.4,Clear,0,0
2026-01-08 21:00:00,40.75967260296964,-73.99074535995804,City_Street,40,40.0,0.0,Low,14.4,68,23.8,0.0,9.7,Cloudy,0,0
2026-01-08 21:15:00,40.76707054514014,-73.99917521686803,Highway,90,81.5,0.094,Low,16.2,53,32.9,0.0,9.7,Clear,0,0
2026-01-08 21:30:00,40.75528094331801,-73.98956536702947,Arterial,60,57.0,0.05,Low,22.4,82,20.7,0.0,12.8,Clear,0,0
2026-01-08 21:45:00,40.76632554480546,-73.99406783389854,City_Street,40,32.3,0.193,Low,17.2,54,12.1,0.0,8.4,Cloudy,0,0
2026-01-08 22:00:00,40.763501261073294,-73.98947427597622,Residential,30,25.0,0.167,Low,21.5,62,7.4,0.0,13.6,Clear,0,0
2026-01-08 22:15:00,40.7668649324633,-74.01014300595868,City_Street,40,39.2,0.02,Low,23.5,97,16.9,0.0,9.4,Clear,0,0
2026-01-08 22:30:00,40.76029547378121,-74.00216882536928,Highway,90,54.3,0.397,Moderate,26.2,73,24.6,0.0,0.8,Fog,0,0
2026-01-08 22:45:00,40.767937824686015,-73.99348974603555,Highway,90,64.9,0.279,Moderate,13.7,86,10.3,0.0,1.3,Fog,0,0
2026-01-08 23:00:00,40.753028073834564,-74.00051518407548,Highway,90,88.7,0.014,Low,24.5,34,17.8,0.0,12.2,Cloudy,0,0
2026-01-08 23:15:00,40.755670686214025,-73.99831961103101,Residential,30,26.2,0.127,Low,28.5,62,15.9,0.0,11.6,Cloudy,0,0
2026-01-08 23:30:00,40.757578900540494,-74.00137072379778,Highway,90,74.3,0.174,Low,17.7,72,24.2,1.9,7.6,Rain,0,0
2026-01-08 23:45:00,40.766587582479154,-73.99317238893734,Highway,90,69.8,0.224,Low,16.6,72,9.1,0.0,13.0,Cloudy,0,0
2026-01-09 00:00:00,40.76800002900923,-73.99210636383908,Residential,30,11.8,0.607,Heavy,19.7,88,14.6,11.5,2.8,Snow,0,0
2026-01-09 00:15:00,40.761999470700175,-73.98858294419902,Arterial,60,47.9,0.202,Low,18.6,38,29.2,0.0,8.5,Cloudy,0,0
2026-01-09 00:30:00,40.76935475819183,-73.99729335599673,Residential,30,25.3,0.157,Low,14.9,57,15.1,0.0,12.0,Clear,0,0
2026-01-09 00:45:00,40.738367482777456,-74.00754451489198,Residential,30,24.2,0.193,Low,8.5,71,26.8,4.2,7.9,Rain,0,0
2026-01-09 01:00:00,40.76651493729876,-73.99989454930432,Residential,30,26.8,0.107,Low,23.2,67,31.4,0.0,10.4,Cloudy,0,0
2026-01-09 01:15:00,40.76541209048229,-74.00308832268809,City_Street,40,39.1,0.022,Low,25.2,20,16.8,0.0,13.3,Clear,0,0
2026-01-09 01:30:00,40.75680015744892,-74.00097756601252,Arterial,60,50.4,0.16,Low,24.1,94,11.7,0.0,11.3,Cloudy,0,0
2026-01-09 01:45:00,40.74840683825932,-73.98688275024627,Residential,30,30.0,0.0,Low,24.6,66,18.2,0.0,9.8,Clear,0,0
2026-01-09 02:00:00,40.760486411424466,-74.01603728694802,Residential,30,20.9,0.303,Moderate,5.7,81,14.1,2.9,7.2,Rain,0,0
2026-01-09 02:15:00,40.771340073401646,-73.98288259034587,City_Street,40,34.4,0.14,Low,8.1,62,34.4,0.0,11.1,Clear,0,0
2026-01-09 02:30:00,40.75998940011546,-73.99660221349932,City_Street,40,32.0,0.2,Low,12.5,36,15.8,5.3,7.6,Rain,0,0
2026-01-09 02:45:00,40.75661478454079,-74.00595199316402,Residential,30,25.1,0.163,Low,18.0,59,15.7,0.0,12.5,Cloudy,0,0
2026-01-09 03:00:00,40.763228834259955,-74.00852563892308,Highway,90,84.3,0.063,Low,14.6,48,31.6,0.0,9.9,Cloudy,0,0
2026-01-09 03:15:00,40.7679653368046,-74.00448649160225,City_Street,40,40.0,0.0,Low,22.3,58,33.8,0.0,10.3,Cloudy,0,0
2026-01-09 03:30:00,40.780218342028405,-74.00019045767479,Highway,90,69.4,0.229,Low,24.5,36,5.2,0.0,14.7,Clear,0,0
2026-01-09 03:45:00,40.7527575746209,-74.00652067193833,Residential,30,20.5,0.317,Moderate,16.2,61,2.1,5.5,7.8,Rain,0,0
2026-01-09 04:00:00,40.74878360894977,-74.01144668994249,Highway,90,75.8,0.158,Low,20.4,61,30.6,0.0,14.6,Clear,0,0
2026-01-09 04:15:00,40.762928601968504,-74.0046544683873,Arterial,60,48.4,0.193,Low,11.2,49,34.1,0.0,10.0,Clear,0,0
2026-01-09 04:30:00,40.76015177826266,-74.00432074265801,City_Street,40,17.9,0.552,Heavy,20.7,62,15.7,2.5,0.9,Snow,0,0
2026-01-09 04:45:00,40.772322310901075,-74.00797571222074,City_Street,40,35.4,0.115,Low,18.8,42,2.7,0.0,11.8,Clear,0,0
2026-01-09 05:00:00,40.775442922105036,-74.01854940107488,Residential,30,24.4,0.187,Low,12.8,34,7.0,0.0,12.0,Clear,0,0
2026-01-09 05:15:00,40.76216349065838,-73.9997930674976,Arterial,60,54.2,0.097,Low,25.2,68,15.1,0.0,12.6,Cloudy,0,0
2026-01-09 05:30:00,40.76625027830348,-74.0052340919422,Residential,30,13.8,0.54,Moderate,14.4,71,34.8,2.7,0.9,Snow,0,0
2026-01-09 05:45:00,40.773967273488104,-74.00492568742929,Arterial,60,54.7,0.088,Low,21.5,71,18.0,0.0,14.2,Clear,0,0
2026-01-09 06:00:00,40.74680677643617,-74.01034170594468,Arterial,60,25.1,0.582,Heavy,8.6,64,35.0,4.0,1.2,Snow,0,0
2026-01-09 06:15:00,40.758756740831146,-74.01800096796893,Highway,90,80.3,0.108,Low,22.1,64,17.3,0.0,9.6,Clear,0,0
2026-01-09 06:30:00,40.76797400511118,-74.00532515274058,City_Street,40,30.7,0.233,Low,22.2,50,23.6,0.0,12.2,Clear,0,0
2026-01-09 06:45:00,40.74557774631788,-74.00748461460825,City_Street,40,35.5,0.113,Low,28.3,50,7.1,0.0,14.0,Cloudy,0,0
2026-01-09 07:00:00,40.757071124512585,-74.0095983472507,Residential,30,15.1,0.497,Moderate,12.7,43,20.9,0.0,11.0,Clear,0,1
2026-01-09 07:15:00,40.76254896090158,-74.02247593655032,Arterial,60,28.5,0.525,Moderate,12.4,70,11.4,0.0,14.0,Clear,0,1
2026-01-09 07:30:00,40.76558110410135,-74.01437728516713,City_Street,40,8.6,0.785,Heavy,16.2,100,31.3,11.5,1.8,Snow,0,1
2026-01-09 07:45:00,40.74921630082727,-74.01716248895849,Residential,30,12.3,0.59,Heavy,9.6,33,25.7,0.0,8.6,Cloudy,0,1
2026-01-09 08:00:00,40.754206457727044,-74.01328437109996,City_Street,40,20.6,0.485,Moderate,18.9,72,18.0,0.0,14.7,Cloudy,0,1
2026-01-09 08:15:00,40.762173738822696,-74.01811816399082,City_Street,40,20.4,0.49,Moderate,15.7,68,28.8,0.0,9.8,Cloudy,0,1
2026-01-09 08:30:00,40.78579948626819,-74.00784358314147,Arterial,60,30.3,0.495,Moderate,32.9,59,15.2,0.0,9.0,Clear,0,1
2026-01-09 08:45:00,40.75814780071105,-74.01106339858852,Highway,90,36.7,0.592,Heavy,11.4,71,9.4,0.0,8.6,Clear,0,1
2026-01-09 09:00:00,40.75296806624074,-74.03391955421156,Residential,30,15.0,0.5,Moderate,23.1,77,31.9,0.0,13.2,Cloudy,0,1
2026-01-09 09:15:00,40.76305375090602,-74.01807975866836,Arterial,60,27.2,0.547,Moderate,15.9,87,29.9,0.0,14.2,Clear,0,1
2026-01-09 09:30:00,40.76527706757191,-74.01835855178615,Highway,90,42.0,0.533,Moderate,25.3,74,29.5,0.0,14.6,Cloudy,0,1
2026-01-09 09:45:00,40.75681275055768,-74.02627341190971,Highway,90,46.4,0.484,Moderate,15.7,72,14.7,0.0,11.2,Clear,0,1
2026-01-09 10:00:00,40.7533347758598,-74.01832857196948,Residential,30,23.2,0.227,Low,17.5,48,26.2,0.0,9.6,Clear,0,0
2026-01-09 10:15:00,40.751457944286166,-74.01409304429862,Highway,90,69.3,0.23,Low,16.4,43,18.2,0.0,9.5,Clear,0,0
2026-01-09 10:30:00,40.75636898713928,-74.01206980325091,Highway,90,80.8,0.102,Low,21.3,34,29.9,0.0,14.4,Cloudy,0,0
2026-01-09 10:45:00,40.76591056554729,-74.01959945237002,Arterial,60,25.5,0.575,Heavy,18.7,59,30.3,5.4,0.9,Snow,0,0
2026-01-09 11:00:00,,,Highway,90,81.2,0.098,Low,19.6,58,33.8,0.0,10.4,Clear,0,0
2026-01-09 11:15:00,40.756937187957796,-74.00591302999585,Arterial,60,50.1,0.165,Low,14.6,60,27.2,0.0,11.3,Clear,0,0
2026-01-09 11:30:00,40.76212630909147,-74.02929647948459,Residential,30,27.9,0.07,Low,20.6,37,24.0,0.0,9.1,Clear,0,0
2026-01-09 11:45:00,40.757193432593596,-74.01286754454514,City_Street,40,33.9,0.153,Low,6.0,86,4.8,5.0,5.4,Rain,0,0
2026-01-09 12:00:00,40.75853854981064,-74.029516567976,Residential,30,23.0,0.233,Low,21.4,77,23.6,0.0,8.4,Cloudy,0,0
2026-01-09 12:15:00,40.781659260747524,-74.02076198216027,Arterial,60,46.2,0.23,Low,25.6,63,30.9,0.0,9.7,Clear,0,0
2026-01-09 12:30:00,40.76058169211154,-74.03288827422453,Arterial,60,60.0,0.0,Low,20.2,49,6.8,0.0,11.5,Cloudy,0,0
2026-01-09 12:45:00,40.75767723372975,-74.02554527325795,Arterial,60,55.9,0.068,Low,20.6,95,30.4,0.0,13.7,Cloudy,0,0
2026-01-09 13:00:00,40.76607950592991,-74.01876159270901,Arterial,60,47.5,0.208,Low,25.0,81,9.4,0.0,13.0,Cloudy,0,0
2026-01-09 13:15:00,40.75744948657683,-74.02880101892212,City_Street,40,39.4,0.015,Low,13.0,91,12.5,0.0,8.2,Clear,0,0
2026-01-09 13:30:00,40.744028006790536,-74.03482285711179,Arterial,60,54.0,0.1,Low,21.6,55,21.8,0.0,10.1,Clear,0,0
2026-01-09 13:45:00,40.75329666224928,-74.02324945433966,Residential,30,28.0,0.067,Low,20.3,61,22.0,0.0,13.3,Clear,0,0
2026-01-09 14:00:00,40.75357836207309,-74.02215145358441,Arterial,60,57.8,0.037,Low,18.8,63,21.9,0.0,14.8,Clear,0,0
2026-01-09 14:15:00,40.75447598032922,-74.02502628617908,Residential,30,25.3,0.157,Low,16.6,53,6.1,5.1,4.7,Rain,0,0
2026-01-09 14:30:00,40.771661338475674,-74.03025122663026,Residential,30,25.9,0.137,Low,21.8,53,24.7,0.0,8.4,Clear,0,0
2026-01-09 14:45:00,40.7402490446,-74.03246681312673,Residential,30,17.5,0.417,Moderate,23.8,53,32.7,0.0,1.2,Fog,0,0
2026-01-09 15:00:00,40.75269827281724,-74.03898739923282,Residential,30,21.1,0.297,Moderate,17.2,67,9.1,1.2,6.2,Rain,0,0
2026-01-09 15:15:00,40.7592659461832,-74.04092477036592,Arterial,60,55.2,0.08,Low,29.8,70,26.3,0.0,12.1,Clear,0,0
2026-01-09 15:30:00,40.773275587041496,-74.02330637595688,City_Street,40,38.0,0.05,Low,16.3,52,23.3,0.0,12.9,Clear,0,0
2026-01-09 15:45:00,40.767102574950414,-74.03419251971069,Residential,30,30.0,0.0,Low,18.7,60,14.4,0.0,12.9,Cloudy,0,0
2026-01-09 16:00:00,40.73351702144018,-74.02117698992939,Arterial,60,58.7,0.022,Low,30.3,74,33.4,0.0,8.7,Cloudy,0,0
2026-01-09 16:15:00,40.75766580063535,-74.02198987371948,Residential,30,27.0,0.1,Low,12.7,77,21.1,0.0,10.1,Clear,0,0
2026-01-09 16:30:00,40.77331661786214,-74.0336218600203,City_Street,40,38.0,0.05,Low,22.9,80,11.7,0.0,12.2,Clear,0,0
2026-01-09 16:45:00,40.756422823812905,-74.02109674834611,City_Street,40,35.2,0.12,Low,25.5,29,34.9,0.0,8.8,Cloudy,0,0
2026-01-09 17:00:00,40.7488751220928,-74.0367776354438,Arterial,60,28.1,0.532,Moderate,7.9,66,25.2,0.0,12.0,Clear,0,1
2026-01-09 17:15:00,40.752803216680576,-74.03740263961438,Highway,90,46.0,0.489,Moderate,17.6,59,20.9,0.0,10.8,Clear,0,1
2026-01-09 17:30:00,40.75437508759524,-74.02740099917078,Arterial,60,25.1,0.582,Heavy,17.6,69,21.2,5.9,5.2,Rain,0,1
2026-01-09 17:45:00,40.7515634967505,-74.02071128888126,Residential,30,15.1,0.497,Moderate,20.2,34,6.3,0.0,8.2,Cloudy,0,1
2026-01-09 18:00:00,40.747699791571485,-74.03167508166693,City_Street,40,15.8,0.605,Heavy,16.0,89,25.3,1.3,7.7,Rain,0,1
2026-01-09 18:15:00,40.7646101043295,-74.03859078653157,Highway,90,39.7,0.559,Heavy,21.4,59,22.2,0.0,9.6,Clear,0,1
2026-01-09 18:30:00,40.756755383117,-74.03969330246971,Arterial,60,29.2,0.513,Moderate,24.3,58,19.1,0.0,13.7,Clear,0,1
2026-01-09 18:45:00,40.74962460287524,-74.02474576264815,Arterial,60,28.8,0.52,Moderate,16.2,53,9.3,0.0,13.7,Clear,0,1
2026-01-09 19:00:00,40.76188828051454,-74.02863694640448,City_Street,40,18.3,0.542,Moderate,25.1,90,23.2,0.0,10.8,Clear,0,1
2026-01-09 19:15:00,40.75352370828552,-74.02613806219684,City_Street,40,12.3,0.693,Heavy,17.3,88,25.4,15.1,2.8,Heavy Rain,0,1
2026-01-09 19:30:00,40.76925260385084,-74.03163553598648,Highway,90,38.8,0.569,Heavy,26.7,65,28.2,0.0,11.3,Clear,0,1
2026-01-09 19:45:00,40.743281735670045,-74.03814529479587,Residential,30,13.1,0.563,Heavy,17.0,83,15.4,0.0,10.5,Cloudy,0,1
2026-01-09 20:00:00,40.748506328500994,-74.03094507721976,Arterial,60,40.8,0.32,Moderate,8.0,86,12.5,5.5,4.8,Rain,0,0
2026-01-09 20:15:00,40.75498427463961,-74.02988550084352,Arterial,60,50.3,0.162,Low,18.7,64,11.4,0.0,9.9,Clear,0,0
2026-01-09 20:30:00,40.76369363205948,-74.02291657281378,Highway,90,90.0,0.0,Low,18.0,53,17.2,0.0,12.7,Cloudy,0,0
2026-01-09 20:45:00,40.75591521893995,-74.03328866971145,Highway,90,68.4,0.24,Low,15.4,73,16.6,4.9,7.8,Rain,0,0
2026-01-09 21:00:00,40.731752402859755,-74.03429313250048,Residential,30,18.8,0.373,Moderate,14.0,75,28.3,2.7,6.2,Rain,0,0
2026-01-09 21:15:00,40.75879542661916,-74.03665708793105,City_Street,40,40.0,0.0,Low,20.9,47,10.8,0.0,11.7,Clear,0,0
2026-01-09 21:30:00,40.779933654683425,-74.03569638477141,City_Street,40,32.3,0.193,Low,16.1,70,28.3,0.0,8.4,Clear,0,0
2026-01-09 21:45:00,40.751098327237266,-74.04563779571697,Residential,30,30.0,0.0,Low,25.4,76,18.3,0.0,12.9,Clear,0,0
2026-01-09 22:00:00,40.74603288022291,-74.04491404665819,Residential,30,23.8,0.207,Low,22.8,63,28.6,7.0,4.9,Rain,0,0
2026-01-09 22:15:00,40.75448524891723,-74.0435921287346,Arterial,60,46.6,0.223,Low,29.9,61,28.8,0.0,12.4,Cloudy,0,0
2026-01-09 22:30:00,40.75463453291029,-74.03854811860649,City_Street,40,39.4,0.015,Low,25.6,71,4.5,0.0,9.6,Clear,0,0
2026-01-09 22:45:00,40.75270007884867,-74.05404125486774,Residential,30,29.8,0.007,Low,23.2,58,4.9,0.0,13.1,Clear,0,0
2026-01-09 23:00:00,40.75929744015416,-74.02708341150141,Residential,30,28.1,0.063,Low,32.3,43,24.1,0.0,11.1,Cloudy,0,0
2026-01-09 23:15:00,40.747007424067256,-74.04401308176489,Arterial,60,39.8,0.337,Moderate,23.4,64,26.1,2.0,5.0,Rain,0,0
2026-01-09 23:30:00,40.742068506025575,-74.05093137209589,City_Street,40,40.0,0.0,Low,21.0,72,27.9,0.0,11.5,Cloudy,0,0
2026-01-09 23:45:00,40.74147425488462,-74.03557942210125,Highway,90,73.9,0.179,Low,13.6,55,26.9,0.0,14.6,Cloudy,0,0
2026-01-10 00:00:00,40.745942865533706,-74.03581467889691,Arterial,60,34.1,0.432,Moderate,14.4,61,25.8,0.0,0.7,Fog,1,0
2026-01-10 00:15:00,40.74463036825994,-74.05700239871496,Arterial,60,58.1,0.032,Low,22.3,69,34.9,0.0,8.4,Cloudy,1,0
2026-01-10 00:30:00,40.73969795285722,-74.05512337675941,Highway,90,81.3,0.097,Low,23.2,52,25.3,0.0,10.1,Cloudy,1,0
2026-01-10 00:45:00,40.74876483694315,-74.04404771658052,City_Street,40,36.1,0.097,Low,18.5,78,11.4,0.0,9.4,Cloudy,1,0
2026-01-10 01:00:00,40.74189595724965,-74.03694458331007,City_Street,40,35.9,0.103,Low,24.8,65,27.7,0.0,8.6,Clear,1,0
2026-01-10 01:15:00,40.74014358207652,-74.02977415587904,Residential,30,30.0,0.0,Low,10.6,77,30.9,0.0,11.7,Clear,1,0
2026-01-10 01:30:00,40.73610803728481,-74.03335145602071,City_Street,40,38.9,0.028,Low,17.5,64,11.5,0.0,12.4,Cloudy,1,0
2026-01-10 01:45:00,40.73839915505607,-74.0680114904291,Arterial,60,52.5,0.125,Low,22.6,33,7.5,0.0,10.1,Cloudy,1,0
2026-01-10 02:00:00,40.743096290027495,-74.0450423383333,Arterial,60,60.0,0.0,Low,18.8,61,12.1,0.0,8.4,Clear,1,0
2026-01-10 02:15:00,40.73270010027472,-74.03936278884863,Highway,90,90.0,0.0,Low,20.5,71,15.3,0.0,12.1,Cloudy,1,0
2026-01-10 02:30:00,40.73897883559829,-74.04400211823626,Highway,90,58.0,0.356,Moderate,26.8,41,10.7,0.0,1.5,Fog,1,0
2026-01-10 02:45:00,40.73746692002215,-74.04074214716451,Residential,30,28.8,0.04,Low,17.7,25,34.0,0.0,8.3,Clear,1,0
2026-01-10 03:00:00,40.746781074624046,-74.04909409710785,Highway,90,88.9,0.012,Low,10.1,47,24.2,0.0,8.5,Clear,1,0
2026-01-10 03:15:00,40.73335733073541,-74.03546363646726,City_Street,40,40.0,0.0,Low,19.5,85,33.5,0.0,13.7,Clear,1,0
2026-01-10 03:30:00,40.74920077570653,-74.05008242571226,Residential,30,21.3,0.29,Moderate,19.3,45,4.6,5.5,5.6,Rain,1,0
2026-01-10 03:45:00,40.73974741635822,-74.0512795351407,Arterial,60,42.5,0.292,Moderate,16.3,74,5.3,1.0,4.7,Rain,1,0
2026-01-10 04:00:00,40.75044434956048,-74.05469416875339,City_Street,40,30.5,0.238,Low,24.3,88,17.3,2.4,4.3,Rain,1,0
2026-01-10 04:15:00,40.74482335501466,-74.0336230790815,City_Street,40,32.3,0.193,Low,15.6,58,11.5,0.0,12.3,Clear,1,0
2026-01-10 04:30:00,40.74850079601622,-74.05153434246435,City_Street,40,35.9,0.103,Low,13.3,72,10.4,0.0,9.5,Clear,1,0
2026-01-10 04:45:00,40.742228116430695,-74.04380383853875,City_Street,40,37.4,0.065,Low,25.1,53,16.5,0.0,10.9,Cloudy,1,0
2026-01-10 05:00:00,40.73487504918905,-74.0463701710354,City_Street,40,34.9,0.128,Low,24.7,49,3.5,0.0,9.1,Clear,1,0
2026-01-10 05:15:00,40.73971849976069,-74.05210455563271,City_Street,40,36.1,0.097,Low,27.0,79,5.5,0.0,13.8,Clear,1,0
2026-01-10 05:30:00,40.742329565759796,-74.04615925173756,Highway,90,79.5,0.117,Low,23.9,41,2.4,0.0,13.0,Cloudy,1,0
2026-01-10 05:45:00,40.74964798621135,-74.04862464419597,Residential,30,23.4,0.22,Low,12.3,43,26.5,0.0,13.0,Clear,1,0
2026-01-10 06:00:00,40.73780036416227,-74.04440017954403,Arterial,60,53.3,0.112,Low,18.7,42,18.9,0.0,8.5,Clear,1,0
2026-01-10 06:15:00,40.7386951333901,-74.03726164586136,Residential,30,20.4,0.32,Moderate,7.6,57,13.3,3.6,6.0,Rain,1,0
2026-01-10 06:30:00,40.738198853231175,-74.04215035612029,Highway,90,74.8,0.169,Low,8.8,57,2.7,0.0,13.8,Clear,1,0
2026-01-10 06:45:00,40.744539164140235,-74.04106018891072,City_Street,40,22.9,0.427,Moderate,22.1,72,25.8,0.0,1.4,Fog,1,0
2026-01-10 07:00:00,40.73510787096097,-74.0640128710864,Highway,90,90.0,0.0,Low,26.8,64,9.7,0.0,11.0,Clear,1,0
2026-01-10 07:15:00,40.74042469185979,-74.05679654699821,Residential,30,26.5,0.117,Low,15.5,50,2.6,0.0,14.6,Cloudy,1,0
2026-01-10 07:30:00,40.73137059929569,-74.04574242017526,Arterial,60,60.0,0.0,Low,13.7,60,29.5,0.0,10.9,Clear,1,0
2026-01-10 07:45:00,40.73050956836552,-74.05771602736769,Highway,90,73.6,0.182,Low,20.5,36,33.2,0.0,11.9,Clear,1,0
2026-01-10 08:00:00,40.734039274630405,-74.04849739309292,Arterial,60,33.2,0.447,Moderate,21.0,54,15.6,10.0,1.2,Heavy Rain,1,0
2026-01-10 08:15:00,40.732896870824085,-74.03911206776351,Arterial,60,47.0,0.217,Low,18.3,43,33.3,0.0,12.1,Clear,1,0
2026-01-10 08:30:00,40.71810475435343,-74.05332164882309,City_Street,40,30.7,0.233,Low,19.8,68,10.5,0.0,10.9,Clear,1,0
2026-01-10 08:45:00,40.73335333269641,-74.04748585848677,Residential,30,24.2,0.193,Low,22.6,33,19.6,2.6,7.0,Rain,1,0
2026-01-10 09:00:00,40.73364811749805,-74.06297521860682,Highway,90,56.7,0.37,Moderate,22.7,60,30.5,0.0,1.4,Fog,1,0
2026-01-10 09:15:00,40.735623952872665,-74.05408014193137,Arterial,60,48.6,0.19,Low,18.9,20,11.0,0.0,9.5,Clear,1,0
2026-01-10 09:30:00,40.72937392384189,-74.04947346565272,City_Street,40,26.3,0.343,Moderate,11.4,59,21.0,3.3,6.2,Rain,1,0
2026-01-10 09:45:00,40.73530764464383,-74.05693004791357,Residential,30,23.1,0.23,Low,18.1,93,12.3,5.7,4.1,Rain,1,0
2026-01-10 10:00:00,40.72107686507796,-74.07079387236925,Residential,30,24.4,0.187,Low,8.8,90,32.7,5.6,6.6,Rain,1,0
2026-01-10 10:15:00,40.730941377772744,-74.06035415330221,Arterial,60,55.2,0.08,Low,15.5,47,8.5,0.0,14.9,Clear,1,0
2026-01-10 10:30:00,40.74071697555362,-74.04589495423872,Highway,90,70.0,0.222,Low,14.1,47,8.1,6.7,5.1,Rain,1,0
2026-01-10 10:45:00,40.74778023381651,-74.0693836070581,City_Street,40,40.0,0.0,Low,12.3,79,25.0,0.0,10.7,Clear,1,0
2026-01-10 11:00:00,40.73189063366602,-74.05863618962559,Residential,30,28.7,0.043,Low,22.4,81,18.1,0.0,8.3,Clear,1,0
2026-01-10 11:15:00,40.73090803974582,-74.04830285242603,Residential,30,19.2,0.36,Moderate,16.8,68,24.3,0.0,0.4,Fog,1,0
2026-01-10 11:30:00,40.72018383440665,-74.06025621217753,Arterial,60,50.7,0.155,Low,24.1,41,4.7,0.0,8.2,Clear,1,0
2026-01-10 11:45:00,40.734655993838864,-74.04047742121217,Highway,90,73.7,0.181,Low,26.5,38,24.4,0.0,13.3,Clear,1,0
2026-01-10 12:00:00,40.71268431842696,-74.0425968613999,City_Street,40,26.0,0.35,Moderate,24.2,45,32.2,0.0,12.2,Clear,1,0
2026-01-10 12:15:00,40.725002837911255,-74.05029017235067,Highway,90,53.2,0.409,Moderate,20.2,48,30.0,1.8,5.6,Rain,1,0
2026-01-10 12:30:00,40.72734742387033,-74.04665507609691,City_Street,40,25.0,0.375,Moderate,4.5,61,14.1,2.1,5.6,Rain,1,0
2026-01-10 12:45:00,,,Arterial,60,41.1,0.315,Moderate,17.3,47,10.7,0.0,11.6,Clear,1,0
2026-01-10 13:00:00,40.72567125281458,-74.06802556605052,Arterial,60,33.8,0.437,Moderate,17.6,97,33.8,6.7,6.3,Rain,1,0
2026-01-10 13:15:00,40.73117048332723,-74.0518295312008,City_Street,40,32.0,0.2,Low,25.2,45,28.8,0.0,8.6,Clear,1,0
2026-01-10 13:30:00,40.713464355435576,-74.05150974793216,Residential,30,21.0,0.3,Moderate,11.1,30,13.3,3.8,7.7,Rain,1,0
2026-01-10 13:45:00,40.71643218983393,-74.03707947995694,Highway,90,69.8,0.224,Low,11.6,52,22.0,0.0,14.1,Clear,1,0
2026-01-10 14:00:00,40.72744446552042,-74.06652274096773,Arterial,60,50.4,0.16,Low,16.4,75,34.4,0.0,12.0,Cloudy,1,0
2026-01-10 14:15:00,40.718251271827135,-74.05746436758662,Residential,30,19.2,0.36,Moderate,21.8,68,3.8,0.0,14.6,Cloudy,1,0
2026-01-10 14:30:00,40.7144471602151,-74.05664890473273,Residential,30,24.5,0.183,Low,23.7,61,13.7,0.0,11.7,Cloudy,1,0
2026-01-10 14:45:00,40.73266675538894,-74.06139744229748,Residential,30,22.8,0.24,Low,22.4,38,18.0,0.0,12.0,Cloudy,1,0
2026-01-10 15:00:00,40.73270708779077,-74.06135596104968,Arterial,60,50.8,0.153,Low,14.8,41,29.4,0.0,12.0,Clear,1,0
2026-01-10 15:15:00,40.71093385676713,-74.05714827948988,Highway,90,62.2,0.309,Moderate,15.7,73,12.3,3.4,6.4,Rain,1,0
2026-01-10 15:30:00,40.71034142585657,-74.05120282148187,City_Street,40,29.9,0.253,Moderate,17.2,56,33.3,0.0,12.1,Cloudy,1,0
2026-01-10 15:45:00,40.70978703674312,-74.05928771919946,Arterial,60,38.7,0.355,Moderate,21.9,42,30.6,0.0,11.3,Clear,1,0
2026-01-10 16:00:00,40.71587966175454,-74.05669552545903,Highway,90,56.3,0.374,Moderate,13.7,100,15.8,1.2,6.5,Rain,1,0
2026-01-10 16:15:00,40.71732136444118,-74.0592043078699,Highway,90,70.6,0.216,Low,16.6,67,31.5,0.0,14.4,Clear,1,0
2026-01-10 16:30:00,40.719307635904045,-74.0697157028836,Arterial,60,45.3,0.245,Low,16.7,44,30.6,0.0,13.4,Cloudy,1,0
2026-01-10 16:45:00,40.7154517038328,-74.05968582462036,Highway,90,60.5,0.328,Moderate,8.3,70,34.5,1.0,7.0,Rain,1,0
2026-01-10 17:00:00,40.71545721502685,-74.04073158175197,Residential,30,22.7,0.243,Low,14.7,51,32.2,0.0,13.7,Clear,1,0
2026-01-10 17:15:00,40.718240657539106,-74.05971414687124,Arterial,60,50.3,0.162,Low,26.6,76,18.6,0.0,13.3,Clear,1,0
2026-01-10 17:30:00,40.71501502984944,-74.06093873615575,City_Street,40,25.7,0.358,Moderate,25.5,88,32.0,0.0,9.8,Cloudy,1,0
2026-01-10 17:45:00,40.716205429487644,-74.03858730230644,Residential,30,20.6,0.313,Moderate,16.8,84,9.5,0.0,13.3,Cloudy,1,0
2026-01-10 18:00:00,40.714528881050875,-74.07326299555434,Residential,30,11.6,0.613,Heavy,7.1,61,19.6,5.0,1.2,Snow,1,0
2026-01-10 18:15:00,40.70763460122853,-74.05014069961464,Residential,30,23.9,0.203,Low,15.4,52,3.2,0.0,9.8,Cloudy,1,0
2026-01-10 18:30:00,40.704070971055835,-74.05040850545676,City_Street,40,27.1,0.323,Moderate,20.4,82,6.8,1.1,7.4,Rain,1,0
2026-01-10 18:45:00,40.727650231745706,-74.04870558408342,Residential,30,19.9,0.337,Moderate,16.5,93,2.5,0.0,8.3,Clear,1,0
2026-01-10 19:00:00,40.71036194176196,-74.05447392723916,Residential,30,29.9,0.003,Low,16.8,57,31.3,0.0,14.3,Clear,1,0
2026-01-10 19:15:00,40.72067104089158,-74.05798765436616,Residential,30,29.7,0.01,Low,12.8,53,31.7,0.0,9.6,Clear,1,0
2026-01-10 19:30:00,40.7167436902329,-74.05249328010022,Residential,30,30.0,0.0,Low,20.2,58,16.7,0.0,10.8,Cloudy,1,0
2026-01-10 19:45:00,40.70340336467187,-74.05552007620483,Highway,90,85.4,0.051,Low,17.9,82,26.0,0.0,12.4,Clear,1,0
2026-01-10 20:00:00,40.69897011403717,-74.05397366742685,City_Street,40,36.2,0.095,Low,19.8,56,2.7,0.0,9.3,Clear,1,0
2026-01-10 20:15:00,40.7094556754776,-74.05301930974967,Arterial,60,41.7,0.305,Moderate,11.4,74,7.7,2.6,6.1,Rain,1,0
2026-01-10 20:30:00,40.715127344380896,-74.05661139322271,Arterial,60,56.9,0.052,Low,19.2,86,30.1,0.0,11.5,Cloudy,1,0
2026-01-10 20:45:00,40.717458462417355,-74.05475043243591,City_Street,40,38.4,0.04,Low,22.2,31,24.4,0.0,8.6,Cloudy,1,0
2026-01-10 21:00:00,40.706327899814,-74.03792850075592,Residential,30,28.2,0.06,Low,10.9,40,21.4,0.0,10.7,Cloudy,1,0
2026-01-10 21:15:00,40.71241365036936,-74.0452198562808,City_Street,40,35.7,0.107,Low,17.4,71,9.1,0.0,11.8,Clear,1,0
2026-01-10 21:30:00,40.709667253585586,-74.0416304843197,Residential,30,23.2,0.227,Low,14.0,82,32.4,7.4,7.2,Rain,1,0
2026-01-10 21:45:00,40.70887922145401,-74.03472518683067,City_Street,40,39.5,0.012,Low,25.8,77,33.1,0.0,12.7,Clear,1,0
2026-01-10 22:00:00,40.706803678174815,-74.05974056483954,City_Street,40,36.9,0.078,Low,23.6,73,3.4,0.0,11.5,Cloudy,1,0
2026-01-10 22:15:00,40.70395554694202,-74.0472213065503,Highway,90,71.5,0.206,Low,23.3,57,5.6,0.0,13.8,Clear,1,0
2026-01-10 22:30:00,40.70343055496943,-74.05428977602838,Highway,90,43.6,0.516,Moderate,5.7,100,20.0,22.0,3.3,Heavy Rain,1,0
2026-01-10 22:45:00,40.70493506416441,-74.0542122467377,Arterial,60,50.9,0.152,Low,22.3,63,32.0,0.0,9.6,Clear,1,0
2026-01-10 23:00:00,40.7102244657885,-74.05758673093611,Residential,30,29.4,0.02,Low,19.4,69,4.7,0.0,11.9,Clear,1,0
2026-01-10 23:15:00,40.69262701811579,-74.05270318824283,Highway,90,80.8,0.102,Low,16.8,48,9.7,0.0,10.9,Clear,1,0
2026-01-10 23:30:00,40.71161325551659,-74.06750577391938,Highway,90,90.0,0.0,Low,16.4,74,26.4,0.0,10.8,Clear,1,0
2026-01-10 23:45:00,40.70901715006991,-74.05307399409422,Highway,90,85.6,0.049,Low,20.2,71,21.1,0.0,11.4,Cloudy,1,0
2026-01-11 00:00:00,40.70267437646522,-74.04263264952743,City_Street,40,37.1,0.073,Low,26.0,70,26.5,0.0,9.1,Cloudy,1,0
2026-01-11 00:15:00,40.69982572023697,-74.04617526401212,City_Street,40,40.0,0.0,Low,23.8,56,17.3,0.0,11.5,Cloudy,1,0
2026-01-11 00:30:00,40.69905241467983,-74.05384561891454,City_Street,40,26.4,0.34,Moderate,11.0,95,29.2,3.4,4.1,Rain,1,0
2026-01-11 00:45:00,40.70347236835122,-74.04696504677672,Highway,90,73.0,0.189,Low,31.0,61,18.2,0.0,11.5,Cloudy,1,0
2026-01-11 01:00:00,40.69013315051585,-74.04189419737614,Residential,30,30.0,0.0,Low,21.4,79,7.8,0.0,8.3,Clear,1,0
2026-01-11 01:15:00,40.69616799569959,-74.04880275730193,City_Street,40,25.6,0.36,Moderate,22.7,73,15.8,0.0,0.3,Fog,1,0
2026-01-11 01:30:00,40.69987244910758,-74.06881698118481,City_Street,40,34.7,0.132,Low,15.1,40,29.9,0.0,13.2,Clear,1,0
2026-01-11 01:45:00,40.69720031350169,-74.03701832726816,Residential,30,28.6,0.047,Low,20.0,32,13.4,0.0,11.2,Clear,1,0
2026-01-11 02:00:00,40.68812997501985,-74.04486942574945,Arterial,60,45.9,0.235,Low,23.3,38,3.6,0.0,14.6,Clear,1,0
2026-01-11 02:15:00,40.68660839074361,-74.05640480056068,Residential,30,30.0,0.0,Low,23.6,100,34.1,0.0,11.7,Clear,1,0
2026-01-11 02:30:00,40.701878771082,-74.05293585162747,Arterial,60,57.0,0.05,Low,19.6,50,29.7,0.0,12.4,Clear,1,0
2026-01-11 02:45:00,40.69458236967523,-74.04023304808476,Arterial,60,58.4,0.027,Low,8.9,57,24.9,0.0,9.8,Clear,1,0
2026-01-11 03:00:00,40.69977585673576,-74.05980997868231,City_Street,40,30.4,0.24,Low,15.7,84,28.3,2.0,4.1,Rain,1,0
2026-01-11 03:15:00,40.68878372479657,-74.05066464252606,City_Street,40,35.5,0.113,Low,15.7,77,16.2,0.0,13.6,Cloudy,1,0
2026-01-11 03:30:00,40.69260840770349,-74.05202396519493,City_Street,40,30.0,0.25,Moderate,17.6,59,12.6,6.4,5.3,Rain,1,0
2026-01-11 03:45:00,40.70388321703721,-74.04515915545208,Arterial,60,55.3,0.078,Low,19.1,75,27.2,0.0,10.9,Cloudy,1,0
2026-01-11 04:00:00,40.70191057379613,-74.04997891390501,Residential,30,25.7,0.143,Low,18.5,75,28.3,0.0,10.1,Cloudy,1,0
2026-01-11 04:15:00,40.69692756780464,-74.05990167004191,Highway,90,78.8,0.124,Low,27.2,70,31.9,0.0,13.4,Clear,1,0
2026-01-11 04:30:00,40.69457895017749,-74.03396269466789,City_Street,40,31.4,0.215,Low,11.2,96,23.4,0.0,8.9,Clear,1,0
2026-01-11 04:45:00,40.69366156921726,-74.05464950649014,City_Street,40,32.6,0.185,Low,13.9,91,22.8,7.4,6.4,Rain,1,0
2026-01-11 05:00:00,40.6898155914745,-74.05773878649913,Arterial,60,52.0,0.133,Low,24.6,65,8.1,0.0,10.0,Clear,1,0
2026-01-11 05:15:00,40.714680343626384,-74.06297756109342,Residential,30,26.3,0.123,Low,18.1,64,22.7,0.0,13.4,Clear,1,0
2026-01-11 05:30:00,40.69049858153664,-74.05217367731211,Highway,90,90.0,0.0,Low,18.1,62,9.0,0.0,11.9,Clear,1,0
2026-01-11 05:45:00,40.691591247674864,-74.04555132594814,Highway,90,87.1,0.032,Low,21.9,68,19.7,0.0,14.1,Cloudy,1,0
2026-01-11 06:00:00,40.69384521315757,-74.04619496776138,City_Street,40,36.8,0.08,Low,20.0,71,5.6,0.0,8.0,Clear,1,0
2026-01-11 06:15:00,40.692988153773804,-74.04909657768394,Residential,30,24.7,0.177,Low,20.6,38,26.5,0.0,11.9,Cloudy,1,0
2026-01-11 06:30:00,40.698686798751375,-74.04768055813085,Highway,90,56.4,0.373,Moderate,24.8,71,15.8,0.0,0.4,Fog,1,0
2026-01-11 06:45:00,40.69481341317957,-74.04966890497406,Highway,90,65.3,0.274,Moderate,5.2,92,19.8,7.4,5.7,Rain,1,0
2026-01-11 07:00:00,40.69501220904735,-74.04441382489476,Arterial,60,47.0,0.217,Low,16.9,85,10.5,0.0,12.6,Cloudy,1,0
2026-01-11 07:15:00,40.68525368902087,-74.05562075961383,Arterial,60,50.5,0.158,Low,22.2,64,8.2,0.0,12.3,Clear,1,0
2026-01-11 07:30:00,40.68799783285123,-74.05724912802148,Highway,90,71.3,0.208,Low,18.2,65,3.1,7.1,4.3,Rain,1,0
2026-01-11 07:45:00,40.680323046772294,-74.0539793513703,Arterial,60,47.8,0.203,Low,28.8,78,23.9,0.0,11.8,Clear,1,0
2026-01-11 08:00:00,40.69796461522118,-74.05654246858843,City_Street,40,24.5,0.387,Moderate,11.4,89,14.1,24.2,2.7,Heavy Rain,1,0
2026-01-11 08:15:00,40.689021372061326,-74.0623413284232,Arterial,60,56.2,0.063,Low,11.9,39,7.8,0.0,11.2,Cloudy,1,0
2026-01-11 08:30:00,40.68873524265026,-74.05212303541906,Highway,90,64.3,0.286,Moderate,14.7,90,18.2,6.4,4.6,Rain,1,0
2026-01-11 08:45:00,40.68208628762242,-74.0434891443084,City_Street,40,30.8,0.23,Low,25.0,63,16.9,0.0,14.1,Cloudy,1,0
2026-01-11 09:00:00,40.67980176398928,-74.03966483782168,Arterial,60,60.0,0.0,Low,19.9,32,8.1,0.0,8.3,Clear,1,0
2026-01-11 09:15:00,40.67896941882412,-74.04282004949214,Highway,90,80.3,0.108,Low,11.1,75,21.7,0.0,11.4,Cloudy,1,0
2026-01-11 09:30:00,40.68384633724251,-74.04409957166287,Arterial,60,41.9,0.302,Moderate,14.0,50,17.9,4.4,5.2,Rain,1,0
2026-01-11 09:45:00,40.68256142378281,-74.04636963727819,City_Street,40,39.4,0.015,Low,15.4,79,13.2,0.0,13.5,Clear,1,0
2026-01-11 10:00:00,40.67724502647859,-74.04323339007303,City_Street,40,37.0,0.075,Low,14.6,86,33.3,0.0,11.7,Clear,1,0
2026-01-11 10:15:00,40.68312753943105,-74.05172669629366,City_Street,40,31.3,0.218,Low,23.6,89,29.5,6.2,4.5,Rain,1,0
2026-01-11 10:30:00,40.676588586593155,-74.04418234656411,City_Street,40,30.9,0.228,Low,10.7,73,28.9,3.8,4.4,Rain,1,0
2026-01-11 10:45:00,40.685002982842235,-74.03768804194101,Highway,90,82.8,0.08,Low,13.4,48,33.9,0.0,11.5,Clear,1,0
2026-01-11 11:00:00,40.69498903055183,-74.05096653872876,Arterial,60,48.0,0.2,Low,20.5,81,5.2,0.0,11.9,Clear,1,0
2026-01-11 11:15:00,40.68354783663136,-74.05193091422119,City_Street,40,32.1,0.198,Low,16.7,73,25.4,0.0,11.9,Cloudy,1,0
2026-01-11 11:30:00,40.66631222856698,-74.03548752418888,City_Street,40,32.8,0.18,Low,16.4,87,8.5,0.0,13.7,Clear,1,0
2026-01-11 11:45:00,40.66468487659174,-74.04250023534331,Residential,30,26.6,0.113,Low,11.9,69,12.0,0.0,14.4,Cloudy,1,0
2026-01-11 12:00:00,40.68612049843719,-74.0464235720857,Residential,30,24.2,0.193,Low,9.4,78,21.6,0.0,9.5,Clear,1,0
2026-01-11 12:15:00,40.68871371245404,-74.04991193485237,Residential,30,12.0,0.6,Heavy,21.4,57,9.1,10.6,1.2,Heavy Rain,1,0
2026-01-11 12:30:00,40.68631965079323,-74.03649325205929,Highway,90,49.6,0.449,Moderate,5.4,63,32.7,2.1,6.6,Rain,1,0
2026-01-11 12:45:00,40.68290749876271,-74.04604844541431,City_Street,40,32.0,0.2,Low,19.9,45,11.1,0.0,12.3,Clear,1,0
2026-01-11 13:00:00,40.660159163775276,-74.0489689372267,Arterial,60,29.6,0.507,Moderate,17.0,70,3.1,0.0,0.5,Fog,1,0
2026-01-11 13:15:00,40.6775386778813,-74.03235054454258,Residential,30,14.9,0.503,Moderate,20.2,57,12.3,0.0,1.1,Fog,1,0
2026-01-11 13:30:00,40.68575005986302,-74.04584516405136,Highway,90,76.5,0.15,Low,21.6,35,3.1,0.0,9.3,Clear,1,0
2026-01-11 13:45:00,40.69257127826862,-74.04958100646475,Highway,90,36.4,0.596,Heavy,16.3,63,31.4,16.3,2.1,Heavy Rain,1,0
2026-01-11 14:00:00,40.6736679038921,-74.03963422491387,Arterial,60,48.5,0.192,Low,18.3,70,10.3,0.0,12.9,Clear,1,0
2026-01-11 14:15:00,40.676294385983304,-74.03586982110131,Highway,90,74.6,0.171,Low,21.9,71,22.3,0.0,12.6,Clear,1,0
2026-01-11 14:30:00,40.68773931892281,-74.03976102824832,Residential,30,18.5,0.383,Moderate,19.9,70,20.0,5.1,7.7,Rain,1,0
2026-01-11 14:45:00,40.6851375898966,-74.03944406404062,City_Street,40,33.4,0.165,Low,30.2,62,10.4,0.0,14.7,Clear,1,0
2026-01-11 15:00:00,40.666671270832175,-74.0409205179999,City_Street,40,33.1,0.172,Low,17.3,63,3.1,0.0,12.9,Clear,1,0
2026-01-11 15:15:00,,,City_Street,40,27.8,0.305,Moderate,24.2,69,22.1,0.0,14.6,Clear,1,0
2026-01-11 15:30:00,40.674532428525275,-74.03687915621975,Residential,30,14.2,0.527,Moderate,10.4,54,27.5,0.0,0.8,Fog,1,0
2026-01-11 15:45:00,40.68561254261215,-74.03611474107566,Highway,90,72.7,0.192,Low,23.2,62,25.7,0.0,9.2,Clear,1,0
2026-01-11 16:00:00,40.68390872259373,-74.04803843154825,Highway,90,76.9,0.146,Low,15.0,49,13.8,0.0,11.9,Cloudy,1,0
2026-01-11 16:15:00,40.67551934814591,-74.04116113758171,Arterial,60,42.7,0.288,Moderate,16.8,54,34.9,0.0,13.7,Clear,1,0
2026-01-11 16:30:00,40.65660118053348,-74.03852758012314,Arterial,60,48.3,0.195,Low,18.2,63,24.7,0.0,13.4,Cloudy,1,0
2026-01-11 16:45:00,40.67459956189171,-74.04135767456728,Residential,30,21.0,0.3,Moderate,24.4,68,34.6,0.0,13.1,Clear,1,0
2026-01-11 17:00:00,40.67399837179033,-74.04209441182286,Residential,30,22.6,0.247,Low,28.8,42,31.6,0.0,8.2,Clear,1,0
2026-01-11 17:15:00,40.68959785425332,-74.0526133083313,City_Street,40,19.1,0.522,Moderate,28.1,62,26.6,0.0,0.8,Fog,1,0
2026-01-11 17:30:00,40.672006376553874,-74.03728394081983,City_Street,40,33.3,0.168,Low,23.7,64,15.5,0.0,11.6,Cloudy,1,0
2026-01-11 17:45:00,40.6835656136624,-74.04697318910762,City_Street,40,32.4,0.19,Low,23.1,55,34.5,0.0,12.8,Clear,1,0
2026-01-11 18:00:00,40.67203530692956,-74.03953515088111,City_Street,40,32.8,0.18,Low,19.0,56,27.8,0.0,8.1,Cloudy,1,0
2026-01-11 18:15:00,40.66073202192195,-74.02632017307108,Residential,30,17.1,0.43,Moderate,16.8,62,24.2,2.2,6.7,Rain,1,0
2026-01-11 18:30:00,40.65560987066266,-74.03665459696418,City_Street,40,27.4,0.315,Moderate,20.9,50,22.5,0.0,10.9,Clear,1,0
2026-01-11 18:45:00,40.675743811504766,-74.03481701566318,Residential,30,25.2,0.16,Low,20.2,61,25.9,0.0,8.2,Cloudy,1,0
2026-01-11 19:00:00,40.65683737031197,-74.02643113582134,Highway,90,89.1,0.01,Low,24.1,61,26.6,0.0,12.8,Clear,1,0
2026-01-11 19:15:00,40.67639982475701,-74.0452385549113,City_Street,40,33.1,0.172,Low,17.6,74,33.1,0.0,11.4,Clear,1,0
2026-01-11 19:30:00,40.676413684144535,-74.02944976574501,Highway,90,90.0,0.0,Low,12.0,53,32.1,0.0,8.8,Clear,1,0
2026-01-11 19:45:00,40.67944283876653,-74.02434047275493,Residential,30,19.3,0.357,Moderate,12.9,47,16.6,5.6,5.7,Rain,1,0
2026-01-11 20:00:00,40.67128537631685,-74.0416857577896,Arterial,60,52.3,0.128,Low,24.1,52,23.0,0.0,8.1,Clear,1,0
2026-01-11 20:15:00,40.664042828997054,-74.03163745264392,City_Street,40,33.6,0.16,Low,35.7,76,17.3,0.0,14.1,Clear,1,0
2026-01-11 20:30:00,40.69191665386189,-74.03273583826316,City_Street,40,34.3,0.143,Low,16.4,43,13.5,0.0,14.7,Cloudy,1,0
2026-01-11 20:45:00,40.68448983095498,-74.02936329463276,Arterial,60,42.3,0.295,Moderate,21.7,58,14.4,0.0,0.2,Fog,1,0
2026-01-11 21:00:00,40.65425352380417,-74.02781935698256,Highway,90,81.8,0.091,Low,16.8,44,31.1,0.0,12.5,Cloudy,1,0
2026-01-11 21:15:00,40.6711142885795,-74.03877522125161,Highway,90,87.4,0.029,Low,14.7,45,29.0,0.0,12.2,Clear,1,0
2026-01-11 21:30:00,40.67339454783882,-74.03804075595163,Arterial,60,60.0,0.0,Low,17.5,61,9.4,0.0,12.3,Cloudy,1,0
2026-01-11 21:45:00,40.68301471867999,-74.02794334643427,Arterial,60,52.9,0.118,Low,14.6,58,9.1,0.0,12.7,Clear,1,0
2026-01-11 22:00:00,40.65858540720272,-74.02350663556516,Residential,30,17.8,0.407,Moderate,19.9,64,26.3,0.0,1.2,Fog,1,0
2026-01-11 22:15:00,40.6730074958774,-74.01939196173444,Residential,30,23.3,0.223,Low,20.7,68,9.7,0.0,12.1,Clear,1,0
2026-01-11 22:30:00,40.676174171348244,-74.0185517060001,Highway,90,65.7,0.27,Moderate,19.4,58,18.6,7.4,5.4,Rain,1,0
2026-01-11 22:45:00,40.670846670740495,-74.03136668963532,Arterial,60,60.0,0.0,Low,18.0,43,14.0,0.0,14.1,Clear,1,0
2026-01-11 23:00:00,40.67782398135727,-74.03060974864772,City_Street,40,33.7,0.157,Low,23.5,46,27.8,1.1,4.5,Rain,1,0
2026-01-11 23:15:00,40.6795454204886,-74.02463677982335,Residential,30,21.1,0.297,Moderate,8.3,61,34.4,6.0,5.7,Rain,1,0
2026-01-11 23:30:00,40.67103319812874,-74.03932317650664,Arterial,60,57.4,0.043,Low,17.9,50,31.1,0.0,9.3,Clear,1,0
2026-01-11 23:45:00,40.665016599845444,-74.03829462155204,Arterial,60,59.1,0.015,Low,14.4,74,3.5,0.0,11.4,Cloudy,1,0
2026-01-12 00:00:00,40.65506683959853,-74.01959712557452,City_Street,40,35.4,0.115,Low,15.5,64,10.9,0.0,13.1,Clear,0,0
2026-01-12 00:15:00,40.66601653093795,-74.03588785619617,Residential,30,27.0,0.1,Low,21.5,77,21.2,0.0,9.3,Clear,0,0
2026-01-12 00:30:00,40.67473131054003,-74.031532660399,Residential,30,20.8,0.307,Moderate,11.9,75,21.6,5.7,6.3,Rain,0,0
2026-01-12 00:45:00,40.658571369274576,-74.01867885508574,City_Street,40,30.7,0.233,Low,17.8,76,24.2,0.0,8.7,Cloudy,0,0
2026-01-12 01:00:00,40.65106646687767,-74.02994634888714,Highway,90,76.9,0.146,Low,20.5,65,16.1,0.0,14.2,Clear,0,0
2026-01-12 01:15:00,40.66094600162258,-74.01705460530977,Arterial,60,52.6,0.123,Low,16.0,20,31.6,0.0,13.8,Clear,0,0
2026-01-12 01:30:00,40.67560685117203,-74.02738992710457,City_Street,40,33.1,0.172,Low,6.8,72,14.0,0.0,12.5,Clear,0,0
2026-01-12 01:45:00,40.664635746644116,-74.02479389201417,Residential,30,24.7,0.177,Low,19.5,60,24.7,0.0,8.9,Clear,0,0
2026-01-12 02:00:00,40.67529302364413,-74.026198521458,Residential,30,22.6,0.247,Low,7.5,70,27.9,3.8,8.0,Rain,0,0
2026-01-12 02:15:00,40.652974988402406,-74.0110157532921,Highway,90,87.3,0.03,Low,18.3,42,15.2,0.0,10.4,Cloudy,0,0
2026-01-12 02:30:00,40.67317490441605,-74.01354071784633,Highway,90,65.6,0.271,Moderate,13.1,61,5.7,7.7,6.0,Rain,0,0
2026-01-12 02:45:00,40.67100454461665,-74.02477284740013,Highway,90,77.1,0.143,Low,26.1,62,7.3,0.0,14.2,Clear,0,0
2026-01-12 03:00:00,40.66372841224498,-74.01672391617045,City_Street,40,35.0,0.125,Low,26.0,52,32.9,0.0,13.6,Clear,0,0
2026-01-12 03:15:00,40.66606980947162,-74.02687433682937,City_Street,40,31.5,0.213,Low,21.0,78,34.1,0.0,12.8,Clear,0,0
2026-01-12 03:30:00,40.65997244244349,-74.01112916318137,Residential,30,26.6,0.113,Low,23.3,91,13.2,0.0,13.2,Clear,0,0
2026-01-12 03:45:00,40.66415962436516,-74.0090667460965,City_Street,40,32.5,0.188,Low,23.4,60,33.5,0.0,11.8,Clear,0,0
2026-01-12 04:00:00,40.663657035093,-74.00987022519455,City_Street,40,34.2,0.145,Low,16.6,42,12.5,0.0,11.4,Cloudy,0,0
2026-01-12 04:15:00,40.66912970514105,-74.02217178491313,Highway,90,58.2,0.353,Moderate,10.3,72,16.6,6.2,5.1,Rain,0,0
2026-01-12 04:30:00,40.6503424458146,-74.01343412590371,City_Street,40,33.2,0.17,Low,19.8,58,18.8,0.0,13.2,Cloudy,0,0
2026-01-12 04:45:00,40.66187220452798,-74.0022009115303,Arterial,60,48.0,0.2,Low,23.5,54,19.0,0.0,13.6,Clear,0,0
2026-01-12 05:00:00,40.666414290255084,-74.01895055664774,City_Street,40,40.0,0.0,Low,20.6,56,23.0,0.0,14.2,Clear,0,0
2026-01-12 05:15:00,40.663305524059375,-74.02029114612634,City_Street,40,36.6,0.085,Low,19.1,59,6.6,0.0,14.4,Clear,0,0
2026-01-12 05:30:00,40.67492144916855,-74.00139667146973,City_Street,40,31.4,0.215,Low,8.2,34,11.3,0.0,12.1,Clear,0,0
2026-01-12 05:45:00,40.66111198622447,-74.01036043215338,Residential,30,29.6,0.013,Low,18.3,94,34.5,0.0,10.8,Cloudy,0,0
2026-01-12 06:00:00,40.663210334729975,-74.01792166215084,Residential,30,30.0,0.0,Low,15.1,47,18.5,0.0,10.7,Cloudy,0,0
2026-01-12 06:15:00,40.665636649099866,-74.00813291361938,Highway,90,44.1,0.51,Moderate,7.7,67,22.8,10.6,3.0,Snow,0,0
2026-01-12 06:30:00,40.66301740076949,-74.01602669524054,Highway,90,36.5,0.594,Heavy,16.6,91,15.7,11.9,1.5,Snow,0,0
2026-01-12 06:45:00,40.66880988720121,-73.9959857162513,City_Street,40,35.6,0.11,Low,20.1,35,33.3,0.0,9.9,Clear,0,0
2026-01-12 07:00:00,40.66044520500246,-74.01186216782534,Arterial,60,19.9,0.668,Heavy,12.3,61,3.5,7.0,7.5,Rain,0,1
2026-01-12 07:15:00,40.655494843211024,-74.01334246626325,City_Street,40,18.5,0.537,Moderate,22.4,62,14.4,0.0,15.0,Clear,0,1
2026-01-12 07:30:00,40.6634673425954,-74.01549374882578,Residential,30,14.6,0.513,Moderate,24.2,40,19.1,0.0,8.9,Clear,0,1
2026-01-12 07:45:00,40.68534069362162,-74.01427464118028,Residential,30,14.4,0.52,Moderate,23.1,48,5.4,0.0,8.9,Clear,0,1
2026-01-12 08:00:00,40.67629664645545,-74.01789749010126,Residential,30,12.0,0.6,Heavy,18.0,68,17.1,6.8,7.7,Rain,0,1
2026-01-12 08:15:00,,,Highway,90,43.4,0.518,Moderate,17.7,55,30.3,0.0,11.7,Clear,0,1
2026-01-12 08:30:00,40.668459265811904,-74.00973598970965,Highway,90,42.2,0.531,Moderate,16.0,60,30.7,0.0,13.7,Clear,0,1
2026-01-12 08:45:00,40.65223396736803,-74.00434417376991,Highway,90,38.1,0.577,Heavy,18.6,53,34.6,0.0,9.5,Clear,0,1
2026-01-12 09:00:00,40.65250037943849,-74.01408564062598,Highway,90,21.2,0.764,Heavy,20.2,80,26.4,2.9,2.3,Snow,0,1
2026-01-12 09:15:00,,,Arterial,60,12.0,0.8,Severe,14.4,61,17.7,10.7,1.1,Snow,0,1
2026-01-12 09:30:00,40.65715201215222,-74.00111792467258,Residential,30,14.4,0.52,Moderate,20.9,73,7.3,0.0,11.7,Cloudy,0,1
2026-01-12 09:45:00,40.65896559163404,-74.01334547471738,City_Street,40,18.8,0.53,Moderate,23.6,48,32.4,0.0,10.2,Cloudy,0,1
2026-01-12 10:00:00,40.66031867413456,-74.00569685907476,Residential,30,30.0,0.0,Low,18.8,64,17.2,0.0,13.5,Clear,0,0
2026-01-12 10:15:00,40.65533959905425,-74.0066578918776,Arterial,60,38.5,0.358,Moderate,15.2,71,34.4,7.1,6.7,Rain,0,0
2026-01-12 10:30:00,40.66697141566207,-74.02441088892607,Residential,30,17.6,0.413,Moderate,17.9,80,28.2,0.0,0.9,Fog,0,0
2026-01-12 10:45:00,40.65964040199768,-74.00380633825462,Highway,90,76.9,0.146,Low,27.1,81,15.1,0.0,14.9,Clear,0,0
2026-01-12 11:00:00,40.65735877269429,-74.0091655995508,Residential,30,30.0,0.0,Low,19.9,56,30.0,0.0,8.8,Cloudy,0,0
2026-01-12 11:15:00,40.66705958162711,-74.01952042075321,Residential,30,30.0,0.0,Low,9.4,59,4.2,0.0,10.1,Cloudy,0,0
2026-01-12 11:30:00,40.66732558476937,-73.99730630696084,Residential,30,28.9,0.037,Low,19.0,47,34.9,0.0,14.7,Cloudy,0,0
2026-01-12 11:45:00,40.661085580266956,-74.00452914566242,City_Street,40,31.7,0.208,Low,23.2,52,9.6,0.0,13.8,Cloudy,0,0
2026-01-12 12:00:00,40.66512185464004,-74.00758684346954,Residential,30,29.6,0.013,Low,21.4,76,26.5,0.0,11.6,Clear,0,0
2026-01-12 12:15:00,40.65993060193104,-74.01215031029427,Residential,30,20.4,0.32,Moderate,10.8,65,6.3,4.3,4.4,Rain,0,0
2026-01-12 12:30:00,40.65736023493496,-73.9920570902433,Highway,90,69.3,0.23,Low,15.8,54,24.6,0.0,9.1,Clear,0,0
2026-01-12 12:45:00,40.670002305400224,-73.99814969255107,Arterial,60,59.6,0.007,Low,20.1,69,33.9,0.0,14.4,Cloudy,0,0
2026-01-12 13:00:00,40.670020068010636,-74.00020742003393,City_Street,40,37.9,0.052,Low,29.4,41,10.1,0.0,11.1,Cloudy,0,0
2026-01-12 13:15:00,40.675363117496744,-74.01264474456498,City_Street,40,18.4,0.54,Moderate,19.1,90,6.7,16.0,1.8,Heavy Rain,0,0
2026-01-12 13:30:00,40.647817995804985,-73.98950293839025,Residential,30,14.9,0.503,Moderate,11.9,88,24.6,2.2,0.6,Snow,0,0
2026-01-12 13:45:00,40.666158044397775,-74.00162275931416,Arterial,60,60.0,0.0,Low,19.4,56,19.4,0.0,13.4,Cloudy,0,0
2026-01-12 14:00:00,40.66365454025712,-73.99247370406042,City_Street,40,33.5,0.162,Low,22.2,55,8.8,0.0,9.8,Clear,0,0
2026-01-12 14:15:00,40.67472014580357,-74.01417624299778,Highway,90,38.2,0.576,Heavy,11.6,77,16.8,9.5,1.9,Snow,0,0
2026-01-12 14:30:00,40.662769673901316,-74.0000014713273,City_Street,40,25.3,0.367,Moderate,12.0,62,28.1,5.4,5.8,Rain,0,0
2026-01-12 14:45:00,40.661704667816934,-74.00488472910413,Arterial,60,47.6,0.207,Low,12.5,55,27.0,3.3,6.6,Rain,0,0
2026-01-12 15:00:00,40.65061037563043,-74.01078534046951,City_Street,40,32.6,0.185,Low,13.0,65,6.1,0.0,9.5,Clear,0,0
2026-01-12 15:15:00,40.64880378846957,-74.00359367504183,Highway,90,47.2,0.476,Moderate,13.0,60,33.6,15.1,1.4,Heavy Rain,0,0
2026-01-12 15:30:00,40.67086567722745,-73.98684837626135,Residential,30,24.6,0.18,Low,20.4,53,13.4,0.0,11.9,Cloudy,0,0
2026-01-12 15:45:00,40.670695081023894,-74.00785659388444,City_Street,40,39.8,0.005,Low,11.4,65,6.5,0.0,9.7,Cloudy,0,0
2026-01-12 16:00:00,40.66077315821508,-73.9886658724268,Arterial,60,31.7,0.472,Moderate,14.3,73,5.7,10.0,1.1,Heavy Rain,0,0
2026-01-12 16:15:00,40.667558699405696,-73.99051009223612,City_Street,40,39.5,0.012,Low,19.9,59,10.8,0.0,13.1,Clear,0,0
2026-01-12 16:30:00,40.65837212240053,-74.00455891253007,Highway,90,81.4,0.096,Low,24.4,51,13.0,0.0,9.1,Clear,0,0
2026-01-12 16:45:00,40.660724183420314,-73.97831799369943,Residential,30,29.1,0.03,Low,17.1,54,13.5,0.0,8.8,Clear,0,0
2026-01-12 17:00:00,40.66800110324739,-73.98410582297417,Arterial,60,24.2,0.597,Heavy,27.5,56,17.0,0.0,9.5,Cloudy,0,1
2026-01-12 17:15:00,40.660859012286906,-74.0059311493894,Residential,30,11.8,0.607,Heavy,24.7,85,2.5,0.0,10.1,Clear,0,1
2026-01-12 17:30:00,40.66684377616861,-73.98360929195144,Arterial,60,16.1,0.732,Heavy,23.7,50,14.4,0.0,1.0,Fog,0,1
2026-01-12 17:45:00,40.64819766688338,-73.9860622801275,Residential,30,7.1,0.763,Heavy,21.3,94,18.0,8.6,2.8,Heavy Rain,0,1
2026-01-12 18:00:00,40.665325319295135,-73.98231906740975,Residential,30,12.2,0.593,Heavy,25.5,67,31.9,0.0,8.4,Clear,0,1
2026-01-12 18:15:00,40.66597496997837,-73.98640467165657,Arterial,60,25.5,0.575,Heavy,17.7,66,24.4,0.0,10.0,Clear,0,1
2026-01-12 18:30:00,40.6691091424821,-73.99921320001687,Highway,90,24.5,0.728,Heavy,16.1,100,22.5,20.2,1.8,Heavy Rain,0,1
2026-01-12 18:45:00,40.658345775009586,-73.97421540943046,Residential,30,12.3,0.59,Heavy,18.5,49,4.4,0.0,8.5,Cloudy,0,1
2026-01-12 19:00:00,40.65641050827439,-74.00227044579782,Arterial,60,24.4,0.593,Heavy,23.3,53,9.6,0.0,10.5,Cloudy,0,1
2026-01-12 19:15:00,40.66446812311095,-74.00137873358113,Highway,90,36.8,0.591,Heavy,13.5,86,3.7,7.8,4.4,Rain,0,1
2026-01-12 19:30:00,40.65895995517239,-73.98894338666705,Highway,90,34.5,0.617,Heavy,23.3,77,14.4,0.0,9.5,Clear,0,1
2026-01-12 19:45:00,40.652621906488534,-73.98178381974158,Highway,90,38.9,0.568,Heavy,27.3,52,27.6,0.0,8.7,Cloudy,0,1
2026-01-12 20:00:00,40.669819108242734,-73.99242911470476,Highway,90,70.7,0.214,Low,21.7,55,3.3,0.0,14.7,Cloudy,0,0
2026-01-12 20:15:00,40.67126883970926,-73.97583596061698,Arterial,60,50.6,0.157,Low,21.4,59,15.8,0.0,9.5,Clear,0,0
2026-01-12 20:30:00,40.67735852481278,-73.98343719416357,Residential,30,24.6,0.18,Low,18.9,73,31.3,0.0,12.4,Clear,0,0
2026-01-12 20:45:00,40.66645834720047,-73.97886770223596,Residential,30,28.0,0.067,Low,22.8,57,13.4,0.0,12.1,Clear,0,0
2026-01-12 21:00:00,40.66036989544829,-74.00074371553065,City_Street,40,35.6,0.11,Low,20.6,61,14.4,0.0,14.0,Clear,0,0
2026-01-12 21:15:00,,,Highway,90,44.0,0.511,Moderate,17.3,65,8.6,3.4,2.0,Snow,0,0
2026-01-12 21:30:00,40.680915500781,-73.98007055602991,Arterial,60,49.1,0.182,Low,24.5,67,24.9,0.0,10.9,Clear,0,0
2026-01-12 21:45:00,40.657224911994575,-73.97570287040146,Highway,90,70.4,0.218,Low,26.8,57,28.1,0.0,9.1,Cloudy,0,0
2026-01-12 22:00:00,40.66972971973957,-73.99657789616128,Highway,90,87.9,0.023,Low,18.1,23,17.8,0.0,13.5,Cloudy,0,0
2026-01-12 22:15:00,40.67730673883529,-73.99558006308168,City_Street,40,39.7,0.007,Low,21.4,55,11.3,0.0,10.5,Cloudy,0,0
2026-01-12 22:30:00,40.65841415593286,-73.98163917966103,Highway,90,42.6,0.527,Moderate,17.1,100,26.7,18.6,1.0,Heavy Rain,0,0
2026-01-12 22:45:00,40.6441810639208,-73.9888999151058,City_Street,40,31.0,0.225,Low,17.8,64,33.0,2.8,6.7,Rain,0,0
2026-01-12 23:00:00,40.666136083750516,-73.99031663516412,Residential,30,20.1,0.33,Moderate,24.9,100,19.8,5.4,5.2,Rain,0,0
2026-01-12 23:15:00,40.67536939093851,-73.97959115105495,City_Street,40,17.6,0.56,Heavy,15.9,65,34.3,9.8,1.4,Snow,0,0
2026-01-12 23:30:00,40.659299315758844,-73.97497385263313,Highway,90,73.4,0.184,Low,24.4,100,23.5,0.0,14.0,Clear,0,0
2026-01-12 23:45:00,40.670530000771016,-73.97358619880973,Highway,90,41.9,0.534,Moderate,4.6,64,29.5,3.8,1.1,Snow,0,0
2026-01-13 00:00:00,40.6723725786704,-73.98946091447343,City_Street,40,36.7,0.082,Low,14.3,24,17.4,0.0,13.5,Cloudy,0,0
2026-01-13 00:15:00,40.663319858829475,-73.98420641749362,Arterial,60,60.0,0.0,Low,11.6,50,27.2,0.0,9.2,Cloudy,0,0
2026-01-13 00:30:00,40.66725472354611,-73.96860744701124,Arterial,60,49.2,0.18,Low,25.7,48,9.0,0.0,11.2,Clear,0,0
2026-01-13 00:45:00,40.68006351926184,-73.98881416159126,City_Street,40,39.8,0.005,Low,12.9,48,29.4,0.0,8.6,Clear,0,0
2026-01-13 01:00:00,40.67032230776216,-73.98192838333053,Residential,30,27.1,0.097,Low,26.2,60,12.7,0.0,12.1,Cloudy,0,0
2026-01-13 01:15:00,40.663962910508396,-73.98191069802249,Arterial,60,23.1,0.615,Heavy,17.8,100,28.6,9.7,2.6,Snow,0,0
2026-01-13 01:30:00,40.68097384037372,-73.97035715916233,Residential,30,26.0,0.133,Low,11.8,56,15.3,0.0,8.6,Clear,0,0
2026-01-13 01:45:00,40.671845358565726,-73.9878209751929,Highway,90,70.2,0.22,Low,21.6,59,21.9,0.0,11.0,Clear,0,0
2026-01-13 02:00:00,40.67927847793544,-73.97826786205596,City_Street,40,23.9,0.403,Moderate,14.4,48,33.5,0.0,0.6,Fog,0,0
2026-01-13 02:15:00,40.66516625516226,-73.98078348324823,City_Street,40,35.2,0.12,Low,15.2,72,4.6,0.0,8.6,Cloudy,0,0
2026-01-13 02:30:00,40.660557641726534,-73.96955207623458,Arterial,60,44.6,0.257,Moderate,13.5,33,15.8,1.1,6.9,Rain,0,0
2026-01-13 02:45:00,40.68133159053287,-73.96372531066012,City_Street,40,33.3,0.168,Low,24.3,64,27.7,0.0,12.1,Cloudy,0,0
2026-01-13 03:00:00,40.68155737930097,-73.97065950813044,Highway,90,48.5,0.461,Moderate,17.7,76,20.1,10.2,3.0,Heavy Rain,0,0
2026-01-13 03:15:00,40.675064044974036,-73.98330773814811,Residential,30,30.0,0.0,Low,8.8,72,28.5,0.0,8.7,Clear,0,0
2026-01-13 03:30:00,40.675013921709066,-73.98018883488255,Residential,30,23.7,0.21,Low,14.2,70,14.9,0.0,11.4,Cloudy,0,0
2026-01-13 03:45:00,40.66920713709369,-73.96036532956677,Arterial,60,59.2,0.013,Low,19.0,33,14.8,0.0,11.3,Cloudy,0,0
2026-01-13 04:00:00,40.69326407344297,-73.96849501775853,Residential,30,25.4,0.153,Low,13.5,58,25.3,1.7,7.0,Rain,0,0
2026-01-13 04:15:00,40.67751398307238,-73.98227957116364,Residential,30,17.4,0.42,Moderate,9.6,76,21.0,14.1,3.7,Heavy Rain,0,0
2026-01-13 04:30:00,40.67995592806156,-73.988513596156,Residential,30,28.7,0.043,Low,18.2,54,11.4,0.0,13.9,Clear,0,0
2026-01-13 04:45:00,40.68842068464842,-73.98044818555097,Highway,90,45.6,0.493,Moderate,9.9,41,24.9,3.7,1.0,Snow,0,0
2026-01-13 05:00:00,40.67684267401896,-73.97135679144507,Residential,30,26.5,0.117,Low,17.2,38,30.9,0.0,13.0,Cloudy,0,0
2026-01-13 05:15:00,40.659702453217086,-73.97813448274619,City_Street,40,25.5,0.363,Moderate,11.6,58,21.2,1.5,4.4,Rain,0,0
2026-01-13 05:30:00,40.68611826484771,-73.96483130172929,Arterial,60,30.0,0.5,Moderate,12.6,71,31.3,10.2,2.3,Heavy Rain,0,0
2026-01-13 05:45:00,40.67810230582941,-73.96651815398748,Highway,90,88.6,0.016,Low,29.4,37,19.0,0.0,13.1,Cloudy,0,0
2026-01-13 06:00:00,40.6740496634047,-73.97546680772857,Arterial,60,46.6,0.223,Low,24.9,46,26.8,0.0,8.8,Clear,0,0
2026-01-13 06:15:00,40.68109378280254,-73.97536510891628,Arterial,60,47.9,0.202,Low,18.5,55,20.2,0.0,12.6,Clear,0,0
2026-01-13 06:30:00,40.67062263615136,-73.9702707155591,Highway,90,74.2,0.176,Low,20.0,52,6.0,0.0,13.1,Cloudy,0,0
2026-01-13 06:45:00,40.66965197920145,-73.97590274202084,Arterial,60,55.4,0.077,Low,17.3,49,9.7,0.0,11.3,Cloudy,0,0
2026-01-13 07:00:00,40.678613035869695,-73.97361005150903,City_Street,40,15.4,0.615,Heavy,25.2,100,12.6,0.0,8.7,Clear,0,1
2026-01-13 07:15:00,40.68638858245458,-73.96595978690081,City_Street,40,11.2,0.72,Heavy,11.7,65,15.9,10.6,2.9,Heavy Rain,0,1
2026-01-13 07:30:00,40.671933467517,-73.97804301040426,Residential,30,10.1,0.663,Heavy,23.9,93,8.4,6.7,5.4,Rain,0,1
2026-01-13 07:45:00,40.67960534557172,-73.96833070017944,Arterial,60,30.9,0.485,Moderate,21.4,35,3.2,0.0,13.6,Cloudy,0,1
2026-01-13 08:00:00,40.6813086712551,-73.95307184175786,City_Street,40,16.8,0.58,Heavy,18.9,97,26.7,0.0,9.4,Clear,0,1
2026-01-13 08:15:00,40.67439572417191,-73.95337670711316,City_Street,40,16.6,0.585,Heavy,18.6,61,29.2,0.0,13.7,Clear,0,1
2026-01-13 08:30:00,40.67980141324462,-73.975831651788,Arterial,60,24.4,0.593,Heavy,18.9,47,34.9,0.0,11.6,Cloudy,0,1
2026-01-13 08:45:00,40.68007632945816,-73.96352317288049,Arterial,60,24.5,0.592,Heavy,14.3,62,32.8,0.0,12.3,Clear,0,1
2026-01-13 09:00:00,40.68417184951707,-73.97098578757856,Arterial,60,28.5,0.525,Moderate,14.3,88,9.0,0.0,11.9,Clear,0,1
2026-01-13 09:15:00,40.67658210830041,-73.97360884095528,City_Street,40,20.4,0.49,Moderate,14.2,57,11.2,0.0,11.1,Cloudy,0,1
2026-01-13 09:30:00,40.70361433892593,-73.97912024363885,Highway,90,31.1,0.654,Heavy,11.0,72,20.7,3.4,5.4,Rain,0,1
2026-01-13 09:45:00,40.670342199817895,-73.96773966484663,Arterial,60,12.2,0.797,Heavy,2.6,81,13.2,7.2,2.4,Snow,0,1
2026-01-13 10:00:00,40.68046298882709,-73.95628308786709,City_Street,40,33.9,0.153,Low,33.0,79,22.6,0.0,14.4,Cloudy,0,0
2026-01-13 10:15:00,40.688980086777796,-73.96083622121324,Residential,30,28.3,0.057,Low,13.6,43,27.9,0.0,14.7,Cloudy,0,0
2026-01-13 10:30:00,40.69643335259472,-73.97081840378954,Arterial,60,51.4,0.143,Low,25.2,56,13.0,0.0,10.8,Clear,0,0
2026-01-13 10:45:00,40.69553412321211,-73.95015481621415,City_Street,40,32.6,0.185,Low,15.7,89,5.8,7.7,8.0,Rain,0,0
2026-01-13 11:00:00,40.68116292782577,-73.9563343786468,City_Street,40,23.3,0.417,Moderate,25.5,80,32.3,0.0,1.1,Fog,0,0
2026-01-13 11:15:00,40.6779891299896,-73.9806577448631,Residential,30,25.7,0.143,Low,18.9,80,19.6,0.0,13.7,Cloudy,0,0
2026-01-13 11:30:00,40.67813708036086,-73.97558905805052,Residential,30,28.5,0.05,Low,24.6,61,28.3,0.0,12.9,Clear,0,0
2026-01-13 11:45:00,40.67840024412916,-73.97290989873605,Residential,30,26.4,0.12,Low,25.8,57,11.6,0.0,12.3,Clear,0,0
2026-01-13 12:00:00,40.688838600434025,-73.96863136446396,Arterial,60,56.4,0.06,Low,22.1,59,8.0,0.0,8.3,Cloudy,0,0
2026-01-13 12:15:00,40.683026372701484,-73.97552152138239,Arterial,60,51.1,0.148,Low,20.1,35,28.9,0.0,14.5,Cloudy,0,0
2026-01-13 12:30:00,40.680633952500315,-73.95926463187178,Highway,90,79.6,0.116,Low,22.3,56,4.2,0.0,9.2,Clear,0,0
2026-01-13 12:45:00,40.6927361408162,-73.96511941725502,Arterial,60,47.1,0.215,Low,17.8,59,19.1,0.0,14.4,Clear,0,0
2026-01-13 13:00:00,40.68759840568027,-73.96051426764701,City_Street,40,40.0,0.0,Low,22.9,68,9.8,0.0,9.4,Cloudy,0,0
2026-01-13 13:15:00,40.69022543338896,-73.97278998960915,City_Street,40,30.2,0.245,Low,20.0,75,34.2,4.7,5.7,Rain,0,0
2026-01-13 13:30:00,40.69166409343351,-73.94946929738668,Arterial,60,56.9,0.052,Low,12.1,53,5.7,0.0,14.2,Clear,0,0
2026-01-13 13:45:00,40.68057588500886,-73.97684827805564,Highway,90,89.0,0.011,Low,22.1,89,22.9,0.0,11.1,Clear,0,0
2026-01-13 14:00:00,40.69282339093203,-73.9614894594193,City_Street,40,40.0,0.0,Low,18.7,63,7.0,0.0,12.6,Clear,0,0
2026-01-13 14:15:00,40.69066427086606,-73.96574606523345,Residential,30,24.5,0.183,Low,17.2,72,11.5,0.0,13.6,Clear,0,0
2026-01-13 14:30:00,40.68893405337451,-73.96042328491869,Residential,30,23.8,0.207,Low,21.1,34,33.2,0.0,14.2,Cloudy,0,0
2026-01-13 14:45:00,40.699974125258564,-73.95747397188316,Highway,90,61.0,0.322,Moderate,14.8,65,25.2,2.2,5.9,Rain,0,0
2026-01-13 15:00:00,40.68514718973818,-73.9630442522517,City_Street,40,39.3,0.018,Low,15.3,47,30.5,0.0,14.8,Cloudy,0,0
2026-01-13 15:15:00,40.69042519685457,-73.96393529009106,Highway,90,84.3,0.063,Low,15.2,50,25.5,0.0,13.4,Clear,0,0
2026-01-13 15:30:00,40.691082599544416,-73.96351275904735,City_Street,40,38.0,0.05,Low,22.4,84,23.6,0.0,9.4,Cloudy,0,0
2026-01-13 15:45:00,40.68968796731423,-73.95929193043709,City_Street,40,37.8,0.055,Low,21.2,41,8.7,0.0,12.9,Cloudy,0,0
2026-01-13 16:00:00,40.68972738404875,-73.95955469310995,Arterial,60,43.9,0.268,Moderate,9.4,93,17.2,6.6,4.9,Rain,0,0
2026-01-13 16:15:00,40.68730219565529,-73.96166591887763,Arterial,60,38.2,0.363,Moderate,15.7,80,10.7,5.9,7.0,Rain,0,0
2026-01-13 16:30:00,40.68746306678078,-73.96071439297803,Highway,90,76.1,0.154,Low,11.5,63,25.2,0.0,12.5,Cloudy,0,0
2026-01-13 16:45:00,40.687048033161545,-73.9586998582067,Residential,30,27.3,0.09,Low,13.9,53,24.9,0.0,11.9,Clear,0,0
2026-01-13 17:00:00,40.69906297808378,-73.95315595973163,City_Street,40,16.3,0.593,Heavy,27.8,39,33.7,0.0,11.9,Clear,0,1
2026-01-13 17:15:00,40.69550248118177,-73.9700953571128,Arterial,60,29.8,0.503,Moderate,16.9,56,20.4,0.0,12.0,Clear,0,1
2026-01-13 17:30:00,40.68965628712505,-73.94854718220617,Residential,30,12.4,0.587,Heavy,20.0,30,19.9,0.0,9.6,Clear,0,1
2026-01-13 17:45:00,40.69640419973362,-73.95890832436407,City_Street,40,19.8,0.505,Moderate,19.8,52,23.9,0.0,10.2,Clear,0,1
2026-01-13 18:00:00,40.688422922926684,-73.95236570021123,Highway,90,25.1,0.721,Heavy,17.6,59,30.1,12.3,1.9,Heavy Rain,0,1
2026-01-13 18:15:00,40.70113796426821,-73.9569029503483,Arterial,60,28.8,0.52,Moderate,18.3,56,25.2,0.0,9.0,Cloudy,0,1
2026-01-13 18:30:00,40.713669071428626,-73.96599000845221,City_Street,40,20.0,0.5,Moderate,10.0,61,16.2,0.0,14.9,Clear,0,1
2026-01-13 18:45:00,40.6946359675338,-73.96023897655448,Arterial,60,28.8,0.52,Moderate,22.9,48,24.1,0.0,10.3,Clear,0,1
2026-01-13 19:00:00,40.70517711598908,-73.96688683018975,City_Street,40,16.0,0.6,Heavy,19.8,63,34.0,0.0,12.5,Cloudy,0,1
2026-01-13 19:15:00,40.69120534280276,-73.94867408856958,City_Street,40,18.7,0.532,Moderate,25.5,56,4.1,0.0,13.4,Cloudy,0,1
2026-01-13 19:30:00,40.704492779690284,-73.95310145209238,Highway,90,44.4,0.507,Moderate,27.9,66,33.2,0.0,11.1,Clear,0,1
2026-01-13 19:45:00,40.693242823008944,-73.9472374593937,City_Street,40,18.7,0.532,Moderate,20.9,37,22.3,0.0,13.8,Cloudy,0,1
2026-01-13 20:00:00,40.69944950220105,-73.96795580168528,Residential,30,23.8,0.207,Low,25.7,72,9.5,0.0,8.8,Clear,0,0
2026-01-13 20:15:00,40.70033021555416,-73.9686868903496,City_Street,40,37.7,0.057,Low,14.4,79,16.8,0.0,12.0,Cloudy,0,0
2026-01-13 20:30:00,40.68927933825403,-73.95382337805255,City_Street,40,33.0,0.175,Low,24.7,64,8.1,5.5,4.2,Rain,0,0
2026-01-13 20:45:00,40.698587328185,-73.95064109306404,Highway,90,82.0,0.089,Low,25.5,42,16.4,0.0,12.0,Clear,0,0
2026-01-13 21:00:00,40.69834726686915,-73.96641727519808,Residential,30,24.8,0.173,Low,14.4,70,21.5,0.0,13.5,Clear,0,0
2026-01-13 21:15:00,40.69078034913389,-73.96707001410863,Arterial,60,53.6,0.107,Low,14.5,65,28.8,0.0,13.9,Clear,0,0
2026-01-13 21:30:00,40.71530930641445,-73.95533345598776,Highway,90,46.2,0.487,Moderate,18.4,73,33.0,11.0,3.4,Heavy Rain,0,0
2026-01-13 21:45:00,40.70802215458659,-73.96258794076569,Arterial,60,48.7,0.188,Low,24.4,36,22.7,0.0,9.3,Clear,0,0
2026-01-13 22:00:00,40.69473212696753,-73.9704279725652,Arterial,60,40.4,0.327,Moderate,22.0,85,14.2,0.0,1.2,Fog,0,0
2026-01-13 22:15:00,40.70111595570325,-73.97435092227978,Residential,30,23.9,0.203,Low,24.1,64,29.7,0.0,9.3,Clear,0,0
2026-01-13 22:30:00,40.71095197321961,-73.94869377898293,Arterial,60,51.0,0.15,Low,20.4,86,17.7,0.0,12.9,Clear,0,0
2026-01-13 22:45:00,40.7104941392991,-73.96020132913134,Highway,90,42.9,0.523,Moderate,12.1,100,12.8,21.2,1.8,Heavy Rain,0,0
2026-01-13 23:00:00,40.70428034014697,-73.95241111521993,Highway,90,78.4,0.129,Low,19.1,23,27.4,0.0,10.1,Clear,0,0
2026-01-13 23:15:00,40.709657120407485,-73.95474060153614,Arterial,60,49.0,0.183,Low,18.7,73,29.4,0.0,12.0,Clear,0,0
2026-01-13 23:30:00,40.7266447471528,-73.95726838838021,Residential,30,19.2,0.36,Moderate,22.7,100,2.9,3.0,6.4,Rain,0,0
2026-01-13 23:45:00,40.714080842250475,-73.94646856346618,City_Street,40,37.0,0.075,Low,17.7,68,7.1,0.0,11.1,Cloudy,0,0
2026-01-14 00:00:00,40.69626732659339,-73.9682149663639,Residential,30,23.2,0.227,Low,21.0,75,28.2,0.0,9.3,Clear,0,0
2026-01-14 00:15:00,40.702683400645036,-73.95433540277403,City_Street,40,16.2,0.595,Heavy,24.8,73,30.3,4.4,1.6,Snow,0,0
2026-01-14 00:30:00,40.71557489045771,-73.95301881283409,City_Street,40,33.2,0.17,Low,23.0,68,25.2,0.0,14.5,Clear,0,0
2026-01-14 00:45:00,40.72121749201641,-73.95411753333683,Highway,90,70.0,0.222,Low,23.4,59,26.1,0.0,13.2,Cloudy,0,0
2026-01-14 01:00:00,40.720226482527686,-73.94777635903685,City_Street,40,24.6,0.385,Moderate,14.2,100,6.3,24.8,2.3,Heavy Rain,0,0
2026-01-14 01:15:00,40.69787590491472,-73.95810984066883,Highway,90,74.2,0.176,Low,12.4,81,3.7,4.2,7.5,Rain,0,0
2026-01-14 01:30:00,40.71419615640682,-73.95118744655117,Arterial,60,40.4,0.327,Moderate,18.6,71,25.2,0.0,0.3,Fog,0,0
2026-01-14 01:45:00,40.708609641864854,-73.94582911134174,Arterial,60,45.0,0.25,Moderate,15.2,49,21.8,1.4,5.4,Rain,0,0
2026-01-14 02:00:00,40.70643747584968,-73.9626012392289,City_Street,40,37.7,0.057,Low,23.9,82,23.6,0.0,10.0,Clear,0,0
2026-01-14 02:15:00,40.711436227084846,-73.97182740864322,Residential,30,30.0,0.0,Low,23.2,49,2.7,0.0,10.1,Cloudy,0,0
2026-01-14 02:30:00,40.7209009213354,-73.9431676462675,Highway,90,73.7,0.181,Low,24.8,88,32.0,0.0,8.8,Clear,0,0
2026-01-14 02:45:00,40.711142522755374,-73.96421616149253,Highway,90,72.1,0.199,Low,27.7,29,12.8,0.0,14.2,Clear,0,0
2026-01-14 03:00:00,40.72480583064931,-73.9549697452495,Residential,30,27.7,0.077,Low,17.5,55,30.2,0.0,9.0,Clear,0,0
2026-01-14 03:15:00,40.69699280499231,-73.9650483511502,Arterial,60,56.6,0.057,Low,19.3,58,23.8,0.0,9.0,Clear,0,0
2026-01-14 03:30:00,40.72907847794782,-73.95094399265392,Residential,30,26.0,0.133,Low,16.5,64,18.3,0.0,11.2,Clear,0,0
2026-01-14 03:45:00,40.72794103889777,-73.94994261609735,Residential,30,27.5,0.083,Low,17.4,88,2.0,0.0,9.7,Cloudy,0,0
2026-01-14 04:00:00,40.73359353784721,-73.94208905313859,Highway,90,69.2,0.231,Low,24.3,53,7.9,0.0,9.5,Clear,0,0
2026-01-14 04:15:00,40.72543601517147,-73.95682126955789,Arterial,60,51.9,0.135,Low,18.7,52,20.4,0.0,14.8,Clear,0,0
2026-01-14 04:30:00,40.73279638937792,-73.9576294693482,Highway,90,80.2,0.109,Low,14.6,45,2.0,0.0,10.7,Cloudy,0,0
2026-01-14 04:45:00,40.71759585266484,-73.94463375524586,Residential,30,20.3,0.323,Moderate,17.1,46,11.6,1.6,7.8,Rain,0,0
2026-01-14 05:00:00,40.71755978159267,-73.95577747859339,City_Street,40,40.0,0.0,Low,27.5,67,31.4,0.0,9.9,Clear,0,0
2026-01-14 05:15:00,40.71584193484121,-73.94573363079733,City_Street,40,27.9,0.302,Moderate,14.1,61,28.0,2.5,6.2,Rain,0,0
2026-01-14 05:30:00,40.717163328268676,-73.94821302731579,Arterial,60,47.5,0.208,Low,13.0,53,22.8,0.0,13.0,Cloudy,0,0
2026-01-14 05:45:00,40.72191238683856,-73.95729389705858,Highway,90,69.5,0.228,Low,13.2,79,4.7,7.0,5.1,Rain,0,0
2026-01-14 06:00:00,40.72184743315178,-73.952165725227,Highway,90,76.6,0.149,Low,24.0,33,27.2,0.0,12.7,Clear,0,0
2026-01-14 06:15:00,40.70641172807039,-73.95034752659973,Arterial,60,60.0,0.0,Low,18.4,59,3.8,0.0,11.4,Clear,0,0
2026-01-14 06:30:00,40.727097342980976,-73.9601683934587,Residential,30,25.0,0.167,Low,15.9,82,31.5,0.0,11.7,Clear,0,0
2026-01-14 06:45:00,40.73328247203842,-73.97243734902943,Highway,90,86.1,0.043,Low,13.3,46,9.3,0.0,9.8,Cloudy,0,0
2026-01-14 07:00:00,40.72471109593827,-73.96451023119768,Highway,90,41.7,0.537,Moderate,25.5,64,3.2,0.0,8.1,Clear,0,1
2026-01-14 07:15:00,40.720734497523736,-73.96483137317675,Highway,90,36.5,0.594,Heavy,21.1,55,12.3,0.0,8.1,Clear,0,1
2026-01-14 07:30:00,40.730989607693786,-73.96163137422843,Residential,30,11.7,0.61,Heavy,27.9,40,9.0,0.0,14.6,Clear,0,1
2026-01-14 07:45:00,40.71748615805653,-73.95738847453896,Arterial,60,26.2,0.563,Heavy,14.9,55,34.8,0.0,12.8,Cloudy,0,1
2026-01-14 08:00:00,40.71810834228342,-73.95164393938944,Arterial,60,12.0,0.8,Severe,14.8,67,29.4,2.3,2.3,Snow,0,1
2026-01-14 08:15:00,40.71553352717584,-73.9566550326256,Residential,30,13.6,0.547,Moderate,23.4,54,30.9,0.0,8.5,Cloudy,0,1
2026-01-14 08:30:00,40.72999253670265,-73.95182750020322,City_Street,40,12.7,0.682,Heavy,10.9,51,31.8,4.5,4.1,Rain,0,1
2026-01-14 08:45:00,40.72028565660949,-73.94951877192885,Highway,90,27.6,0.693,Heavy,11.6,91,24.2,16.8,2.0,Heavy Rain,0,1
2026-01-14 09:00:00,40.72649581993343,-73.96700412778398,Residential,30,10.9,0.637,Heavy,11.2,75,2.6,4.1,4.2,Rain,0,1
2026-01-14 09:15:00,40.722813099881655,-73.95149072634024,Highway,90,35.9,0.601,Heavy,24.0,84,33.8,0.0,8.9,Cloudy,0,1
2026-01-14 09:30:00,40.7276588201922,-73.96556710484819,Residential,30,11.8,0.607,Heavy,21.2,28,3.6,4.6,6.8,Rain,0,1
2026-01-14 09:45:00,40.72965807744743,-73.96687239102684,City_Street,40,17.7,0.557,Heavy,23.8,69,32.5,0.0,13.2,Cloudy,0,1
2026-01-14 10:00:00,40.72587346036697,-73.96439120834957,Residential,30,29.0,0.033,Low,22.3,58,4.0,0.0,13.1,Cloudy,0,0
2026-01-14 10:15:00,40.73502960116717,-73.96087399018496,Arterial,60,29.9,0.502,Moderate,9.1,84,16.2,8.8,2.4,Snow,0,0
2026-01-14 10:30:00,40.740073940914144,-73.96900961776441,City_Street,40,38.2,0.045,Low,19.4,65,30.1,0.0,9.3,Clear,0,0
2026-01-14 10:45:00,40.72824977394861,-73.96490252873905,City_Street,40,38.9,0.028,Low,22.8,35,3.2,0.0,14.5,Clear,0,0
2026-01-14 11:00:00,40.735348172806134,-73.96854883449828,Highway,90,78.4,0.129,Low,26.1,47,23.5,0.0,13.3,Cloudy,0,0
2026-01-14 11:15:00,40.728728039790994,-73.96070744289335,City_Street,40,37.0,0.075,Low,16.8,54,4.6,0.0,8.7,Clear,0,0
2026-01-14 11:30:00,40.7287287136945,-73.96071170713608,City_Street,40,36.0,0.1,Low,12.8,63,32.0,0.0,10.0,Clear,0,0
2026-01-14 11:45:00,40.730021839032844,-73.94226484167532,City_Street,40,27.7,0.307,Moderate,27.2,34,34.4,0.0,0.9,Fog,0,0
2026-01-14 12:00:00,40.73907532502181,-73.95115494531437,City_Street,40,38.1,0.047,Low,29.0,85,16.6,0.0,14.7,Clear,0,0
2026-01-14 12:15:00,40.72545842799737,-73.9704932993237,Arterial,60,47.5,0.208,Low,26.5,41,4.1,0.0,8.1,Cloudy,0,0
2026-01-14 12:30:00,40.72633907340151,-73.96039220681726,City_Street,40,30.8,0.23,Low,29.0,36,7.3,0.0,14.0,Clear,0,0
2026-01-14 12:45:00,40.72811096541818,-73.95886010786057,Highway,90,74.3,0.174,Low,14.1,83,21.4,0.0,12.7,Clear,0,0
2026-01-14 13:00:00,40.722912525207505,-73.94112629702006,Highway,90,82.2,0.087,Low,19.0,62,16.8,0.0,14.2,Clear,0,0
2026-01-14 13:15:00,40.7426183471466,-73.96574879811648,Highway,90,84.2,0.064,Low,17.5,44,6.8,0.0,14.5,Cloudy,0,0
2026-01-14 13:30:00,40.726685742988415,-73.97339660656881,Residential,30,25.0,0.167,Low,15.0,65,26.1,0.0,14.8,Clear,0,0
2026-01-14 13:45:00,,,Arterial,60,57.2,0.047,Low,19.4,67,34.0,0.0,10.9,Cloudy,0,0
2026-01-14 14:00:00,40.75065774017464,-73.95962126557072,City_Street,40,34.3,0.143,Low,11.4,41,7.2,0.0,13.8,Clear,0,0
2026-01-14 14:15:00,40.74041303887738,-73.97586568731477,Residential,30,21.2,0.293,Moderate,8.9,75,12.7,4.7,5.1,Rain,0,0
2026-01-14 14:30:00,40.726088698904924,-73.96301716954979,Highway,90,75.1,0.166,Low,24.7,20,34.3,0.0,8.9,Clear,0,0
2026-01-14 14:45:00,40.73950204326522,-73.96853579276434,Highway,90,76.4,0.151,Low,12.4,30,25.3,0.0,11.3,Clear,0,0
2026-01-14 15:00:00,40.73366962430104,-73.96777602153534,Residential,30,16.6,0.447,Moderate,17.2,100,19.2,11.8,2.5,Heavy Rain,0,0
2026-01-14 15:15:00,40.731910343423166,-73.96616010113911,City_Street,40,39.6,0.01,Low,18.8,75,27.0,0.0,9.2,Cloudy,0,0
2026-01-14 15:30:00,40.74214806858308,-73.95519643944523,City_Street,40,33.5,0.162,Low,9.9,94,13.0,5.7,7.6,Rain,0,0
2026-01-14 15:45:00,40.73768505974034,-73.96210983783295,Highway,90,58.3,0.352,Moderate,13.2,81,10.5,5.0,4.3,Rain,0,0
2026-01-14 16:00:00,40.73878685833189,-73.9623967135809,City_Street,40,26.2,0.345,Moderate,11.7,85,2.6,7.4,7.5,Rain,0,0
2026-01-14 16:15:00,40.75043736837339,-73.96410588987482,Arterial,60,53.5,0.108,Low,22.3,51,20.6,0.0,13.1,Clear,0,0
2026-01-14 16:30:00,40.74287192696664,-73.96355318259302,Highway,90,69.8,0.224,Low,15.7,46,25.2,0.0,10.8,Clear,0,0
2026-01-14 16:45:00,40.738071300738824,-73.95661645003116,Arterial,60,60.0,0.0,Low,17.6,50,25.1,0.0,11.4,Clear,0,0
2026-01-14 17:00:00,40.742831824518866,-73.9567310187306,Highway,90,38.3,0.574,Heavy,14.9,77,21.6,0.0,12.0,Cloudy,0,1
2026-01-14 17:15:00,40.740427528721796,-73.96338426757778,Arterial,60,29.1,0.515,Moderate,20.8,61,16.3,0.0,14.0,Clear,0,1
2026-01-14 17:30:00,40.756667373107696,-73.97019375831269,City_Street,40,20.5,0.488,Moderate,24.7,57,19.6,0.0,11.0,Cloudy,0,1
2026-01-14 17:45:00,40.74004688131771,-73.96139410462199,City_Street,40,19.8,0.505,Moderate,19.3,47,17.6,0.0,13.8,Clear,0,1
2026-01-14 18:00:00,40.737689924225705,-73.96958599524078,Residential,30,14.8,0.507,Moderate,17.7,59,27.4,0.0,10.7,Clear,0,1
2026-01-14 18:15:00,40.73837920281235,-73.97059347378885,Highway,90,42.8,0.524,Moderate,21.6,80,23.0,0.0,14.3,Cloudy,0,1
2026-01-14 18:30:00,40.75605081788299,-73.9625067161378,Highway,90,37.2,0.587,Heavy,16.9,40,4.4,0.0,9.3,Clear,0,1
2026-01-14 18:45:00,40.74360277597942,-73.96812985824029,Highway,90,42.4,0.529,Moderate,16.7,63,17.7,0.0,9.3,Clear,0,1
2026-01-14 19:00:00,40.74814234916813,-73.95765878516792,Residential,30,11.6,0.613,Heavy,21.3,79,25.9,0.0,11.7,Cloudy,0,1
2026-01-14 19:15:00,40.75379821968525,-73.95256264997863,Arterial,60,14.4,0.76,Heavy,6.1,67,6.6,13.0,1.5,Heavy Rain,0,1
2026-01-14 19:30:00,40.75253736047588,-73.96873653376971,City_Street,40,16.9,0.578,Heavy,12.3,68,8.3,4.4,7.6,Rain,0,1
2026-01-14 19:45:00,40.734868763513106,-73.9703816149536,City_Street,40,17.6,0.56,Heavy,11.4,55,5.1,0.0,10.5,Clear,0,1
2026-01-14 20:00:00,40.73401844163137,-73.95143831503236,Highway,90,73.1,0.188,Low,21.9,77,33.2,0.0,11.7,Clear,0,0
2026-01-14 20:15:00,40.7489496082451,-73.9630040118061,City_Street,40,40.0,0.0,Low,22.3,73,3.2,0.0,10.1,Cloudy,0,0
2026-01-14 20:30:00,40.73493154731171,-73.96688034374974,City_Street,40,36.8,0.08,Low,25.0,46,28.7,0.0,13.4,Cloudy,0,0
2026-01-14 20:45:00,40.74722528702699,-73.95068131908732,Residential,30,16.2,0.46,Moderate,16.5,58,19.5,0.0,1.2,Fog,0,0
2026-01-14 21:00:00,40.74004537269982,-73.95602228319643,Arterial,60,47.2,0.213,Low,14.6,91,20.0,0.0,8.4,Clear,0,0
2026-01-14 21:15:00,40.74780445474789,-73.96485863220606,Highway,90,82.1,0.088,Low,26.6,51,3.3,0.0,12.9,Clear,0,0
2026-01-14 21:30:00,40.730757271159796,-73.97105464876311,Highway,90,77.5,0.139,Low,17.8,61,16.3,0.0,9.2,Clear,0,0
2026-01-14 21:45:00,40.73786636393795,-73.97978511412077,City_Street,40,36.0,0.1,Low,17.7,75,31.5,0.0,10.8,Clear,0,0
2026-01-14 22:00:00,40.74652811437663,-73.97272285897567,City_Street,40,37.1,0.073,Low,21.2,56,15.6,0.0,11.7,Cloudy,0,0
2026-01-14 22:15:00,40.75560186032881,-73.96523663798436,Residential,30,25.4,0.153,Low,18.0,65,31.3,5.0,4.9,Rain,0,0
2026-01-14 22:30:00,40.75712952470027,-73.94832651328338,Arterial,60,55.0,0.083,Low,18.2,64,31.1,0.0,10.9,Clear,0,0
2026-01-14 22:45:00,40.74917577608253,-73.97370612403864,Residential,30,24.7,0.177,Low,16.8,43,26.6,0.0,14.1,Clear,0,0
2026-01-14 23:00:00,40.73748137782208,-73.96444678846426,City_Street,40,21.5,0.463,Moderate,26.5,70,12.9,0.0,1.2,Fog,0,0
2026-01-14 23:15:00,40.746029520182034,-73.97254938309621,Highway,90,42.8,0.524,Moderate,18.0,94,27.0,18.7,3.8,Heavy Rain,0,0
2026-01-14 23:30:00,40.75846072516864,-73.9758409681982,Arterial,60,54.2,0.097,Low,15.1,37,16.1,0.0,11.3,Clear,0,0
2026-01-14 23:45:00,40.75943022616731,-73.97719230081022,City_Street,40,33.2,0.17,Low,27.7,58,22.2,0.0,9.1,Cloudy,0,0
2026-01-15 00:00:00,40.75592026612394,-73.97578183356806,Highway,90,85.4,0.051,Low,26.0,58,19.3,0.0,10.3,Clear,0,0
2026-01-15 00:15:00,40.76679061698813,-73.9676497302145,City_Street,40,36.0,0.1,Low,22.9,66,15.4,0.0,9.8,Clear,0,0
2026-01-15 00:30:00,40.74985990462081,-73.98212945330052,Residential,30,23.3,0.223,Low,17.8,88,13.5,3.4,4.7,Rain,0,0
2026-01-15 00:45:00,40.74836367613921,-73.96367066425108,Highway,90,65.0,0.278,Moderate,25.9,61,13.1,0.0,0.6,Fog,0,0
2026-01-15 01:00:00,40.751902274919736,-73.97589604893919,Residential,30,23.3,0.223,Low,21.5,47,31.0,0.0,14.9,Clear,0,0
2026-01-15 01:15:00,40.755496720786,-73.98570190447118,Arterial,60,42.9,0.285,Moderate,11.1,100,34.6,6.8,7.7,Rain,0,0
2026-01-15 01:30:00,40.750534518735996,-73.98119114791946,Arterial,60,60.0,0.0,Low,16.9,34,8.0,0.0,11.6,Clear,0,0
2026-01-15 01:45:00,40.74685051486104,-73.96435653482628,City_Street,40,34.7,0.132,Low,21.7,88,10.3,0.0,14.2,Cloudy,0,0
2026-01-15 02:00:00,40.75114321783538,-73.97188317936968,Residential,30,29.7,0.01,Low,19.1,43,3.9,0.0,10.3,Cloudy,0,0
2026-01-15 02:15:00,40.74730566449523,-73.97478274373252,City_Street,40,28.7,0.282,Moderate,18.0,56,11.0,5.2,4.7,Rain,0,0
2026-01-15 02:30:00,,,City_Street,40,35.9,0.103,Low,24.4,55,25.6,0.0,14.7,Clear,0,0
2026-01-15 02:45:00,40.755914421459714,-73.96792971184784,Highway,90,85.3,0.052,Low,27.3,45,29.6,0.0,11.3,Cloudy,0,0
2026-01-15 03:00:00,40.735299450439776,-73.95837309364802,Residential,30,30.0,0.0,Low,7.2,55,8.7,0.0,9.2,Clear,0,0
2026-01-15 03:15:00,40.75471029217605,-73.9988350364212,City_Street,40,38.9,0.028,Low,17.3,67,8.1,0.0,8.3,Clear,0,0
2026-01-15 03:30:00,40.753357702896544,-73.98710270168564,Residential,30,23.3,0.223,Low,22.8,32,12.1,0.0,14.5,Cloudy,0,0
2026-01-15 03:45:00,40.75445549146578,-73.9762958601746,Residential,30,24.0,0.2,Low,22.8,76,12.0,0.0,9.3,Clear,0,0
2026-01-15 04:00:00,40.75795972670067,-73.99029433552359,City_Street,40,34.9,0.128,Low,26.7,42,10.4,0.0,10.7,Clear,0,0
2026-01-15 04:15:00,40.75500180540624,-73.98575470328149,Residential,30,30.0,0.0,Low,21.7,31,32.8,0.0,8.9,Cloudy,0,0
2026-01-15 04:30:00,40.752637212016396,-73.97083505485425,Arterial,60,48.4,0.193,Low,26.8,36,25.1,0.0,9.9,Clear,0,0
2026-01-15 04:45:00,40.76032691246867,-73.9890529554107,City_Street,40,39.3,0.018,Low,18.3,73,21.6,0.0,14.2,Clear,0,0
2026-01-15 05:00:00,40.761587018300716,-73.98559037145188,Arterial,60,35.5,0.408,Moderate,11.9,85,30.8,0.0,0.8,Fog,0,0
2026-01-15 05:15:00,40.75774547629152,-73.97014808908007,Residential,30,25.0,0.167,Low,15.3,68,15.4,7.1,4.1,Rain,0,0
2026-01-15 05:30:00,40.78095657068016,-73.97960268589367,City_Street,40,37.9,0.052,Low,21.0,37,15.5,0.0,14.6,Cloudy,0,0
2026-01-15 05:45:00,,,Highway,90,81.9,0.09,Low,12.7,91,26.4,0.0,13.4,Cloudy,0,0
2026-01-15 06:00:00,40.74240738128013,-73.98097453368298,Arterial,60,42.8,0.287,Moderate,8.8,63,34.2,4.7,4.9,Rain,0,0
2026-01-15 06:15:00,40.74380899259305,-73.98050633802312,Arterial,60,53.1,0.115,Low,21.6,20,21.5,0.0,9.7,Cloudy,0,0
2026-01-15 06:30:00,40.76618844075928,-73.9914269303942,Residential,30,24.7,0.177,Low,22.2,66,29.2,0.0,13.6,Cloudy,0,0
2026-01-15 06:45:00,40.773922588707705,-73.98466180265412,Arterial,60,43.4,0.277,Moderate,20.6,31,25.2,6.6,5.7,Rain,0,0
2026-01-15 07:00:00,40.75951232557826,-73.9839244776541,City_Street,40,12.1,0.698,Heavy,21.0,100,24.5,12.2,2.2,Heavy Rain,0,1
2026-01-15 07:15:00,40.75891764312814,-73.98513028226466,Residential,30,11.1,0.63,Heavy,19.6,77,30.4,2.4,5.9,Rain,0,1
2026-01-15 07:30:00,40.767401543246976,-73.98859682065161,Arterial,60,30.4,0.493,Moderate,15.7,53,9.7,0.0,10.0,Clear,0,1
2026-01-15 07:45:00,40.75114047420948,-73.98892785762686,Highway,90,41.8,0.536,Moderate,11.0,40,27.5,0.0,13.2,Clear,0,1
2026-01-15 08:00:00,40.75746999478645,-73.98790997453668,Residential,30,13.5,0.55,Heavy,13.6,46,33.1,0.0,8.5,Cloudy,0,1
2026-01-15 08:15:00,40.753284734178045,-73.9889633401196,Arterial,60,16.5,0.725,Heavy,18.3,89,28.1,0.0,0.3,Fog,0,1
2026-01-15 08:30:00,40.75157872061037,-74.00162664216951,Residential,30,9.9,0.67,Heavy,16.6,57,8.3,0.0,0.7,Fog,0,1
2026-01-15 08:45:00,40.75815147770825,-73.97814832608749,Residential,30,13.9,0.537,Moderate,19.5,57,26.4,0.0,11.8,Clear,0,1
2026-01-15 09:00:00,40.75435639725758,-73.98320934896293,Arterial,60,23.5,0.608,Heavy,30.3,61,21.0,0.0,12.1,Clear,0,1
2026-01-15 09:15:00,40.74624633934893,-73.98924917145932,City_Street,40,18.3,0.542,Moderate,19.1,44,18.6,0.0,8.9,Cloudy,0,1
2026-01-15 09:30:00,40.761996135795805,-73.98566189870728,Arterial,60,25.2,0.58,Heavy,9.7,86,33.4,2.7,4.9,Rain,0,1
2026-01-15 09:45:00,40.75982090657111,-73.9957748712309,Residential,30,13.9,0.537,Moderate,14.3,63,13.0,0.0,13.5,Clear,0,1
2026-01-15 10:00:00,40.75387381746166,-73.99442928854714,Residential,30,27.9,0.07,Low,21.1,36,33.0,0.0,10.8,Cloudy,0,0
2026-01-15 10:15:00,40.75786515283471,-73.98017370579225,Highway,90,82.4,0.084,Low,12.7,59,3.4,0.0,9.1,Clear,0,0
2026-01-15 10:30:00,40.75778652631021,-73.98446008262545,Highway,90,89.3,0.008,Low,28.9,24,20.0,0.0,11.6,Clear,0,0
2026-01-15 10:45:00,40.76619091930638,-73.98716828507285,Highway,90,50.8,0.436,Moderate,15.6,93,27.0,12.0,2.2,Heavy Rain,0,0
2026-01-15 11:00:00,40.7524239424568,-73.99589305552882,City_Street,40,33.4,0.165,Low,19.4,71,20.1,0.0,13.2,Clear,0,0
2026-01-15 11:15:00,40.74972904073994,-73.99361277374899,Arterial,60,54.2,0.097,Low,19.9,65,30.0,0.0,14.1,Clear,0,0
2026-01-15 11:30:00,40.76743169942741,-73.99224070252103,City_Street,40,37.6,0.06,Low,20.5,45,11.0,0.0,10.2,Clear,0,0
2026-01-15 11:45:00,40.77286635874103,-74.00517340139176,Arterial,60,53.5,0.108,Low,21.0,71,14.7,0.0,13.7,Clear,0,0
2026-01-15 12:00:00,,,Highway,90,87.5,0.028,Low,17.9,62,23.9,0.0,11.3,Clear,0,0
2026-01-15 12:15:00,40.76442610451947,-73.99209739258652,Arterial,60,31.8,0.47,Moderate,23.4,77,9.8,10.4,3.0,Heavy Rain,0,0
2026-01-15 12:30:00,40.759525224134045,-74.00280215764745,Highway,90,77.7,0.137,Low,23.1,71,18.1,0.0,12.9,Clear,0,0
2026-01-15 12:45:00,40.75927477198736,-73.9960532981422,City_Street,40,37.8,0.055,Low,19.4,54,15.0,0.0,8.5,Cloudy,0,0
2026-01-15 13:00:00,40.76139465965915,-73.98836585685409,Arterial,60,55.7,0.072,Low,14.8,62,20.8,0.0,11.1,Clear,0,0
2026-01-15 13:15:00,40.75687221583619,-73.98071379970577,City_Street,40,30.9,0.228,Low,10.4,58,24.1,0.0,11.9,Cloudy,0,0
2026-01-15 13:30:00,40.765354920353666,-74.00159690590465,City_Street,40,31.4,0.215,Low,19.6,43,16.7,0.0,11.9,Cloudy,0,0
2026-01-15 13:45:00,40.76685461462643,-74.0026471417721,Highway,90,50.2,0.442,Moderate,15.7,86,18.9,17.7,1.1,Heavy Rain,0,0
2026-01-15 14:00:00,40.767368097488436,-74.00896669634021,Residential,30,30.0,0.0,Low,25.0,73,31.6,0.0,11.5,Clear,0,0
2026-01-15 14:15:00,40.75938883279286,-73.99756930002239,City_Street,40,38.3,0.043,Low,24.0,51,34.4,0.0,13.0,Clear,0,0
2026-01-15 14:30:00,40.764377138184976,-74.00442033676526,Highway,90,84.6,0.06,Low,19.2,51,21.7,0.0,8.5,Clear,0,0
2026-01-15 14:45:00,40.76267414707763,-74.0124949467018,Highway,90,81.7,0.092,Low,12.6,69,16.6,0.0,10.3,Clear,0,0
2026-01-15 15:00:00,40.756111651090926,-74.00407540478537,Highway,90,66.1,0.266,Moderate,19.8,62,34.9,3.7,5.4,Rain,0,0
2026-01-15 15:15:00,40.7645054053886,-74.0024650473345,City_Street,40,32.5,0.188,Low,21.0,32,5.9,0.0,8.6,Clear,0,0
2026-01-15 15:30:00,40.7483727282214,-74.00077836802531,City_Street,40,32.8,0.18,Low,22.3,51,3.5,0.0,13.0,Clear,0,0
2026-01-15 15:45:00,40.75495949004862,-74.0091415332866,Residential,30,26.5,0.117,Low,21.0,38,19.2,0.0,12.5,Clear,0,0
2026-01-15 16:00:00,40.75813634394439,-74.0067792739413,City_Street,40,20.0,0.5,Moderate,15.9,46,11.6,3.2,2.8,Snow,0,0
2026-01-15 16:15:00,40.783112828589545,-73.9899440897893,Arterial,60,60.0,0.0,Low,17.4,38,33.0,0.0,14.1,Clear,0,0
2026-01-15 16:30:00,40.76666056899028,-74.00443343774774,City_Street,40,25.6,0.36,Moderate,20.1,55,19.3,0.0,0.7,Fog,0,0
2026-01-15 16:45:00,40.755175510158814,-74.0053376288035,Residential,30,27.4,0.087,Low,12.1,89,34.8,0.0,8.1,Clear,0,0
2026-01-15 17:00:00,40.76480721670152,-74.00123707788121,City_Street,40,17.0,0.575,Heavy,15.0,54,21.2,0.0,10.3,Clear,0,1
2026-01-15 17:15:00,40.767904188205186,-74.00393984704051,Highway,90,41.4,0.54,Moderate,22.7,77,29.5,0.0,12.7,Clear,0,1
2026-01-15 17:30:00,40.76134851955319,-74.00267228849378,Arterial,60,30.7,0.488,Moderate,24.1,69,15.1,0.0,10.9,Clear,0,1
2026-01-15 17:45:00,40.757418429782135,-73.99577197293966,City_Street,40,19.9,0.503,Moderate,13.5,80,32.9,0.0,14.7,Clear,0,1
2026-01-15 18:00:00,40.769623655852904,-74.02540968928957,City_Street,40,14.3,0.642,Heavy,12.5,38,23.4,7.7,5.4,Rain,0,1
2026-01-15 18:15:00,40.75403331585333,-73.9980374032497,Highway,90,28.2,0.687,Heavy,22.8,40,34.7,0.0,0.7,Fog,0,1
2026-01-15 18:30:00,40.7641146340189,-74.01787115843362,Highway,90,41.0,0.544,Moderate,13.8,41,8.3,0.0,11.8,Clear,0,1
2026-01-15 18:45:00,40.765504025058114,-74.01133663515614,Arterial,60,23.4,0.61,Heavy,22.5,82,26.6,0.0,13.5,Clear,0,1
2026-01-15 19:00:00,40.76299462086295,-74.01216914456596,City_Street,40,17.8,0.555,Heavy,25.9,38,32.1,0.0,9.3,Clear,0,1
2026-01-15 19:15:00,40.76085395082217,-74.02347767975714,Arterial,60,21.4,0.643,Heavy,7.5,51,29.5,1.0,6.9,Rain,0,1
2026-01-15 19:30:00,40.76318480344005,-74.00808046261169,Residential,30,13.6,0.547,Moderate,15.7,66,34.3,0.0,12.7,Clear,0,1
2026-01-15 19:45:00,40.76124781624018,-74.00501744557839,Residential,30,8.5,0.717,Heavy,14.4,89,22.6,14.8,1.6,Heavy Rain,0,1
2026-01-15 20:00:00,40.76603951898742,-74.00293875400787,City_Street,40,36.9,0.078,Low,25.5,75,25.5,0.0,14.5,Clear,0,0
2026-01-15 20:15:00,40.75292118657456,-74.00609181054794,Arterial,60,52.8,0.12,Low,17.3,72,32.4,0.0,13.7,Cloudy,0,0
2026-01-15 20:30:00,40.773103504338735,-74.0159061913073,Arterial,60,49.7,0.172,Low,20.0,44,23.5,0.0,13.6,Clear,0,0
2026-01-15 20:45:00,40.75506678567762,-74.00470164874528,Arterial,60,57.1,0.048,Low,21.8,84,12.1,0.0,14.2,Clear,0,0
2026-01-15 21:00:00,40.75932460033443,-74.01410793129934,City_Street,40,31.6,0.21,Low,25.8,51,16.7,0.0,12.4,Clear,0,0
2026-01-15 21:15:00,40.7782865392376,-74.00421014313865,Residential,30,15.9,0.47,Moderate,19.0,86,25.9,24.6,2.8,Heavy Rain,0,0
2026-01-15 21:30:00,40.76758933761897,-74.03124927831853,Highway,90,41.8,0.536,Moderate,24.5,91,29.4,17.9,3.1,Heavy Rain,0,0
2026-01-15 21:45:00,40.74659609873711,-74.01723708035772,Arterial,60,49.0,0.183,Low,12.4,65,18.5,0.0,14.9,Clear,0,0
2026-01-15 22:00:00,40.75659597836621,-74.01974127913239,City_Street,40,27.4,0.315,Moderate,25.0,71,32.0,0.0,0.7,Fog,0,0
2026-01-15 22:15:00,40.76811144481225,-74.01341220554285,Highway,90,71.1,0.21,Low,17.7,82,4.7,1.5,6.0,Rain,0,0
2026-01-15 22:30:00,40.77439657496832,-74.02430989679085,Residential,30,24.4,0.187,Low,16.0,56,2.2,0.0,9.3,Clear,0,0
2026-01-15 22:45:00,40.75988257200543,-74.02138732330813,Residential,30,29.5,0.017,Low,21.1,39,14.9,0.0,10.9,Cloudy,0,0
2026-01-15 23:00:00,40.76894077636879,-74.02903254546953,City_Street,40,22.0,0.45,Moderate,19.7,91,9.6,14.2,2.9,Heavy Rain,0,0
2026-01-15 23:15:00,40.75674397455531,-74.02463978644128,City_Street,40,21.4,0.465,Moderate,13.6,100,14.4,9.5,1.2,Heavy Rain,0,0
2026-01-15 23:30:00,40.758849480762635,-74.01684513732341,Arterial,60,50.0,0.167,Low,12.3,45,30.2,2.9,7.9,Rain,0,0
2026-01-15 23:45:00,40.76483337583048,-74.0206371010348,Residential,30,23.3,0.223,Low,31.8,72,11.9,0.0,10.9,Cloudy,0,0
2026-01-16 00:00:00,40.75194237493102,-74.00721190207047,Residential,30,25.1,0.163,Low,11.0,76,27.3,2.2,5.6,Rain,0,0
2026-01-16 00:15:00,40.769846942926996,-74.0238851649547,Arterial,60,29.8,0.503,Moderate,7.5,100,10.8,21.6,1.6,Heavy Rain,0,0
2026-01-16 00:30:00,40.767937822869875,-74.01271508682689,Residential,30,14.0,0.533,Moderate,24.8,98,17.9,24.3,1.3,Heavy Rain,0,0
2026-01-16 00:45:00,40.75024501811008,-74.02404630046985,Residential,30,23.2,0.227,Low,15.4,49,5.7,0.0,10.8,Clear,0,0
2026-01-16 01:00:00,,,City_Street,40,37.7,0.057,Low,14.9,56,20.8,0.0,10.1,Cloudy,0,0
2026-01-16 01:15:00,40.76218977943292,-74.02200554497506,Arterial,60,45.0,0.25,Moderate,10.8,62,24.5,6.4,6.7,Rain,0,0
2026-01-16 01:30:00,40.76761632917024,-74.01164414460392,Highway,90,40.9,0.546,Moderate,15.2,78,16.1,6.6,1.7,Snow,0,0
2026-01-16 01:45:00,40.7631700811323,-74.01884402284563,Residential,30,23.8,0.207,Low,24.9,36,31.2,0.0,14.1,Cloudy,0,0
2026-01-16 02:00:00,40.7486855337809,-74.02328724346548,Residential,30,24.3,0.19,Low,14.7,66,31.7,0.0,10.8,Clear,0,0
2026-01-16 02:15:00,40.75728289354694,-74.01870050125085,Residential,30,16.2,0.46,Moderate,22.4,67,6.7,0.0,0.5,Fog,0,0
2026-01-16 02:30:00,40.76436118923731,-74.01990624652232,Highway,90,83.4,0.073,Low,17.4,77,11.6,0.0,11.4,Clear,0,0
2026-01-16 02:45:00,40.77134963127601,-74.0316727416638,Residential,30,28.5,0.05,Low,20.5,54,22.3,0.0,8.4,Cloudy,0,0
2026-01-16 03:00:00,40.76224665756789,-74.00754673664251,Arterial,60,27.7,0.538,Moderate,9.6,66,8.6,10.6,0.5,Snow,0,0
2026-01-16 03:15:00,40.7652616279145,-74.01891177720549,City_Street,40,26.6,0.335,Moderate,18.5,53,7.8,0.0,1.4,Fog,0,0
2026-01-16 03:30:00,40.74835044765859,-74.01792711844631,Residential,30,28.6,0.047,Low,20.7,44,18.5,0.0,8.1,Cloudy,0,0
2026-01-16 03:45:00,40.75543885775794,-74.02666979999563,Residential,30,23.6,0.213,Low,17.3,58,20.1,0.0,12.1,Clear,0,0
2026-01-16 04:00:00,40.76134148121249,-74.0062334470461,Highway,90,81.9,0.09,Low,25.7,75,31.1,0.0,9.6,Cloudy,0,0
2026-01-16 04:15:00,40.757948928341726,-74.03218741072573,City_Street,40,34.7,0.132,Low,23.5,48,32.4,0.0,13.5,Clear,0,0
2026-01-16 04:30:00,40.768927196356664,-74.01195266555445,Highway,90,70.0,0.222,Low,14.3,70,25.3,2.2,6.2,Rain,0,0
2026-01-16 04:45:00,40.7626998171077,-74.01809314259292,City_Street,40,34.7,0.132,Low,19.7,51,12.3,0.0,13.8,Clear,0,0
2026-01-16 05:00:00,40.75271064569198,-74.01200567388086,Arterial,60,60.0,0.0,Low,24.1,55,25.1,0.0,12.7,Cloudy,0,0
2026-01-16 05:15:00,40.76810867434521,-74.01646638624231,Arterial,60,60.0,0.0,Low,16.1,56,31.6,0.0,9.6,Clear,0,0
2026-01-16 05:30:00,40.755249877258514,-74.03194693804724,Highway,90,54.9,0.39,Moderate,15.0,60,26.2,0.0,1.0,Fog,0,0
2026-01-16 05:45:00,40.74421577661357,-74.03287289226722,Residential,30,24.7,0.177,Low,13.0,57,7.2,0.0,13.7,Clear,0,0
2026-01-16 06:00:00,40.7597572145108,-74.02415516731978,City_Street,40,30.9,0.228,Low,25.8,66,25.1,0.0,9.2,Cloudy,0,0
2026-01-16 06:15:00,40.7584335204881,-74.03284165633617,City_Street,40,38.3,0.043,Low,27.6,71,24.4,0.0,10.6,Clear,0,0
2026-01-16 06:30:00,40.75415623947148,-74.02733775382929,Residential,30,29.5,0.017,Low,24.6,65,28.9,0.0,8.9,Clear,0,0
2026-01-16 06:45:00,40.74292865197547,-74.02815021196324,Residential,30,24.8,0.173,Low,12.8,36,20.7,1.9,7.2,Rain,0,0
2026-01-16 07:00:00,40.768795794508115,-74.03270417160616,Highway,90,34.9,0.612,Heavy,31.6,47,11.8,0.0,10.4,Clear,0,1
2026-01-16 07:15:00,40.75102034368564,-74.02887166573007,City_Street,40,16.9,0.578,Heavy,15.2,66,9.6,0.0,14.3,Clear,0,1
2026-01-16 07:30:00,40.75880621150186,-74.03415756928939,Highway,90,45.0,0.5,Moderate,17.0,60,31.9,0.0,8.3,Clear,0,1
2026-01-16 07:45:00,40.758704416640555,-74.01624523028921,Arterial,60,20.3,0.662,Heavy,20.0,52,8.0,0.0,0.6,Fog,0,1
2026-01-16 08:00:00,40.73321559227315,-74.03517756969845,Highway,90,43.4,0.518,Moderate,23.8,30,18.0,0.0,12.1,Clear,0,1
2026-01-16 08:15:00,40.767325275102564,-74.04134692826014,Highway,90,37.1,0.588,Heavy,18.9,52,10.7,0.0,9.6,Clear,0,1
2026-01-16 08:30:00,40.74316166399267,-74.02896723134975,Arterial,60,11.6,0.807,Severe,12.6,70,12.8,5.4,2.0,Snow,0,1
2026-01-16 08:45:00,40.76370554614482,-74.03240716377724,City_Street,40,10.2,0.745,Heavy,13.7,100,30.4,22.9,1.5,Heavy Rain,0,1
2026-01-16 09:00:00,40.75316258399979,-74.03569868741381,City_Street,40,18.4,0.54,Moderate,18.0,50,14.5,0.0,14.8,Clear,0,1
2026-01-16 09:15:00,40.75173815320751,-74.02742567331413,Arterial,60,28.5,0.525,Moderate,17.9,50,9.8,0.0,11.8,Cloudy,0,1
2026-01-16 09:30:00,40.75087064085039,-74.03774105788551,Residential,30,13.3,0.557,Heavy,17.1,85,9.3,0.0,9.3,Clear,0,1
2026-01-16 09:45:00,40.7459353630286,-74.01261589025243,Residential,30,12.2,0.593,Heavy,15.1,82,17.4,5.8,7.4,Rain,0,1
2026-01-16 10:00:00,40.760637241877504,-74.03399237903251,Arterial,60,54.4,0.093,Low,11.1,69,25.6,0.0,9.5,Clear,0,0
2026-01-16 10:15:00,40.73967425778334,-74.02470271218529,Residential,30,23.0,0.233,Low,28.4,68,31.9,0.0,13.2,Cloudy,0,0
2026-01-16 10:30:00,40.757532970153605,-74.0447846423295,City_Street,40,37.9,0.052,Low,16.9,75,22.1,0.0,14.0,Clear,0,0
2026-01-16 10:45:00,40.753607764351564,-74.03772134426018,City_Street,40,19.7,0.508,Moderate,14.9,85,16.6,9.0,0.8,Snow,0,0
2026-01-16 11:00:00,40.76094035158727,-74.02785941614427,Arterial,60,59.2,0.013,Low,19.4,49,27.4,0.0,14.1,Clear,0,0
2026-01-16 11:15:00,40.75342506354002,-74.02842922830258,Residential,30,24.2,0.193,Low,18.2,74,32.4,0.0,12.5,Clear,0,0
2026-01-16 11:30:00,40.74556617749803,-74.03019009160377,Residential,30,30.0,0.0,Low,25.5,52,29.7,0.0,10.6,Clear,0,0
2026-01-16 11:45:00,40.751058078695586,-74.04204075075019,Arterial,60,60.0,0.0,Low,22.5,35,30.9,0.0,14.8,Clear,0,0
2026-01-16 12:00:00,40.766018273972676,-74.03374526431126,City_Street,40,28.9,0.278,Moderate,15.5,55,31.4,0.0,0.4,Fog,0,0
2026-01-16 12:15:00,40.751327618479394,-74.03063710720109,City_Street,40,34.8,0.13,Low,19.7,62,24.8,0.0,12.2,Cloudy,0,0
2026-01-16 12:30:00,40.744643032311714,-74.02631207165786,Residential,30,27.6,0.08,Low,32.2,70,5.8,0.0,12.0,Clear,0,0
2026-01-16 12:45:00,40.74312973166284,-74.03203892091103,Highway,90,74.1,0.177,Low,8.1,58,29.2,3.3,8.0,Rain,0,0
2026-01-16 13:00:00,40.747606221465375,-74.04016904546204,Residential,30,14.4,0.52,Moderate,14.2,81,19.7,9.1,1.9,Snow,0,0
2026-01-16 13:15:00,40.76072902609478,-74.04467233185883,Arterial,60,33.4,0.443,Moderate,6.8,46,33.2,0.0,1.0,Fog,0,0
2026-01-16 13:30:00,40.73341109760984,-74.05015951927633,Highway,90,90.0,0.0,Low,22.6,60,8.1,0.0,9.1,Clear,0,0
2026-01-16 13:45:00,40.73551379172324,-74.02598910994618,Residential,30,27.9,0.07,Low,16.2,50,21.9,0.0,11.8,Clear,0,0
2026-01-16 14:00:00,40.736706211573185,-74.03755413209056,City_Street,40,30.2,0.245,Low,5.7,71,29.2,2.8,4.9,Rain,0,0
2026-01-16 14:15:00,40.734974799339035,-74.02545891245434,City_Street,40,34.0,0.15,Low,11.3,54,24.6,0.0,9.0,Clear,0,0
2026-01-16 14:30:00,40.75494794200769,-74.04646635868814,Residential,30,24.2,0.193,Low,23.3,64,19.8,0.0,13.4,Clear,0,0
2026-01-16 14:45:00,40.75164586615869,-74.03800045426625,Arterial,60,47.5,0.208,Low,25.0,43,33.9,0.0,10.4,Clear,0,0
2026-01-16 15:00:00,40.74615281510071,-74.04774386458635,Residential,30,24.4,0.187,Low,20.5,63,21.0,0.0,12.3,Cloudy,0,0
2026-01-16 15:15:00,40.73712152435822,-74.03650494906091,Residential,30,25.4,0.153,Low,28.4,54,21.9,0.0,11.5,Cloudy,0,0
2026-01-16 15:30:00,40.73572645976237,-74.04797648401598,Highway,90,77.6,0.138,Low,11.8,82,26.2,0.0,10.8,Clear,0,0
2026-01-16 15:45:00,40.74036710719759,-74.0312630529909,Residential,30,19.4,0.353,Moderate,13.8,65,33.5,0.0,1.2,Fog,0,0
2026-01-16 16:00:00,40.744573317642434,-74.04432553171927,Residential,30,27.2,0.093,Low,19.3,63,4.7,0.0,13.2,Cloudy,0,0
2026-01-16 16:15:00,40.74704861947278,-74.05436310667139,City_Street,40,30.6,0.235,Low,14.2,84,34.8,2.2,6.6,Rain,0,0
2026-01-16 16:30:00,40.73714895746037,-74.0425463167665,Residential,30,23.2,0.227,Low,11.3,85,10.4,7.2,4.4,Rain,0,0
2026-01-16 16:45:00,40.73482782957713,-74.03184792910734,Highway,90,72.5,0.194,Low,26.0,38,11.7,0.0,12.1,Clear,0,0
2026-01-16 17:00:00,40.753298540719655,-74.04868509446759,City_Street,40,14.7,0.633,Heavy,15.3,41,3.4,5.5,5.3,Rain,0,1
2026-01-16 17:15:00,40.749298916993574,-74.04489924103241,City_Street,40,9.6,0.76,Heavy,16.2,71,2.2,4.3,1.0,Snow,0,1
2026-01-16 17:30:00,40.74751202224927,-74.04620348715599,Arterial,60,24.3,0.595,Heavy,23.3,55,14.2,0.0,13.4,Cloudy,0,1
2026-01-16 17:45:00,40.74819712714029,-74.04064947461463,City_Street,40,16.0,0.6,Heavy,8.9,65,20.6,0.0,8.1,Clear,0,1
2026-01-16 18:00:00,40.7412024229507,-74.03080665185031,Arterial,60,23.7,0.605,Heavy,22.7,56,10.9,0.0,10.8,Clear,0,1
2026-01-16 18:15:00,40.72947076488603,-74.05404684670862,Arterial,60,26.4,0.56,Heavy,19.8,57,10.4,0.0,12.6,Clear,0,1
2026-01-16 18:30:00,40.74407034356413,-74.04934424059759,Residential,30,13.3,0.557,Heavy,19.3,63,6.0,0.0,11.0,Clear,0,1
2026-01-16 18:45:00,40.747905659456805,-74.04804122452119,Highway,90,38.2,0.576,Heavy,14.1,79,10.3,0.0,8.1,Clear,0,1
2026-01-16 19:00:00,40.72888284367826,-74.04941162687918,Highway,90,17.3,0.808,Severe,17.4,68,25.1,6.1,1.5,Snow,0,1
2026-01-16 19:15:00,40.74665491948746,-74.04993992404123,Residential,30,14.1,0.53,Moderate,19.9,38,12.6,0.0,14.3,Clear,0,1
2026-01-16 19:30:00,40.725212256595206,-74.03831401933627,Arterial,60,26.3,0.562,Heavy,27.4,51,18.5,0.0,14.6,Cloudy,0,1
2026-01-16 19:45:00,40.753422568461886,-74.04758924169343,Arterial,60,29.5,0.508,Moderate,30.6,41,25.6,0.0,10.0,Cloudy,0,1
2026-01-16 20:00:00,40.74427636436689,-74.0304928226853,Residential,30,19.7,0.343,Moderate,12.7,65,12.8,4.4,7.5,Rain,0,0
2026-01-16 20:15:00,40.738792409931136,-74.047999251487,City_Street,40,31.4,0.215,Low,18.9,63,27.9,0.0,8.2,Clear,0,0
2026-01-16 20:30:00,40.73801903847154,-74.04496096223701,Arterial,60,51.3,0.145,Low,22.0,52,14.6,0.0,12.1,Clear,0,0
2026-01-16 20:45:00,40.735536368784764,-74.05651120998314,City_Street,40,32.3,0.193,Low,11.4,51,14.5,4.9,5.1,Rain,0,0
2026-01-16 21:00:00,40.737459178921775,-74.04138662855885,Residential,30,23.0,0.233,Low,19.0,69,11.9,0.0,13.1,Cloudy,0,0
2026-01-16 21:15:00,40.737173558975805,-74.05013008398363,Arterial,60,25.7,0.572,Heavy,13.2,53,16.3,5.2,0.7,Snow,0,0
2026-01-16 21:30:00,40.73421156413518,-74.06170920394023,Highway,90,82.1,0.088,Low,19.1,81,31.9,0.0,8.4,Cloudy,0,0
2026-01-16 21:45:00,40.724594958289906,-74.05620675086581,City_Street,40,21.5,0.463,Moderate,25.2,77,20.0,16.3,3.6,Heavy Rain,0,0
2026-01-16 22:00:00,40.73096625312775,-74.06399291306782,Residential,30,27.2,0.093,Low,14.2,46,33.7,0.0,10.8,Clear,0,0
2026-01-16 22:15:00,40.727493930930585,-74.04911795018542,Residential,30,23.0,0.233,Low,7.7,79,23.8,2.1,5.6,Rain,0,0
2026-01-16 22:30:00,40.713587258537046,-74.05687422688702,City_Street,40,36.3,0.093,Low,16.2,42,14.1,0.0,14.9,Clear,0,0
2026-01-16 22:45:00,40.73206777568582,-74.0575287257179,Arterial,60,51.3,0.145,Low,14.7,54,33.2,0.0,14.7,Clear,0,0
2026-01-16 23:00:00,40.72054826956939,-74.05187616455854,Residential,30,26.2,0.127,Low,22.4,49,3.4,0.0,14.4,Clear,0,0
2026-01-16 23:15:00,40.723310140894014,-74.05686134890642,Highway,90,67.3,0.252,Moderate,18.5,69,25.1,1.3,6.0,Rain,0,0
2026-01-16 23:30:00,40.73489895410206,-74.06347470078097,Arterial,60,60.0,0.0,Low,25.7,56,23.1,0.0,12.4,Cloudy,0,0
2026-01-16 23:45:00,40.72389659291372,-74.03729000108058,Residential,30,26.2,0.127,Low,22.3,42,27.5,0.0,12.5,Clear,0,0
2026-01-17 00:00:00,40.724720914525165,-74.0586693588442,City_Street,40,40.0,0.0,Low,13.9,68,17.6,0.0,9.3,Clear,1,0
2026-01-17 00:15:00,40.716843901147776,-74.05195999611301,Residential,30,30.0,0.0,Low,14.9,52,3.6,0.0,10.3,Cloudy,1,0
2026-01-17 00:30:00,40.723163123701035,-74.04675461868698,City_Street,40,33.8,0.155,Low,14.7,64,30.5,0.0,12.5,Clear,1,0
2026-01-17 00:45:00,40.73094972905656,-74.06190428134343,Residential,30,25.8,0.14,Low,21.7,22,4.5,0.0,13.8,Clear,1,0
2026-01-17 01:00:00,40.73217862735097,-74.05139100265296,City_Street,40,32.5,0.188,Low,26.8,85,9.1,0.0,14.0,Cloudy,1,0
2026-01-17 01:15:00,40.727006372877774,-74.05596331031674,Highway,90,52.3,0.419,Moderate,29.0,83,2.8,8.1,1.6,Heavy Rain,1,0
2026-01-17 01:30:00,40.730126994623845,-74.04515819128034,Arterial,60,56.9,0.052,Low,12.9,84,17.5,0.0,13.5,Cloudy,1,0
2026-01-17 01:45:00,40.73170450730489,-74.0428015781062,City_Street,40,37.4,0.065,Low,19.3,59,32.7,0.0,10.8,Cloudy,1,0
2026-01-17 02:00:00,40.722498264157466,-74.05235172131223,Residential,30,27.6,0.08,Low,22.5,71,23.6,0.0,10.6,Cloudy,1,0
2026-01-17 02:15:00,40.7208679809798,-74.05027321771892,Residential,30,29.8,0.007,Low,19.0,89,4.6,0.0,12.7,Cloudy,1,0
2026-01-17 02:30:00,40.7386447600502,-74.07791816528577,Residential,30,24.5,0.183,Low,16.0,81,18.6,0.0,12.1,Cloudy,1,0
2026-01-17 02:45:00,40.72393769408398,-74.07111662160194,City_Street,40,17.0,0.575,Heavy,14.3,72,16.6,4.3,1.2,Snow,1,0
2026-01-17 03:00:00,40.72905731796209,-74.06518563229203,Arterial,60,52.0,0.133,Low,19.5,81,18.7,0.0,13.6,Clear,1,0
2026-01-17 03:15:00,40.73124871315901,-74.05187541698146,Residential,30,30.0,0.0,Low,26.2,62,19.1,0.0,11.8,Cloudy,1,0
2026-01-17 03:30:00,,,City_Street,40,21.5,0.463,Moderate,16.1,88,26.6,12.2,2.1,Heavy Rain,1,0
2026-01-17 03:45:00,40.7143039982578,-74.03969832288281,Highway,90,81.7,0.092,Low,16.4,60,7.8,0.0,14.5,Cloudy,1,0
2026-01-17 04:00:00,40.715823447838744,-74.04603064249228,City_Street,40,31.6,0.21,Low,10.6,76,25.4,0.0,9.4,Cloudy,1,0
2026-01-17 04:15:00,40.704349836790726,-74.04784188933455,Residential,30,16.5,0.45,Moderate,11.3,48,16.4,0.0,0.7,Fog,1,0
2026-01-17 04:30:00,40.70999784862271,-74.06260582843542,City_Street,40,31.4,0.215,Low,25.7,62,24.6,0.0,11.6,Clear,1,0
2026-01-17 04:45:00,40.71267867648937,-74.04535437423687,Residential,30,29.4,0.02,Low,20.5,73,29.3,0.0,12.9,Clear,1,0
2026-01-17 05:00:00,40.73024093907669,-74.0543369094174,Residential,30,29.1,0.03,Low,23.3,61,29.5,0.0,11.6,Clear,1,0
2026-01-17 05:15:00,40.718119623793186,-74.0552539433098,Residential,30,24.6,0.18,Low,26.7,61,19.4,0.0,9.4,Clear,1,0
2026-01-17 05:30:00,40.71841873735207,-74.05077965757008,Arterial,60,60.0,0.0,Low,18.7,67,27.5,0.0,14.3,Clear,1,0
2026-01-17 05:45:00,40.72072075447921,-74.06377370019862,Highway,90,85.3,0.052,Low,21.5,64,22.9,0.0,13.2,Clear,1,0
2026-01-17 06:00:00,40.72339722746735,-74.05535781696311,Residential,30,23.9,0.203,Low,24.4,67,31.5,0.0,10.9,Cloudy,1,0
2026-01-17 06:15:00,40.71333905227716,-74.04915345040543,Highway,90,88.6,0.016,Low,17.6,35,22.9,0.0,10.7,Clear,1,0
2026-01-17 06:30:00,40.717783581840465,-74.06049550645697,City_Street,40,39.4,0.015,Low,26.7,64,32.9,0.0,11.9,Clear,1,0
2026-01-17 06:45:00,40.70489940873355,-74.05876268147802,Highway,90,79.2,0.12,Low,23.0,71,19.8,0.0,12.1,Cloudy,1,0
2026-01-17 07:00:00,40.72307410069605,-74.0530292746939,Arterial,60,55.9,0.068,Low,22.2,65,13.5,0.0,12.4,Clear,1,0
2026-01-17 07:15:00,40.71416053066183,-74.06071766379964,Residential,30,18.5,0.383,Moderate,11.1,83,24.5,15.6,2.1,Heavy Rain,1,0
2026-01-17 07:30:00,40.71743949708966,-74.04581603562899,Highway,90,63.3,0.297,Moderate,20.1,51,4.3,0.0,0.3,Fog,1,0
2026-01-17 07:45:00,40.70691810238689,-74.05223544009799,Highway,90,72.3,0.197,Low,18.8,62,4.1,2.2,5.1,Rain,1,0
2026-01-17 08:00:00,40.71008712678338,-74.06237233873863,Arterial,60,56.0,0.067,Low,12.7,39,16.8,0.0,9.4,Cloudy,1,0
2026-01-17 08:15:00,40.71091419869839,-74.0740122013603,Highway,90,84.5,0.061,Low,18.9,50,4.7,0.0,14.7,Clear,1,0
2026-01-17 08:30:00,40.69911833605538,-74.05449633063796,Residential,30,27.7,0.077,Low,16.5,63,25.0,0.0,11.5,Cloudy,1,0
2026-01-17 08:45:00,40.720740771673185,-74.05202324076508,City_Street,40,39.3,0.018,Low,23.9,47,11.7,0.0,11.3,Cloudy,1,0
2026-01-17 09:00:00,40.738738841856375,-74.05004063258674,Residential,30,19.9,0.337,Moderate,4.1,65,8.5,3.2,7.4,Rain,1,0
2026-01-17 09:15:00,,,Arterial,60,53.5,0.108,Low,22.9,55,4.3,0.0,14.8,Clear,1,0
2026-01-17 09:30:00,40.714601952649595,-74.04819542802495,Arterial,60,51.5,0.142,Low,21.5,38,21.5,0.0,11.8,Clear,1,0
2026-01-17 09:45:00,40.694391210165,-74.06440629437779,City_Street,40,25.9,0.353,Moderate,10.4,69,12.5,3.0,7.9,Rain,1,0
2026-01-17 10:00:00,40.70783990137531,-74.04818835516383,Residential,30,22.9,0.237,Low,12.2,47,28.4,1.8,6.4,Rain,1,0
2026-01-17 10:15:00,40.711217331789435,-74.07218765237842,City_Street,40,32.1,0.198,Low,19.7,78,5.5,0.0,13.8,Clear,1,0
2026-01-17 10:30:00,40.711741467850175,-74.04901692063764,City_Street,40,31.6,0.21,Low,16.3,69,8.0,0.0,12.9,Clear,1,0
2026-01-17 10:45:00,40.699706589323334,-74.05518284703727,Arterial,60,57.6,0.04,Low,15.7,60,32.8,0.0,11.3,Clear,1,0
2026-01-17 11:00:00,40.70891517481825,-74.05945876050082,Arterial,60,45.9,0.235,Low,22.5,61,10.4,0.0,9.7,Clear,1,0
2026-01-17 11:15:00,40.72462381317068,-74.04777095710415,City_Street,40,40.0,0.0,Low,17.2,53,26.4,0.0,10.6,Cloudy,1,0
2026-01-17 11:30:00,40.718708202579684,-74.04976335064308,Residential,30,30.0,0.0,Low,20.1,54,3.5,0.0,13.8,Cloudy,1,0
2026-01-17 11:45:00,40.700107000859944,-74.04955260036496,City_Street,40,31.4,0.215,Low,21.4,63,13.6,0.0,12.4,Clear,1,0
2026-01-17 12:00:00,40.70181928324897,-74.05598544381972,Residential,30,20.8,0.307,Moderate,8.7,58,25.8,0.0,11.9,Clear,1,0
2026-01-17 12:15:00,40.708737888183656,-74.0699317483115,Arterial,60,46.0,0.233,Low,13.6,61,18.0,0.0,13.6,Clear,1,0
2026-01-17 12:30:00,40.69592583206114,-74.06519780716157,Residential,30,14.3,0.523,Moderate,12.0,86,33.0,14.4,1.6,Heavy Rain,1,0
2026-01-17 12:45:00,40.712350852176904,-74.05031867962013,Arterial,60,47.3,0.212,Low,20.5,67,30.0,0.0,12.5,Cloudy,1,0
2026-01-17 13:00:00,40.69009977548937,-74.0500625561972,Highway,90,48.2,0.464,Moderate,8.6,54,8.0,1.7,6.9,Rain,1,0
2026-01-17 13:15:00,40.713178266873506,-74.04098717040108,Highway,90,39.6,0.56,Heavy,15.1,100,10.9,24.5,3.5,Heavy Rain,1,0
2026-01-17 13:30:00,40.70243673334303,-74.0516051123801,Highway,90,67.1,0.254,Moderate,22.4,77,14.3,0.0,12.9,Cloudy,1,0
2026-01-17 13:45:00,40.69813965050828,-74.03790233938527,City_Street,40,27.3,0.318,Moderate,17.9,39,2.0,0.0,14.9,Clear,1,0
2026-01-17 14:00:00,40.69400791157606,-74.06326534621188,Residential,30,25.6,0.147,Low,17.4,53,22.8,0.0,11.8,Clear,1,0
2026-01-17 14:15:00,40.67804221202402,-74.04397617700053,Highway,90,53.4,0.407,Moderate,12.0,77,24.9,5.3,4.3,Rain,1,0
2026-01-17 14:30:00,40.700031067125686,-74.0462393652371,Arterial,60,45.8,0.237,Low,16.4,50,7.6,0.0,13.9,Clear,1,0
2026-01-17 14:45:00,40.7117499495327,-74.05203744701193,Arterial,60,48.7,0.188,Low,29.1,80,27.1,0.0,13.1,Clear,1,0
2026-01-17 15:00:00,40.703770317291436,-74.04083801231549,City_Street,40,27.8,0.305,Moderate,18.0,52,26.4,0.0,10.8,Clear,1,0
2026-01-17 15:15:00,40.704690613708856,-74.050050879621,City_Street,40,32.5,0.188,Low,12.7,88,20.7,0.0,10.3,Clear,1,0
2026-01-17 15:30:00,40.704026648207346,-74.06414828486066,City_Street,40,32.7,0.182,Low,20.0,78,23.7,0.0,12.6,Cloudy,1,0
2026-01-17 15:45:00,40.702422792927834,-74.06833689038054,City_Street,40,27.7,0.307,Moderate,25.8,59,14.0,0.0,11.7,Clear,1,0
2026-01-17 16:00:00,40.689528005520536,-74.05774535675668,Arterial,60,36.8,0.387,Moderate,13.0,87,10.6,1.8,5.1,Rain,1,0
2026-01-17 16:15:00,40.68738199587297,-74.04885813046927,Arterial,60,45.8,0.237,Low,26.7,56,31.1,0.0,9.7,Cloudy,1,0
2026-01-17 16:30:00,40.69550317109065,-74.05193433849968,City_Street,40,26.0,0.35,Moderate,28.3,52,11.7,0.0,12.2,Cloudy,1,0
2026-01-17 16:45:00,40.70200847661175,-74.06646238440324,Arterial,60,41.3,0.312,Moderate,31.5,100,22.1,6.0,6.0,Rain,1,0
2026-01-17 17:00:00,40.68943219052476,-74.05096636901942,City_Street,40,16.3,0.593,Heavy,15.8,98,18.2,16.2,2.1,Heavy Rain,1,0
2026-01-17 17:15:00,40.70328993151841,-74.04438172006802,City_Street,40,31.2,0.22,Low,29.8,49,25.0,0.0,11.1,Clear,1,0
2026-01-17 17:30:00,40.68679738045941,-74.04903821912166,City_Street,40,31.2,0.22,Low,10.6,24,29.0,0.0,14.2,Cloudy,1,0
2026-01-17 17:45:00,40.70254485679031,-74.03702147003624,City_Street,40,24.1,0.397,Moderate,22.7,51,26.0,0.0,1.5,Fog,1,0
2026-01-17 18:00:00,40.68740174692106,-74.04589539487593,Arterial,60,32.9,0.452,Moderate,8.0,82,13.1,1.8,4.4,Rain,1,0
2026-01-17 18:15:00,40.68791620878867,-74.04668658230713,City_Street,40,27.6,0.31,Moderate,23.0,79,27.7,0.0,11.3,Clear,1,0
2026-01-17 18:30:00,40.689697208326415,-74.05148609437364,Highway,90,61.8,0.313,Moderate,14.2,59,5.7,0.0,11.1,Clear,1,0
2026-01-17 18:45:00,40.70140699044454,-74.04543455877673,Residential,30,18.3,0.39,Moderate,18.5,82,5.6,3.0,6.0,Rain,1,0
2026-01-17 19:00:00,40.674395806461305,-74.04753077974226,Residential,30,25.8,0.14,Low,18.4,44,34.5,0.0,11.1,Cloudy,1,0
2026-01-17 19:15:00,40.6906956421711,-74.05205079857691,Residential,30,26.2,0.127,Low,17.9,61,17.9,0.0,8.6,Clear,1,0
2026-01-17 19:30:00,40.708223664221066,-74.05266280651063,City_Street,40,35.5,0.113,Low,10.0,56,24.6,0.0,13.5,Cloudy,1,0
2026-01-17 19:45:00,40.693813981643395,-74.05157675190357,City_Street,40,34.8,0.13,Low,18.5,50,33.2,0.0,11.7,Cloudy,1,0
2026-01-17 20:00:00,40.698695528736316,-74.06195356053173,Highway,90,90.0,0.0,Low,15.8,81,12.7,0.0,14.7,Clear,1,0
2026-01-17 20:15:00,40.68501255433837,-74.04197143538559,Arterial,60,55.5,0.075,Low,24.1,55,6.8,0.0,12.8,Clear,1,0
2026-01-17 20:30:00,40.690087138874496,-74.04190378760866,Highway,90,35.5,0.606,Heavy,10.3,51,14.8,10.1,0.7,Snow,1,0
2026-01-17 20:45:00,40.690509300411215,-74.06418849965719,Residential,30,30.0,0.0,Low,23.7,59,11.0,0.0,9.7,Cloudy,1,0
2026-01-17 21:00:00,40.69209560871581,-74.05992664047871,Arterial,60,56.1,0.065,Low,15.6,59,31.8,0.0,8.7,Cloudy,1,0
2026-01-17 21:15:00,40.7045522854958,-74.04561851954158,Highway,90,64.6,0.282,Moderate,18.7,69,21.7,4.3,6.2,Rain,1,0
2026-01-17 21:30:00,40.69620989518386,-74.04430564108758,Arterial,60,43.0,0.283,Moderate,18.4,79,23.2,2.6,6.5,Rain,1,0
2026-01-17 21:45:00,40.68667783223939,-74.04549537871293,Residential,30,22.1,0.263,Moderate,15.7,68,28.2,4.1,6.9,Rain,1,0
2026-01-17 22:00:00,40.67815525138154,-74.06071553800282,Highway,90,69.8,0.224,Low,15.5,27,27.4,0.0,8.1,Cloudy,1,0
2026-01-17 22:15:00,40.6879070011137,-74.04845953341815,Residential,30,28.3,0.057,Low,15.7,61,21.9,0.0,13.1,Cloudy,1,0
2026-01-17 22:30:00,40.691292331821806,-74.04054382388776,Highway,90,42.7,0.526,Moderate,15.7,71,16.8,10.1,1.2,Heavy Rain,1,0
2026-01-17 22:45:00,40.68719003680967,-74.05024870512035,Arterial,60,56.5,0.058,Low,21.5,52,10.8,0.0,10.2,Clear,1,0
2026-01-17 23:00:00,40.68277539446734,-74.04362791727189,Residential,30,29.6,0.013,Low,25.7,64,14.0,0.0,8.2,Cloudy,1,0
2026-01-17 23:15:00,40.67977299177945,-74.03889539498334,Residential,30,26.8,0.107,Low,18.0,60,4.5,0.0,10.7,Clear,1,0
2026-01-17 23:30:00,40.6997366332507,-74.03854799122485,Residential,30,20.3,0.323,Moderate,13.1,70,9.8,5.2,7.3,Rain,1,0
2026-01-17 23:45:00,40.68886417532495,-74.04615622840919,Residential,30,30.0,0.0,Low,30.8,52,22.9,0.0,11.9,Cloudy,1,0
2026-01-18 00:00:00,40.702365411572885,-74.05360403895085,City_Street,40,39.9,0.003,Low,19.3,43,3.6,0.0,8.6,Cloudy,1,0
2026-01-18 00:15:00,40.68513135495455,-74.06095987576617,City_Street,40,33.9,0.153,Low,21.0,54,34.8,0.0,10.4,Clear,1,0
2026-01-18 00:30:00,40.67753431973143,-74.04273470893077,Residential,30,23.7,0.21,Low,17.5,58,31.9,0.0,9.4,Cloudy,1,0
2026-01-18 00:45:00,40.683001949120516,-74.05470656089925,Highway,90,71.7,0.203,Low,18.3,60,25.5,0.0,13.0,Cloudy,1,0
2026-01-18 01:00:00,40.6930737729863,-74.0597813313583,Residential,30,25.8,0.14,Low,22.8,59,10.3,0.0,11.3,Clear,1,0
2026-01-18 01:15:00,40.68540344316741,-74.04478794129842,City_Street,40,20.7,0.483,Moderate,20.0,96,31.9,12.8,1.9,Heavy Rain,1,0
2026-01-18 01:30:00,40.68274788745114,-74.041982156693,Residential,30,25.7,0.143,Low,13.9,60,33.1,0.0,10.8,Clear,1,0
2026-01-18 01:45:00,40.684697098170986,-74.05005104072966,City_Street,40,33.2,0.17,Low,15.3,40,12.8,0.0,10.4,Cloudy,1,0
2026-01-18 02:00:00,40.678444505812145,-74.03331801514052,Arterial,60,48.5,0.192,Low,25.9,60,7.8,0.0,12.5,Clear,1,0
2026-01-18 02:15:00,40.67082430130701,-74.04117696220202,Highway,90,76.2,0.153,Low,29.2,49,13.0,0.0,11.2,Cloudy,1,0
2026-01-18 02:30:00,40.68554859988684,-74.03592376375066,Arterial,60,60.0,0.0,Low,24.7,74,19.9,0.0,9.9,Clear,1,0
2026-01-18 02:45:00,40.66512895407245,-74.0305841894617,Highway,90,84.4,0.062,Low,23.7,82,7.4,0.0,8.8,Clear,1,0
2026-01-18 03:00:00,40.681980683234436,-74.040675460785,Highway,90,58.5,0.35,Moderate,18.2,64,10.5,2.3,7.7,Rain,1,0
2026-01-18 03:15:00,40.67211201578048,-74.04755034988942,Highway,90,56.8,0.369,Moderate,21.5,51,16.2,1.5,6.3,Rain,1,0
2026-01-18 03:30:00,40.68307403018057,-74.03612991014545,Highway,90,90.0,0.0,Low,19.7,37,8.5,0.0,14.0,Clear,1,0
2026-01-18 03:45:00,40.695482670751325,-74.05020920688132,Residential,30,23.5,0.217,Low,10.6,64,8.9,7.6,5.8,Rain,1,0
2026-01-18 04:00:00,40.686166198055254,-74.03724947076255,Highway,90,69.4,0.229,Low,14.6,72,16.8,3.3,4.1,Rain,1,0
2026-01-18 04:15:00,40.682763249148046,-74.04589992111042,Highway,90,73.1,0.188,Low,15.1,57,9.2,0.0,13.0,Cloudy,1,0
2026-01-18 04:30:00,40.66633613151201,-74.05292617113862,Arterial,60,49.2,0.18,Low,13.1,55,9.2,0.0,11.9,Cloudy,1,0
2026-01-18 04:45:00,40.67623422605676,-74.03891787746265,Residential,30,29.0,0.033,Low,9.2,53,29.8,0.0,10.5,Clear,1,0
2026-01-18 05:00:00,40.687499204377126,-74.04152026528787,Residential,30,30.0,0.0,Low,13.9,62,5.0,0.0,11.5,Clear,1,0
2026-01-18 05:15:00,40.67202266784926,-74.04670507986957,City_Street,40,33.5,0.162,Low,15.7,39,33.6,3.8,4.2,Rain,1,0
2026-01-18 05:30:00,40.674291541557864,-74.05060300480339,Arterial,60,47.8,0.203,Low,23.5,71,32.4,0.0,13.5,Clear,1,0
2026-01-18 05:45:00,40.65981314274391,-74.03640955309675,Arterial,60,39.6,0.34,Moderate,11.7,90,22.6,5.8,7.8,Rain,1,0
2026-01-18 06:00:00,40.67373358011178,-74.03323532658008,Arterial,60,30.8,0.487,Moderate,23.8,100,4.9,20.2,3.6,Heavy Rain,1,0
2026-01-18 06:15:00,40.6642879480574,-74.05399624800019,Highway,90,77.8,0.136,Low,23.6,62,9.0,0.0,8.7,Cloudy,1,0
2026-01-18 06:30:00,40.681300588348044,-74.03788921721942,Residential,30,25.5,0.15,Low,22.1,67,12.7,0.0,9.8,Clear,1,0
2026-01-18 06:45:00,40.673197606467255,-74.0420991164669,Arterial,60,46.4,0.227,Low,28.4,73,28.0,1.9,7.4,Rain,1,0
2026-01-18 07:00:00,40.68197475896012,-74.03022030249709,City_Street,40,40.0,0.0,Low,22.2,64,28.6,0.0,13.0,Cloudy,1,0
2026-01-18 07:15:00,40.68059133566774,-74.04336140516939,Highway,90,90.0,0.0,Low,24.3,55,12.7,0.0,13.3,Clear,1,0
2026-01-18 07:30:00,40.666229204319585,-74.04231442757232,Arterial,60,47.7,0.205,Low,15.9,59,33.5,0.0,9.8,Cloudy,1,0
2026-01-18 07:45:00,40.6740603741251,-74.03974094372084,Arterial,60,48.3,0.195,Low,8.0,72,16.5,4.7,4.7,Rain,1,0
2026-01-18 08:00:00,40.67452792432814,-74.04079913844087,Residential,30,23.7,0.21,Low,18.6,55,12.6,0.0,8.0,Cloudy,1,0
2026-01-18 08:15:00,,,City_Street,40,38.1,0.047,Low,23.8,81,25.9,0.0,13.3,Cloudy,1,0
2026-01-18 08:30:00,,,Arterial,60,48.2,0.197,Low,19.0,67,13.8,0.0,14.8,Cloudy,1,0
2026-01-18 08:45:00,40.67594138183296,-74.04274967888313,City_Street,40,28.0,0.3,Moderate,11.0,84,31.3,7.0,6.1,Rain,1,0
2026-01-18 09:00:00,40.66675457316454,-74.0364742753846,Residential,30,25.1,0.163,Low,28.9,71,24.0,0.0,12.4,Clear,1,0
2026-01-18 09:15:00,40.67725931420557,-74.03858456001733,Arterial,60,60.0,0.0,Low,25.3,73,20.1,0.0,12.6,Cloudy,1,0
2026-01-18 09:30:00,40.67431038647601,-74.03461127100391,Residential,30,20.3,0.323,Moderate,16.4,99,29.7,0.0,0.3,Fog,1,0
2026-01-18 09:45:00,40.669220267235076,-74.02534680056203,Highway,90,84.6,0.06,Low,27.5,67,24.0,0.0,9.4,Clear,1,0
2026-01-18 10:00:00,40.68349620622502,-74.03754398967945,Highway,90,78.0,0.133,Low,21.7,57,18.0,0.0,14.6,Clear,1,0
2026-01-18 10:15:00,40.68586895631455,-74.03487024929224,Highway,90,75.8,0.158,Low,4.1,51,5.7,2.7,5.5,Rain,1,0
2026-01-18 10:30:00,40.67849779152896,-74.03445400773832,Residential,30,12.3,0.59,Heavy,12.0,28,18.3,5.0,1.3,Snow,1,0
2026-01-18 10:45:00,40.681431959407945,-74.04279719295792,Arterial,60,46.7,0.222,Low,14.2,55,4.8,0.0,11.5,Clear,1,0
2026-01-18 11:00:00,40.66872695579277,-74.02393554134308,Residential,30,28.1,0.063,Low,21.2,64,21.2,0.0,8.5,Clear,1,0
2026-01-18 11:15:00,40.65628946709808,-74.02000881931771,Residential,30,26.4,0.12,Low,19.9,62,18.3,0.0,13.1,Cloudy,1,0
2026-01-18 11:30:00,40.66590698397545,-74.04211363629165,City_Street,40,37.3,0.068,Low,16.1,55,18.4,0.0,13.8,Clear,1,0
2026-01-18 11:45:00,40.661177331374034,-74.01990735203192,Highway,90,76.6,0.149,Low,22.5,64,7.5,0.0,11.0,Cloudy,1,0
2026-01-18 12:00:00,40.6713446087564,-74.02351397958873,Residential,30,18.9,0.37,Moderate,20.6,96,14.5,7.7,7.9,Rain,1,0
2026-01-18 12:15:00,40.67201189983576,-74.02684889359575,Residential,30,25.0,0.167,Low,16.1,38,12.9,0.0,12.6,Clear,1,0
2026-01-18 12:30:00,40.66685534365252,-74.03313543736125,Arterial,60,40.0,0.333,Moderate,13.4,60,16.5,0.0,12.0,Cloudy,1,0
2026-01-18 12:45:00,40.658775912093574,-74.02211643719956,Residential,30,22.2,0.26,Moderate,27.5,65,24.1,0.0,13.3,Cloudy,1,0
2026-01-18 13:00:00,40.6667044446411,-74.0351514631656,Residential,30,21.6,0.28,Moderate,22.5,52,8.4,0.0,10.5,Clear,1,0
2026-01-18 13:15:00,40.66053896075826,-74.03145389326929,Residential,30,19.8,0.34,Moderate,14.5,78,3.7,0.0,12.3,Cloudy,1,0
2026-01-18 13:30:00,40.66911017929507,-74.03515574854671,Arterial,60,40.2,0.33,Moderate,13.4,53,14.0,0.0,12.8,Clear,1,0
2026-01-18 13:45:00,40.66159246490593,-74.03058304815482,Residential,30,16.5,0.45,Moderate,11.6,67,7.5,5.9,5.2,Rain,1,0
2026-01-18 14:00:00,40.666602402938835,-74.02438018742258,Residential,30,21.0,0.3,Moderate,10.9,80,16.7,1.4,4.8,Rain,1,0
2026-01-18 14:15:00,40.66310832947876,-74.0089284663713,City_Street,40,29.2,0.27,Moderate,17.8,47,12.1,0.0,13.4,Clear,1,0
2026-01-18 14:30:00,40.656390349637604,-74.02678889164456,Highway,90,60.5,0.328,Moderate,14.8,62,30.4,0.0,14.6,Clear,1,0
2026-01-18 14:45:00,40.68059528220004,-74.03359436015731,City_Street,40,32.0,0.2,Low,15.5,66,3.4,0.0,10.4,Cloudy,1,0
2026-01-18 15:00:00,40.66625825061074,-74.03260172041055,Arterial,60,41.3,0.312,Moderate,19.1,47,21.0,0.0,13.7,Clear,1,0
2026-01-18 15:15:00,40.66505936895425,-74.01666479647608,Arterial,60,40.2,0.33,Moderate,22.4,74,33.6,0.0,8.4,Cloudy,1,0
2026-01-18 15:30:00,40.676331438031966,-74.02084949840673,City_Street,40,30.1,0.247,Low,18.7,57,31.3,0.0,11.7,Clear,1,0
2026-01-18 15:45:00,40.65833357796932,-74.03326224170412,Residential,30,20.7,0.31,Moderate,17.6,50,27.7,0.0,12.8,Cloudy,1,0
2026-01-18 16:00:00,40.66954386644559,-74.01908402107983,Highway,90,72.4,0.196,Low,25.5,40,20.1,0.0,10.6,Clear,1,0
2026-01-18 16:15:00,40.668805042931155,-74.02207706543612,Highway,90,73.8,0.18,Low,24.2,26,17.5,0.0,12.3,Clear,1,0
2026-01-18 16:30:00,40.669935595927875,-74.01225895882676,City_Street,40,31.3,0.218,Low,19.1,52,24.7,0.0,11.2,Clear,1,0
2026-01-18 16:45:00,40.65509675143779,-74.02012752813651,Highway,90,60.8,0.324,Moderate,12.8,79,12.7,0.0,8.7,Clear,1,0
2026-01-18 17:00:00,40.67134462172848,-74.01198781906736,Arterial,60,42.4,0.293,Moderate,29.3,76,17.6,0.0,8.9,Clear,1,0
2026-01-18 17:15:00,40.66714791623866,-74.0097803790603,Residential,30,22.7,0.243,Low,20.2,68,27.1,0.0,10.6,Cloudy,1,0
2026-01-18 17:30:00,40.66441880341906,-74.0331222061318,Highway,90,43.8,0.513,Moderate,29.4,65,3.3,0.0,0.3,Fog,1,0
2026-01-18 17:45:00,,,City_Street,40,27.4,0.315,Moderate,16.3,70,3.7,5.1,4.2,Rain,1,0
2026-01-18 18:00:00,40.65859609267739,-74.01954866304317,Residential,30,20.3,0.323,Moderate,27.7,55,2.9,0.0,8.1,Cloudy,1,0
2026-01-18 18:15:00,40.66472637417419,-74.0132874443878,Residential,30,21.7,0.277,Moderate,14.8,70,21.8,0.0,10.8,Cloudy,1,0
2026-01-18 18:30:00,40.6568555858534,-74.00693662564923,Residential,30,19.7,0.343,Moderate,23.2,100,14.0,0.0,8.7,Clear,1,0
2026-01-18 18:45:00,40.67582367922522,-74.0183914528862,Highway,90,61.3,0.319,Moderate,16.4,66,16.6,0.0,10.3,Clear,1,0
2026-01-18 19:00:00,40.674159974267866,-74.0123822343604,Highway,90,85.7,0.048,Low,20.5,63,12.9,0.0,14.6,Clear,1,0
2026-01-18 19:15:00,40.66741101633161,-74.00565812356622,Residential,30,24.9,0.17,Low,21.4,79,14.3,0.0,8.8,Clear,1,0
2026-01-18 19:30:00,40.66488699337242,-74.00938600697874,Arterial,60,50.9,0.152,Low,21.8,46,25.2,4.2,5.9,Rain,1,0
2026-01-18 19:45:00,40.665468130179384,-74.00131355130836,Arterial,60,48.3,0.195,Low,25.1,49,31.1,0.0,11.2,Clear,1,0
2026-01-18 20:00:00,40.65689120373843,-74.01914128351865,Highway,90,73.7,0.181,Low,28.3,44,16.0,0.0,14.8,Clear,1,0
2026-01-18 20:15:00,40.65837519610368,-74.00112633086216,Highway,90,65.7,0.27,Moderate,24.1,96,20.0,1.6,5.6,Rain,1,0
2026-01-18 20:30:00,40.67449582801036,-74.0133347807196,Arterial,60,26.7,0.555,Heavy,9.3,68,30.0,6.0,2.4,Snow,1,0
2026-01-18 20:45:00,40.662454252557254,-74.01056583155493,City_Street,40,33.0,0.175,Low,20.4,39,3.5,0.0,12.7,Clear,1,0
2026-01-18 21:00:00,40.66852769931347,-74.01310720435582,City_Street,40,31.4,0.215,Low,10.2,57,20.1,7.2,4.9,Rain,1,0
2026-01-18 21:15:00,40.65985678772886,-73.99566776212009,Residential,30,14.3,0.523,Moderate,15.1,100,34.8,16.3,2.1,Heavy Rain,1,0
2026-01-18 21:30:00,40.66518005555688,-74.00709657276245,Arterial,60,49.4,0.177,Low,21.8,74,15.2,6.8,5.4,Rain,1,0
2026-01-18 21:45:00,40.65949425038614,-74.0176310185414,City_Street,40,27.9,0.302,Moderate,17.5,59,6.5,5.8,5.8,Rain,1,0
2026-01-18 22:00:00,40.65921958875612,-74.00356771219089,Highway,90,70.3,0.219,Low,11.3,57,13.7,0.0,10.7,Clear,1,0
2026-01-18 22:15:00,40.659189284889244,-74.01428051638527,Highway,90,62.0,0.311,Moderate,16.4,65,25.1,1.4,4.0,Rain,1,0
2026-01-18 22:30:00,40.66993333667636,-74.02308200926966,Highway,90,83.1,0.077,Low,4.5,58,15.1,0.0,8.1,Clear,1,0
2026-01-18 22:45:00,40.650712049788815,-73.9952216991084,City_Street,40,37.2,0.07,Low,24.4,59,9.3,0.0,10.6,Cloudy,1,0
2026-01-18 23:00:00,40.66267031798923,-74.01281715553776,Highway,90,71.3,0.208,Low,22.2,67,14.0,0.0,9.1,Clear,1,0
2026-01-18 23:15:00,40.67137236107992,-74.0143726501738,City_Street,40,39.6,0.01,Low,30.6,72,29.3,0.0,11.4,Clear,1,0
2026-01-18 23:30:00,40.67400793838675,-74.01215123679403,Residential,30,24.6,0.18,Low,13.7,50,29.9,0.0,13.7,Clear,1,0
2026-01-18 23:45:00,40.667141952087555,-73.99636788421806,Highway,90,67.0,0.256,Moderate,17.4,66,15.2,2.3,7.8,Rain,1,0
2026-01-19 00:00:00,40.64980812573913,-73.99796971976797,City_Street,40,37.7,0.057,Low,22.4,65,12.0,0.0,14.2,Clear,0,0
2026-01-19 00:15:00,40.66305074334065,-74.01747856656606,Arterial,60,39.1,0.348,Moderate,25.1,69,25.8,0.0,0.4,Fog,0,0
2026-01-19 00:30:00,40.67032363340051,-74.01197400206675,City_Street,40,36.6,0.085,Low,22.1,68,2.1,0.0,10.4,Clear,0,0
2026-01-19 00:45:00,40.656756254717635,-73.99390978612209,City_Street,40,39.4,0.015,Low,19.4,60,13.3,0.0,10.7,Clear,0,0
2026-01-19 01:00:00,40.66619901094784,-74.00494388326719,Highway,90,79.6,0.116,Low,18.0,45,27.1,0.0,10.4,Clear,0,0
2026-01-19 01:15:00,40.66301925248545,-74.01557713160575,Residential,30,15.1,0.497,Moderate,18.3,95,17.0,16.5,3.7,Heavy Rain,0,0
2026-01-19 01:30:00,40.661541398829044,-73.9907941979905,City_Street,40,24.8,0.38,Moderate,15.7,76,32.1,0.0,0.9,Fog,0,0
2026-01-19 01:45:00,40.66703622795727,-74.0077328950464,Arterial,60,49.5,0.175,Low,16.4,53,9.2,0.0,13.4,Cloudy,0,0
2026-01-19 02:00:00,40.67524216158551,-73.99727727712266,City_Street,40,34.3,0.143,Low,22.9,46,8.5,0.0,8.3,Clear,0,0
2026-01-19 02:15:00,40.668579787662004,-73.99508166458858,Arterial,60,59.2,0.013,Low,16.0,69,28.6,0.0,13.5,Clear,0,0
2026-01-19 02:30:00,40.65935687771281,-74.0085239196765,City_Street,40,32.2,0.195,Low,26.5,56,9.8,0.0,13.4,Clear,0,0
2026-01-19 02:45:00,40.67417643444058,-73.99666387111237,Residential,30,15.4,0.487,Moderate,16.0,63,30.8,8.9,2.7,Snow,0,0
2026-01-19 03:00:00,40.6592634417829,-73.99867856541037,Residential,30,24.7,0.177,Low,21.6,73,14.2,0.0,13.1,Clear,0,0
2026-01-19 03:15:00,40.66672412540523,-73.99854293978592,Arterial,60,49.5,0.175,Low,15.7,59,6.2,0.0,9.8,Clear,0,0
2026-01-19 03:30:00,40.638461050762764,-73.9962492473119,Arterial,60,54.3,0.095,Low,9.1,49,4.2,0.0,9.9,Cloudy,0,0
2026-01-19 03:45:00,40.649270334837944,-73.99622564632426,Residential,30,30.0,0.0,Low,22.8,58,33.1,0.0,9.7,Cloudy,0,0
2026-01-19 04:00:00,,,Highway,90,69.9,0.223,Low,19.5,64,26.1,1.2,5.1,Rain,0,0
2026-01-19 04:15:00,40.64616954029381,-74.00480043284857,Arterial,60,48.3,0.195,Low,11.7,52,3.9,0.0,12.1,Clear,0,0
2026-01-19 04:30:00,40.66883218645317,-74.01080690938562,Residential,30,29.2,0.027,Low,21.0,40,8.3,0.0,10.8,Clear,0,0
2026-01-19 04:45:00,,,City_Street,40,34.4,0.14,Low,12.7,76,25.6,0.0,13.9,Clear,0,0
2026-01-19 05:00:00,40.66154592301301,-73.99989927109692,Arterial,60,56.8,0.053,Low,20.2,76,14.3,0.0,12.1,Clear,0,0
2026-01-19 05:15:00,40.65625543273561,-73.99397378290443,Arterial,60,53.0,0.117,Low,24.1,59,2.5,0.0,11.4,Clear,0,0
2026-01-19 05:30:00,40.6687470826458,-73.9993150440701,City_Street,40,36.5,0.088,Low,15.1,66,24.8,0.0,13.2,Clear,0,0
2026-01-19 05:45:00,40.67296425817658,-73.99864791900842,City_Street,40,17.2,0.57,Heavy,11.3,76,10.3,8.8,0.6,Snow,0,0
2026-01-19 06:00:00,40.659687944594936,-73.9908340337013,Arterial,60,58.4,0.027,Low,20.0,57,11.8,0.0,10.8,Cloudy,0,0
2026-01-19 06:15:00,40.668394474265135,-73.99136897155053,City_Street,40,35.3,0.118,Low,16.8,64,33.1,0.0,10.9,Clear,0,0
2026-01-19 06:30:00,40.66881357771675,-74.00237880999052,City_Street,40,35.8,0.105,Low,18.9,36,21.3,0.0,9.3,Clear,0,0
2026-01-19 06:45:00,40.66337606387826,-73.9854913309426,Arterial,60,49.0,0.183,Low,21.9,74,23.4,0.0,9.0,Clear,0,0
2026-01-19 07:00:00,40.660910802288996,-74.00337260014292,Arterial,60,17.4,0.71,Heavy,19.1,61,10.9,0.0,1.1,Fog,0,1
2026-01-19 07:15:00,40.67571428948164,-73.98433584049577,Arterial,60,28.3,0.528,Moderate,21.1,63,14.3,0.0,8.9,Clear,0,1
2026-01-19 07:30:00,40.65581210600675,-73.98584525228546,Highway,90,44.3,0.508,Moderate,15.7,59,32.4,0.0,8.2,Clear,0,1
2026-01-19 07:45:00,40.65978651562081,-74.0021888362377,Highway,90,42.7,0.526,Moderate,20.6,57,26.0,0.0,11.1,Clear,0,1
2026-01-19 08:00:00,40.6688959641497,-73.99906821091777,City_Street,40,19.3,0.517,Moderate,17.7,96,7.4,0.0,9.7,Clear,0,1
2026-01-19 08:15:00,40.67099085636932,-73.9886625209864,Residential,30,15.2,0.493,Moderate,22.5,41,2.1,0.0,8.9,Cloudy,0,1
2026-01-19 08:30:00,40.67858296807407,-73.99184212489553,City_Street,40,20.5,0.488,Moderate,13.8,50,27.5,0.0,14.6,Cloudy,0,1
2026-01-19 08:45:00,40.67945133120751,-73.96087968181398,Residential,30,11.5,0.617,Heavy,11.8,35,6.9,0.0,10.2,Clear,0,1
2026-01-19 09:00:00,40.666642846366045,-73.9925628183025,City_Street,40,20.5,0.488,Moderate,21.3,49,3.0,0.0,11.5,Clear,0,1
2026-01-19 09:15:00,40.65852729364243,-73.9896607754556,Arterial,60,30.5,0.492,Moderate,17.9,28,23.3,0.0,11.0,Clear,0,1
2026-01-19 09:30:00,40.67998121775849,-73.99119270374003,Residential,30,13.6,0.547,Moderate,19.9,63,32.3,0.0,10.8,Clear,0,1
2026-01-19 09:45:00,40.66780655039734,-73.98527307367786,Arterial,60,25.1,0.582,Heavy,18.1,64,21.0,0.0,9.6,Clear,0,1
2026-01-19 10:00:00,40.66945873864664,-73.98547732956062,Residential,30,25.8,0.14,Low,18.2,82,18.6,0.0,14.5,Clear,0,0
2026-01-19 10:15:00,40.66517426136173,-73.98656830997628,Arterial,60,51.7,0.138,Low,7.9,60,14.5,0.0,11.8,Cloudy,0,0
2026-01-19 10:30:00,40.67407139428375,-73.97872525408508,Arterial,60,60.0,0.0,Low,22.7,74,25.7,0.0,13.9,Clear,0,0
2026-01-19 10:45:00,40.67002081079788,-73.9853993868187,Residential,30,28.0,0.067,Low,13.4,82,12.1,0.0,12.4,Clear,0,0
2026-01-19 11:00:00,40.65544810685256,-73.97939485980285,City_Street,40,40.0,0.0,Low,20.8,67,2.3,0.0,10.3,Cloudy,0,0
2026-01-19 11:15:00,40.67268817618253,-73.98683106572153,Residential,30,21.5,0.283,Moderate,29.1,62,10.9,0.0,0.3,Fog,0,0
2026-01-19 11:30:00,40.67144396819781,-73.99325491847868,Residential,30,25.4,0.153,Low,17.4,63,9.3,0.0,12.2,Clear,0,0
2026-01-19 11:45:00,40.663062978530604,-73.98470146191113,Residential,30,22.3,0.257,Moderate,13.9,73,14.3,4.1,4.7,Rain,0,0
2026-01-19 12:00:00,40.652881766083794,-73.98811209757845,Residential,30,13.9,0.537,Moderate,8.0,71,26.2,18.3,3.3,Heavy Rain,0,0
2026-01-19 12:15:00,40.673322409099086,-73.99048185261067,Highway,90,38.4,0.573,Heavy,6.4,82,7.8,8.8,2.9,Snow,0,0
2026-01-19 12:30:00,40.68794997828691,-73.99292351510952,Arterial,60,54.4,0.093,Low,21.8,66,2.7,0.0,13.4,Clear,0,0
2026-01-19 12:45:00,40.67391524754993,-73.98235515940554,City_Street,40,28.3,0.292,Moderate,8.6,80,30.8,4.5,4.5,Rain,0,0
2026-01-19 13:00:00,40.651582668522835,-73.99003181745321,Residential,30,24.5,0.183,Low,22.2,68,15.6,0.0,9.5,Clear,0,0
2026-01-19 13:15:00,40.6740954884275,-73.98680862076512,Residential,30,27.2,0.093,Low,23.6,31,17.9,0.0,13.1,Clear,0,0
2026-01-19 13:30:00,40.67399567981425,-73.97447036639916,Residential,30,28.3,0.057,Low,19.2,60,33.4,0.0,13.9,Clear,0,0
2026-01-19 13:45:00,40.68017117037822,-73.97608160288337,City_Street,40,31.0,0.225,Low,14.2,58,30.3,0.0,10.5,Clear,0,0
2026-01-19 14:00:00,40.68117922750251,-73.97067653710778,Highway,90,74.0,0.178,Low,29.7,63,14.2,0.0,8.3,Cloudy,0,0
2026-01-19 14:15:00,40.68031783733705,-73.97340386160066,City_Street,40,17.5,0.562,Heavy,9.7,49,3.5,11.2,1.9,Snow,0,0
2026-01-19 14:30:00,40.673299147646695,-73.98872292569361,City_Street,40,32.4,0.19,Low,16.7,70,14.0,0.0,14.9,Clear,0,0
2026-01-19 14:45:00,40.69289443541164,-73.9787399204684,City_Street,40,30.0,0.25,Moderate,19.0,89,26.3,7.9,5.0,Rain,0,0
2026-01-19 15:00:00,40.6849183470743,-73.98130566135845,City_Street,40,32.6,0.185,Low,13.0,74,3.8,6.7,4.7,Rain,0,0
2026-01-19 15:15:00,40.67106418318224,-73.97380072168082,Arterial,60,59.8,0.003,Low,16.0,61,4.9,0.0,10.0,Clear,0,0
2026-01-19 15:30:00,40.66508353152543,-73.97041322618793,Residential,30,21.1,0.297,Moderate,10.2,63,2.2,4.0,6.4,Rain,0,0
2026-01-19 15:45:00,40.66757751102465,-73.97199018293924,Residential,30,23.7,0.21,Low,28.8,72,3.0,0.0,15.0,Clear,0,0
2026-01-19 16:00:00,40.67718532243749,-73.98141157934043,Highway,90,78.9,0.123,Low,23.3,34,5.9,0.0,14.1,Clear,0,0
2026-01-19 16:15:00,40.66721825943868,-73.96732966902177,City_Street,40,30.2,0.245,Low,21.1,57,27.7,5.9,6.1,Rain,0,0
2026-01-19 16:30:00,40.676341149647534,-73.97880755089813,Highway,90,74.2,0.176,Low,9.8,83,31.8,3.2,7.4,Rain,0,0
2026-01-19 16:45:00,40.6844430340203,-73.97129376265126,City_Street,40,38.3,0.043,Low,27.1,47,20.8,0.0,11.5,Clear,0,0
2026-01-19 17:00:00,40.66340819559169,-73.97520879577502,Highway,90,35.6,0.604,Heavy,18.0,69,2.6,0.0,9.2,Cloudy,0,1
2026-01-19 17:15:00,40.65482823779765,-73.96542181047896,City_Street,40,14.0,0.65,Heavy,22.8,45,19.8,0.0,1.4,Fog,0,1
2026-01-19 17:30:00,40.678794268068074,-73.97052410629763,Highway,90,34.2,0.62,Heavy,13.7,41,33.3,4.2,8.0,Rain,0,1
2026-01-19 17:45:00,40.68700465547256,-73.97533162387187,City_Street,40,16.2,0.595,Heavy,23.2,65,21.2,0.0,11.6,Clear,0,1
2026-01-19 18:00:00,40.66559782070957,-73.97647915678922,Residential,30,9.5,0.683,Heavy,14.9,81,24.2,3.5,7.2,Rain,0,1
2026-01-19 18:15:00,40.6632592062284,-73.96952051948779,Arterial,60,28.8,0.52,Moderate,18.2,56,27.5,0.0,10.4,Clear,0,1
2026-01-19 18:30:00,40.68536004162491,-73.97215823401007,City_Street,40,9.3,0.767,Heavy,10.5,77,14.3,18.6,3.9,Heavy Rain,0,1
2026-01-19 18:45:00,40.67212418722957,-73.97362892135342,City_Street,40,18.8,0.53,Moderate,23.6,53,6.1,0.0,10.4,Clear,0,1
2026-01-19 19:00:00,40.67425541237876,-73.9742541420302,Residential,30,13.7,0.543,Moderate,21.9,46,16.3,0.0,13.6,Cloudy,0,1
2026-01-19 19:15:00,40.67003949154924,-73.98440615073099,Highway,90,25.3,0.719,Heavy,14.2,100,16.4,19.2,1.5,Heavy Rain,0,1
2026-01-19 19:30:00,40.66000613702091,-73.97405265781526,City_Street,40,16.5,0.588,Heavy,18.2,49,10.4,0.0,11.0,Clear,0,1
2026-01-19 19:45:00,,,Highway,90,38.8,0.569,Heavy,23.6,64,15.6,0.0,12.8,Clear,0,1
2026-01-19 20:00:00,40.67916694031741,-73.97447673014399,Highway,90,58.7,0.348,Moderate,12.4,67,16.1,1.5,4.6,Rain,0,0
2026-01-19 20:15:00,40.671006901920755,-73.96840722936307,Residential,30,13.9,0.537,Moderate,17.2,53,26.9,6.2,2.7,Snow,0,0
2026-01-19 20:30:00,40.68399781498209,-73.965872871612,Arterial,60,52.3,0.128,Low,29.7,49,33.4,0.0,14.8,Clear,0,0
2026-01-19 20:45:00,40.67466838500183,-73.97717146909638,Highway,90,90.0,0.0,Low,18.0,63,17.9,0.0,12.1,Clear,0,0
2026-01-19 21:00:00,40.68748097770085,-73.97793143841415,Highway,90,70.1,0.221,Low,18.2,56,30.3,0.0,8.4,Clear,0,0
2026-01-19 21:15:00,40.680653893651986,-73.95515772979648,City_Street,40,25.7,0.358,Moderate,22.7,78,7.4,6.2,4.6,Rain,0,0
2026-01-19 21:30:00,40.68607932507918,-73.97217726685663,City_Street,40,37.8,0.055,Low,19.2,38,33.0,0.0,13.5,Clear,0,0
2026-01-19 21:45:00,40.67861631391806,-73.96106367482804,Residential,30,27.9,0.07,Low,19.8,57,7.7,0.0,13.2,Cloudy,0,0
2026-01-19 22:00:00,40.66959746191591,-73.97075553511881,Residential,30,26.6,0.113,Low,16.8,73,21.9,0.0,11.6,Cloudy,0,0
2026-01-19 22:15:00,40.690965338450454,-73.95813879527694,Highway,90,72.1,0.199,Low,7.1,63,8.4,0.0,12.1,Clear,0,0
2026-01-19 22:30:00,40.6786799264868,-73.96054923221067,Highway,90,78.8,0.124,Low,18.5,73,31.7,0.0,12.0,Clear,0,0
2026-01-19 22:45:00,40.6733782904457,-73.96440112942517,Residential,30,26.6,0.113,Low,14.6,71,24.6,0.0,11.7,Cloudy,0,0
2026-01-19 23:00:00,40.675404452572636,-73.95462318909213,City_Street,40,37.0,0.075,Low,26.4,51,31.2,0.0,11.4,Clear,0,0
2026-01-19 23:15:00,40.682558290221564,-73.96633704517538,Highway,90,51.5,0.428,Moderate,20.9,100,16.1,18.2,1.6,Heavy Rain,0,0
2026-01-19 23:30:00,40.67501373256512,-73.97126378210133,Arterial,60,46.4,0.227,Low,22.5,73,32.0,0.0,11.4,Clear,0,0
2026-01-19 23:45:00,40.69309333862342,-73.96778885442477,Residential,30,28.5,0.05,Low,28.0,50,23.3,0.0,9.4,Clear,0,0
2026-01-20 00:00:00,40.67925846911979,-73.96810768243618,City_Street,40,37.1,0.073,Low,22.4,90,8.0,0.0,10.7,Clear,0,0
2026-01-20 00:15:00,40.68537679716204,-73.97102275210688,City_Street,40,30.9,0.228,Low,19.3,59,5.5,0.0,10.8,Clear,0,0
2026-01-20 00:30:00,40.702111584596906,-73.96448014104892,City_Street,40,40.0,0.0,Low,15.5,34,12.9,0.0,14.0,Cloudy,0,0
2026-01-20 00:45:00,40.685268124263736,-73.94736153845955,City_Street,40,38.1,0.047,Low,9.8,42,19.4,0.0,11.5,Cloudy,0,0
2026-01-20 01:00:00,40.68042276434501,-73.96789431139872,Highway,90,70.8,0.213,Low,26.2,61,5.7,0.0,8.8,Clear,0,0
2026-01-20 01:15:00,40.68688412682063,-73.96145808346768,Residential,30,24.7,0.177,Low,20.5,50,15.8,0.0,14.9,Clear,0,0
2026-01-20 01:30:00,40.6750669178393,-73.97186808014236,Residential,30,23.0,0.233,Low,14.0,75,16.4,0.0,10.5,Clear,0,0
2026-01-20 01:45:00,40.68897796393104,-73.96594970500752,City_Street,40,19.0,0.525,Moderate,3.0,100,22.5,16.8,2.0,Heavy Rain,0,0
2026-01-20 02:00:00,40.67666703555449,-73.96021023856338,Residential,30,29.2,0.027,Low,30.0,71,16.9,0.0,14.3,Clear,0,0
2026-01-20 02:15:00,40.68038423299056,-73.93237809279758,Highway,90,77.2,0.142,Low,23.0,71,30.5,0.0,9.4,Cloudy,0,0
2026-01-20 02:30:00,40.68888318331537,-73.96317994520486,Residential,30,23.2,0.227,Low,9.9,71,19.4,0.0,13.9,Clear,0,0
2026-01-20 02:45:00,40.686395466611046,-73.95741541879438,City_Street,40,40.0,0.0,Low,25.7,52,15.1,0.0,11.5,Clear,0,0
2026-01-20 03:00:00,40.68147520297959,-73.94929834123263,Highway,90,60.5,0.328,Moderate,20.7,39,30.2,0.0,0.5,Fog,0,0
2026-01-20 03:15:00,40.69004952418206,-73.97158261339173,City_Street,40,31.1,0.222,Low,27.3,65,25.1,0.0,14.0,Clear,0,0
2026-01-20 03:30:00,40.695128432375185,-73.96211705753602,Arterial,60,42.0,0.3,Moderate,11.9,64,6.7,1.6,4.8,Rain,0,0
2026-01-20 03:45:00,40.69851602248047,-73.95388552391279,Highway,90,83.9,0.068,Low,15.8,80,23.6,0.0,11.8,Clear,0,0
2026-01-20 04:00:00,40.70049052771024,-73.96228518095174,City_Street,40,31.7,0.208,Low,19.4,87,25.6,0.0,14.6,Clear,0,0
2026-01-20 04:15:00,40.68536130201742,-73.95640476911235,Arterial,60,57.1,0.048,Low,25.6,63,2.5,0.0,9.1,Cloudy,0,0
2026-01-20 04:30:00,40.6901822255567,-73.96204254920839,Highway,90,88.4,0.018,Low,21.6,96,26.4,0.0,9.0,Clear,0,0
2026-01-20 04:45:00,40.67778218441076,-73.96589732490122,Residential,30,14.2,0.527,Moderate,15.8,100,14.0,9.7,3.1,Heavy Rain,0,0
2026-01-20 05:00:00,40.693037225151365,-73.96736231104877,Highway,90,90.0,0.0,Low,22.2,43,3.9,0.0,10.7,Clear,0,0
2026-01-20 05:15:00,40.69773464301589,-73.95903436875165,Highway,90,52.4,0.418,Moderate,16.0,71,28.3,0.0,1.2,Fog,0,0
2026-01-20 05:30:00,40.68844243349672,-73.95724447103797,Arterial,60,57.1,0.048,Low,14.5,50,14.5,0.0,8.8,Cloudy,0,0
2026-01-20 05:45:00,40.67152304903731,-73.97072836995221,Residential,30,15.0,0.5,Moderate,22.9,89,27.5,3.3,3.0,Snow,0,0
2026-01-20 06:00:00,40.690588216247576,-73.95748117656606,Residential,30,30.0,0.0,Low,20.3,66,6.4,0.0,9.9,Clear,0,0
2026-01-20 06:15:00,40.70312386529012,-73.96367114794414,Arterial,60,31.8,0.47,Moderate,17.6,82,5.0,8.3,1.7,Heavy Rain,0,0
2026-01-20 06:30:00,40.70879068429338,-73.95724991292678,Arterial,60,46.7,0.222,Low,21.1,88,13.3,7.5,5.7,Rain,0,0
2026-01-20 06:45:00,40.69382908250644,-73.95739078704702,Highway,90,51.3,0.43,Moderate,17.4,32,26.1,0.0,0.4,Fog,0,0
2026-01-20 07:00:00,40.6945961705667,-73.96016231884896,Highway,90,32.1,0.643,Heavy,21.8,93,23.8,6.2,4.9,Rain,0,1
2026-01-20 07:15:00,40.688047854877944,-73.96884738291867,City_Street,40,14.0,0.65,Heavy,15.4,70,12.6,2.7,5.3,Rain,0,1
2026-01-20 07:30:00,40.69134393141387,-73.96094029589317,Arterial,60,25.4,0.577,Heavy,17.8,51,18.8,0.0,12.7,Clear,0,1
2026-01-20 07:45:00,40.692602527251665,-73.95968534145221,Highway,90,43.6,0.516,Moderate,21.9,56,8.7,0.0,8.3,Cloudy,0,1
2026-01-20 08:00:00,40.698644304308964,-73.96561673791057,Arterial,60,28.9,0.518,Moderate,22.5,55,23.5,0.0,10.1,Clear,0,1
2026-01-20 08:15:00,40.68462640879355,-73.94396462348682,Residential,30,6.9,0.77,Heavy,12.3,76,16.5,11.1,2.2,Snow,0,1
2026-01-20 08:30:00,40.69366163346548,-73.96056466858558,Arterial,60,28.3,0.528,Moderate,22.8,85,20.5,0.0,8.8,Clear,0,1
2026-01-20 08:45:00,40.715366955426354,-73.96014085069913,Arterial,60,28.6,0.523,Moderate,18.5,42,15.6,0.0,13.5,Cloudy,0,1
2026-01-20 09:00:00,40.69773835121035,-73.97397383412932,Highway,90,45.9,0.49,Moderate,15.6,38,33.2,0.0,12.0,Clear,0,1
2026-01-20 09:15:00,40.715024527206175,-73.9671031774573,Residential,30,11.7,0.61,Heavy,22.9,61,31.9,0.0,9.4,Clear,0,1
2026-01-20 09:30:00,40.72152935515374,-73.9582188218478,Arterial,60,14.3,0.762,Heavy,17.1,100,11.9,22.0,4.0,Heavy Rain,0,1
2026-01-20 09:45:00,40.706565550188536,-73.94315883875892,Arterial,60,30.7,0.488,Moderate,15.9,58,25.0,0.0,10.5,Clear,0,1
2026-01-20 10:00:00,40.711535009590726,-73.9736840907654,Residential,30,30.0,0.0,Low,17.8,66,18.1,0.0,10.3,Cloudy,0,0
2026-01-20 10:15:00,40.69712518889149,-73.96143546789695,Arterial,60,56.5,0.058,Low,17.5,66,24.7,0.0,11.5,Clear,0,0
2026-01-20 10:30:00,40.69352041905918,-73.95220695287313,Residential,30,13.8,0.54,Moderate,8.6,99,30.5,14.6,3.9,Heavy Rain,0,0
2026-01-20 10:45:00,40.72179526436169,-73.96330452116638,Residential,30,25.9,0.137,Low,22.8,62,27.8,0.0,12.7,Clear,0,0
2026-01-20 11:00:00,40.687317178503704,-73.94772551241536,Residential,30,23.4,0.22,Low,27.0,68,34.3,0.0,11.0,Clear,0,0
2026-01-20 11:15:00,40.70988167486705,-73.95456788948502,City_Street,40,31.0,0.225,Low,16.5,50,25.4,0.0,9.6,Cloudy,0,0
2026-01-20 11:30:00,40.70173756339443,-73.95632883303469,City_Street,40,40.0,0.0,Low,25.4,56,10.0,0.0,13.4,Clear,0,0
2026-01-20 11:45:00,40.70464204470454,-73.96135669196619,Arterial,60,55.6,0.073,Low,18.0,70,24.1,0.0,13.5,Clear,0,0
2026-01-20 12:00:00,40.699992400120365,-73.95481680188144,City_Street,40,36.9,0.078,Low,27.0,53,8.0,0.0,10.0,Clear,0,0
2026-01-20 12:15:00,40.709478419186276,-73.9484988548518,Residential,30,30.0,0.0,Low,12.7,53,19.7,0.0,8.5,Cloudy,0,0
2026-01-20 12:30:00,40.71234512134371,-73.96019008172429,Residential,30,30.0,0.0,Low,25.2,49,22.6,0.0,14.1,Clear,0,0
2026-01-20 12:45:00,40.71512493140362,-73.96159780585843,Residential,30,21.4,0.287,Moderate,7.9,77,28.7,4.6,4.9,Rain,0,0
2026-01-20 13:00:00,40.70019258317432,-73.96190077288487,Highway,90,50.1,0.443,Moderate,8.3,100,14.6,22.6,2.5,Heavy Rain,0,0
2026-01-20 13:15:00,40.70936824175213,-73.94725507115548,Arterial,60,51.2,0.147,Low,21.2,46,17.3,0.0,10.5,Clear,0,0
2026-01-20 13:30:00,40.71503528196002,-73.94670613115774,Residential,30,25.2,0.16,Low,21.5,48,17.6,0.0,12.2,Clear,0,0
2026-01-20 13:45:00,40.69987457902541,-73.9509930261684,Arterial,60,35.5,0.408,Moderate,13.5,97,27.4,15.1,3.5,Heavy Rain,0,0
2026-01-20 14:00:00,40.700237406115285,-73.96092771853841,Residential,30,19.0,0.367,Moderate,11.0,51,2.8,0.0,0.6,Fog,0,0
2026-01-20 14:15:00,40.70819826804397,-73.95515536162598,Arterial,60,41.0,0.317,Moderate,8.8,60,12.7,4.7,7.3,Rain,0,0
2026-01-20 14:30:00,40.70340078040783,-73.95854069575263,City_Street,40,21.6,0.46,Moderate,10.8,100,15.7,14.3,2.8,Heavy Rain,0,0
2026-01-20 14:45:00,40.709816740996054,-73.95288677055582,Arterial,60,56.4,0.06,Low,22.7,81,9.2,0.0,12.3,Clear,0,0
2026-01-20 15:00:00,,,City_Street,40,40.0,0.0,Low,17.9,78,8.8,0.0,11.9,Clear,0,0
2026-01-20 15:15:00,40.70719954141885,-73.95675395567834,Residential,30,25.2,0.16,Low,15.6,56,19.5,0.0,14.6,Cloudy,0,0
2026-01-20 15:30:00,40.71469985820544,-73.9618602670271,Residential,30,30.0,0.0,Low,12.2,84,16.9,0.0,9.3,Clear,0,0
2026-01-20 15:45:00,40.71271678754753,-73.95598424138784,Highway,90,82.4,0.084,Low,26.8,54,16.3,0.0,11.1,Clear,0,0
2026-01-20 16:00:00,40.710994818798646,-73.95462747814821,City_Street,40,33.5,0.162,Low,19.2,67,3.4,0.0,8.7,Clear,0,0
2026-01-20 16:15:00,40.71593727240197,-73.94978115933823,City_Street,40,31.9,0.203,Low,23.3,53,16.4,0.0,8.3,Clear,0,0
2026-01-20 16:30:00,40.72101581345496,-73.96190396638843,Residential,30,23.2,0.227,Low,11.8,78,13.9,4.9,4.5,Rain,0,0
2026-01-20 16:45:00,40.72169985178964,-73.96335803937431,City_Street,40,40.0,0.0,Low,13.8,67,33.3,0.0,13.6,Cloudy,0,0
2026-01-20 17:00:00,40.70284293571481,-73.9724590933462,Highway,90,44.8,0.502,Moderate,21.5,82,22.9,0.0,10.9,Clear,0,1
2026-01-20 17:15:00,40.71016432889758,-73.97555035652155,Arterial,60,23.4,0.61,Heavy,12.3,72,7.5,0.0,13.8,Cloudy,0,1
2026-01-20 17:30:00,40.70891853505575,-73.96123340338804,Highway,90,29.0,0.678,Heavy,11.5,52,27.5,2.7,7.5,Rain,0,1
2026-01-20 17:45:00,40.71842242934188,-73.95435597360802,Arterial,60,26.5,0.558,Heavy,14.9,65,14.7,0.0,11.8,Cloudy,0,1
2026-01-20 18:00:00,40.71565514126625,-73.97106103808154,Highway,90,30.0,0.667,Heavy,26.2,72,22.0,0.0,0.3,Fog,0,1
2026-01-20 18:15:00,40.71161973012591,-73.95852852315838,Residential,30,12.3,0.59,Heavy,26.7,55,22.0,0.0,12.1,Clear,0,1
2026-01-20 18:30:00,40.7275858492354,-73.96176876994534,Arterial,60,29.3,0.512,Moderate,13.3,51,5.6,0.0,8.7,Clear,0,1
2026-01-20 18:45:00,40.73231346383153,-73.95112655689627,Residential,30,13.5,0.55,Heavy,20.4,55,16.3,0.0,10.0,Clear,0,1
2026-01-20 19:00:00,40.71873111004851,-73.96232953878027,Residential,30,9.0,0.7,Heavy,1.9,100,26.7,13.2,3.6,Heavy Rain,0,1
2026-01-20 19:15:00,40.70588004733591,-73.95687125438744,City_Street,40,20.6,0.485,Moderate,23.3,68,34.2,0.0,8.9,Clear,0,1
2026-01-20 19:30:00,40.715807546650595,-73.95982926582758,Arterial,60,26.7,0.555,Heavy,15.7,68,14.8,0.0,8.7,Clear,0,1
2026-01-20 19:45:00,40.71734096790489,-73.95538587741859,Residential,30,15.1,0.497,Moderate,27.0,66,3.1,0.0,13.5,Clear,0,1
2026-01-20 20:00:00,40.71540820472552,-73.94351396650978,Residential,30,15.5,0.483,Moderate,10.9,55,13.7,3.9,2.3,Snow,0,0
2026-01-20 20:15:00,40.734195469993836,-73.95539270586394,City_Street,40,38.3,0.043,Low,14.3,79,12.4,0.0,10.5,Cloudy,0,0
2026-01-20 20:30:00,40.72857478755981,-73.93821541024937,Highway,90,90.0,0.0,Low,19.7,51,17.2,0.0,11.1,Cloudy,0,0
2026-01-20 20:45:00,40.71827230025157,-73.96638312256772,Arterial,60,54.2,0.097,Low,18.4,72,30.4,0.0,10.6,Cloudy,0,0
2026-01-20 21:00:00,40.728939117193285,-73.96267667494631,City_Street,40,32.8,0.18,Low,24.8,69,9.7,7.3,5.6,Rain,0,0
2026-01-20 21:15:00,40.72525296386991,-73.95765546583785,Highway,90,81.0,0.1,Low,21.2,55,14.0,0.0,12.5,Clear,0,0
2026-01-20 21:30:00,40.73011007605525,-73.97126852763164,Arterial,60,49.2,0.18,Low,26.0,66,11.1,0.0,8.7,Clear,0,0
2026-01-20 21:45:00,40.722841805881856,-73.95835165933515,Arterial,60,33.7,0.438,Moderate,22.8,74,21.8,0.0,1.3,Fog,0,0
2026-01-20 22:00:00,40.71900009723953,-73.96638403844796,Highway,90,52.0,0.422,Moderate,22.3,71,12.9,9.4,1.1,Heavy Rain,0,0
2026-01-20 22:15:00,40.73880392748015,-73.9478592797188,Arterial,60,49.9,0.168,Low,24.3,69,18.1,0.0,9.0,Clear,0,0
2026-01-20 22:30:00,40.72809211924429,-73.96887014840888,City_Street,40,37.6,0.06,Low,30.2,63,28.9,0.0,8.5,Cloudy,0,0
2026-01-20 22:45:00,40.733755814143485,-73.96200720754399,Residential,30,26.2,0.127,Low,18.8,45,11.0,0.0,8.3,Clear,0,0
2026-01-20 23:00:00,40.730596439306126,-73.9574655485777,Residential,30,28.9,0.037,Low,21.9,75,12.4,0.0,9.2,Cloudy,0,0
2026-01-20 23:15:00,40.72095260127693,-73.94655312184136,Residential,30,26.2,0.127,Low,20.2,62,12.9,0.0,14.2,Cloudy,0,0
2026-01-20 23:30:00,40.72086211655879,-73.95645772042452,Residential,30,12.7,0.577,Heavy,24.1,44,33.5,5.0,1.9,Snow,0,0
2026-01-20 23:45:00,40.72772845157324,-73.9661287237151,Arterial,60,46.5,0.225,Low,17.8,74,8.9,0.0,14.7,Cloudy,0,0
2026-01-21 00:00:00,40.74149345101158,-73.97918151724973,Residential,30,23.1,0.23,Low,21.6,82,32.9,0.0,9.9,Clear,0,0
2026-01-21 00:15:00,40.711304555564006,-73.94562455965138,Residential,30,30.0,0.0,Low,22.1,55,27.2,0.0,12.2,Clear,0,0
2026-01-21 00:30:00,40.73192323412932,-73.95212786455221,Highway,90,90.0,0.0,Low,21.7,65,19.9,0.0,8.1,Clear,0,0
2026-01-21 00:45:00,40.72135305725124,-73.95940216430819,Highway,90,56.2,0.376,Moderate,21.4,77,4.9,0.0,0.7,Fog,0,0
2026-01-21 01:00:00,40.72452457367179,-73.96205983749871,Residential,30,21.5,0.283,Moderate,7.3,100,3.7,5.5,5.3,Rain,0,0
2026-01-21 01:15:00,40.72640284461399,-73.97694262976263,Arterial,60,37.8,0.37,Moderate,22.6,49,6.4,0.0,1.1,Fog,0,0
2026-01-21 01:30:00,40.73019798219527,-73.95839197680603,Residential,30,26.9,0.103,Low,21.6,42,24.4,0.0,9.2,Clear,0,0
2026-01-21 01:45:00,40.74475742660001,-73.96856402183118,City_Street,40,37.6,0.06,Low,21.6,33,32.0,0.0,9.2,Cloudy,0,0
2026-01-21 02:00:00,40.73224590098017,-73.9595365907757,Residential,30,23.6,0.213,Low,12.8,46,26.6,0.0,14.1,Clear,0,0
2026-01-21 02:15:00,40.72245967860165,-73.96206330201062,Residential,30,30.0,0.0,Low,20.2,76,12.0,0.0,12.3,Clear,0,0
2026-01-21 02:30:00,40.74079460102072,-73.96482540978907,Highway,90,89.5,0.006,Low,11.9,76,24.7,0.0,10.3,Clear,0,0
2026-01-21 02:45:00,40.74471293146093,-73.96701391136378,Arterial,60,60.0,0.0,Low,18.1,70,33.5,0.0,15.0,Clear,0,0
2026-01-21 03:00:00,40.72803874392984,-73.94748957436573,Residential,30,29.1,0.03,Low,19.4,70,13.1,0.0,14.5,Clear,0,0
2026-01-21 03:15:00,40.74018115491735,-73.96232123414633,Residential,30,23.5,0.217,Low,20.2,76,20.6,0.0,12.6,Clear,0,0
2026-01-21 03:30:00,40.730268887022966,-73.95111318117809,Highway,90,70.5,0.217,Low,12.7,53,30.8,0.0,11.0,Cloudy,0,0
2026-01-21 03:45:00,40.738596128069325,-73.96355843653721,City_Street,40,32.3,0.193,Low,10.1,82,10.1,7.3,5.0,Rain,0,0
2026-01-21 04:00:00,,,Arterial,60,52.1,0.132,Low,24.8,49,22.4,0.0,14.2,Clear,0,0
2026-01-21 04:15:00,40.74036082881223,-73.96760896110743,Residential,30,22.5,0.25,Moderate,15.0,64,25.8,5.2,6.8,Rain,0,0
2026-01-21 04:30:00,40.73137265155699,-73.96482220927692,Arterial,60,60.0,0.0,Low,16.1,25,24.0,0.0,10.1,Cloudy,0,0
2026-01-21 04:45:00,40.75305720611573,-73.95398391640873,Highway,90,84.4,0.062,Low,18.6,48,4.5,0.0,9.1,Clear,0,0
2026-01-21 05:00:00,40.74013176349772,-73.96323151237071,City_Street,40,35.9,0.103,Low,27.2,34,34.8,0.0,11.6,Cloudy,0,0
2026-01-21 05:15:00,40.743635048737396,-73.95392205454591,City_Street,40,16.1,0.597,Heavy,16.6,72,30.2,5.2,1.3,Snow,0,0
2026-01-21 05:30:00,40.74649555303582,-73.96566826015012,Arterial,60,42.1,0.298,Moderate,27.5,56,5.1,0.0,0.4,Fog,0,0
2026-01-21 05:45:00,40.743035859618196,-73.96589845727375,City_Street,40,32.1,0.198,Low,15.0,46,28.6,0.0,14.4,Clear,0,0
2026-01-21 06:00:00,40.75030380834046,-73.97165312662565,City_Street,40,34.6,0.135,Low,28.3,77,19.2,0.0,11.7,Clear,0,0
2026-01-21 06:15:00,40.74346570554614,-73.96735106637169,Highway,90,70.6,0.216,Low,27.3,54,28.0,0.0,11.4,Cloudy,0,0
2026-01-21 06:30:00,40.73769996015299,-73.97280087268406,Highway,90,56.4,0.373,Moderate,24.2,48,7.3,0.0,1.1,Fog,0,0
2026-01-21 06:45:00,40.75368880694137,-73.95723020639429,City_Street,40,27.8,0.305,Moderate,26.4,45,9.4,0.0,0.9,Fog,0,0
2026-01-21 07:00:00,40.739964545350354,-73.97197981751799,Residential,30,14.6,0.513,Moderate,24.5,42,28.3,0.0,14.9,Clear,0,1
2026-01-21 07:15:00,40.74297512502474,-73.97700204233557,City_Street,40,16.4,0.59,Heavy,19.0,54,35.0,5.0,7.9,Rain,0,1
2026-01-21 07:30:00,40.745435581169644,-73.97356488892322,Arterial,60,14.2,0.763,Heavy,6.4,100,10.7,24.6,1.7,Heavy Rain,0,1
2026-01-21 07:45:00,40.73714769554616,-73.97815779372381,Highway,90,36.0,0.6,Heavy,13.0,79,22.2,0.0,10.2,Cloudy,0,1
2026-01-21 08:00:00,40.75304325924849,-73.96137473020048,Residential,30,12.5,0.583,Heavy,26.1,67,21.9,0.0,14.6,Clear,0,1
2026-01-21 08:15:00,40.74345773263101,-73.95845499502369,City_Street,40,15.4,0.615,Heavy,17.2,51,32.1,0.0,11.3,Cloudy,0,1
2026-01-21 08:30:00,40.73419049005485,-73.96370022065773,City_Street,40,20.5,0.488,Moderate,24.8,60,22.7,0.0,11.2,Clear,0,1
2026-01-21 08:45:00,40.747235750477685,-73.9510740212717,Highway,90,39.6,0.56,Heavy,16.9,63,7.0,0.0,8.0,Cloudy,0,1
2026-01-21 09:00:00,40.7374772771729,-73.9655183536168,City_Street,40,14.3,0.642,Heavy,10.1,79,11.1,1.4,5.9,Rain,0,1
2026-01-21 09:15:00,40.75129220425164,-73.97507141948635,City_Street,40,20.5,0.488,Moderate,29.9,47,7.8,0.0,12.9,Clear,0,1
2026-01-21 09:30:00,40.744557220326044,-73.96748151770528,Residential,30,11.7,0.61,Heavy,20.2,39,25.6,0.0,11.1,Clear,0,1
2026-01-21 09:45:00,40.75397108673338,-73.97748012728668,City_Street,40,19.1,0.522,Moderate,14.6,70,20.6,0.0,11.7,Cloudy,0,1
2026-01-21 10:00:00,40.74363580589778,-73.98101754264349,Residential,30,26.9,0.103,Low,26.5,32,6.7,0.0,10.7,Clear,0,0
2026-01-21 10:15:00,40.74921779865838,-73.9614627820989,Highway,90,70.0,0.222,Low,19.9,59,25.9,0.0,14.9,Cloudy,0,0
2026-01-21 10:30:00,40.755774883871645,-73.97000768745781,Residential,30,21.7,0.277,Moderate,21.2,66,23.0,2.8,7.6,Rain,0,0
2026-01-21 10:45:00,40.751126779317495,-73.97191434449297,Highway,90,90.0,0.0,Low,33.0,43,8.3,0.0,13.7,Clear,0,0
2026-01-21 11:00:00,40.74307665274394,-73.9700679757602,Residential,30,23.3,0.223,Low,18.9,45,7.6,0.0,11.3,Clear,0,0
2026-01-21 11:15:00,40.742268421873625,-73.96683628920044,Highway,90,71.5,0.206,Low,28.4,70,22.1,0.0,13.7,Clear,0,0
2026-01-21 11:30:00,40.767282552472395,-73.98282412038584,Highway,90,84.9,0.057,Low,24.1,84,7.5,0.0,9.0,Clear,0,0
2026-01-21 11:45:00,40.742339210275645,-73.97298553411919,Arterial,60,42.9,0.285,Moderate,10.7,81,12.1,5.8,4.0,Rain,0,0
2026-01-21 12:00:00,40.75464314738613,-73.96696789071068,Highway,90,54.2,0.398,Moderate,13.9,91,7.9,11.8,2.4,Heavy Rain,0,0
2026-01-21 12:15:00,40.737074161236855,-73.97069264661667,Residential,30,26.0,0.133,Low,20.4,33,6.1,0.0,14.9,Clear,0,0
2026-01-21 12:30:00,40.76197933997341,-73.96250223061163,Arterial,60,57.3,0.045,Low,22.5,82,25.1,0.0,8.8,Clear,0,0
2026-01-21 12:45:00,40.7602324402712,-73.95930294173787,Residential,30,25.2,0.16,Low,31.1,77,8.9,0.0,9.5,Clear,0,0
2026-01-21 13:00:00,40.75625054112511,-73.96831622689776,Residential,30,27.7,0.077,Low,14.5,41,13.1,0.0,9.2,Clear,0,0
2026-01-21 13:15:00,40.7440304234568,-73.98383563008406,City_Street,40,39.2,0.02,Low,20.6,20,29.0,0.0,13.7,Clear,0,0
2026-01-21 13:30:00,40.74898515223203,-73.97357723161024,City_Street,40,27.2,0.32,Moderate,27.0,59,28.3,0.0,1.1,Fog,0,0
2026-01-21 13:45:00,40.746160425347284,-73.96519651340535,Arterial,60,60.0,0.0,Low,21.6,58,19.5,0.0,12.9,Clear,0,0
2026-01-21 14:00:00,40.75328537450328,-73.97169306257861,City_Street,40,33.0,0.175,Low,14.0,62,12.1,0.0,10.0,Clear,0,0
2026-01-21 14:15:00,40.759162382694804,-73.95904403822544,City_Street,40,36.6,0.085,Low,25.3,66,29.7,0.0,15.0,Clear,0,0
2026-01-21 14:30:00,40.74377339646988,-73.98251753994273,Arterial,60,49.3,0.178,Low,14.3,63,11.3,0.0,9.2,Cloudy,0,0
2026-01-21 14:45:00,40.73782289153579,-73.97128117949626,Arterial,60,56.8,0.053,Low,10.0,51,27.5,0.0,11.8,Clear,0,0
2026-01-21 15:00:00,40.750085869224286,-73.98224476489162,Residential,30,14.5,0.517,Moderate,17.3,88,10.7,15.9,2.9,Heavy Rain,0,0
2026-01-21 15:15:00,40.757930940790914,-73.982818877743,Arterial,60,54.3,0.095,Low,9.3,74,2.1,0.0,13.9,Cloudy,0,0
2026-01-21 15:30:00,40.752926983136355,-73.98433616672949,Arterial,60,26.4,0.56,Heavy,19.3,65,12.1,2.2,2.1,Snow,0,0
2026-01-21 15:45:00,40.76820476323057,-73.97629376249502,City_Street,40,40.0,0.0,Low,22.2,70,13.4,0.0,14.5,Cloudy,0,0
2026-01-21 16:00:00,40.76532910520251,-73.97603258343537,Residential,30,20.3,0.323,Moderate,10.1,59,6.9,2.5,7.0,Rain,0,0
2026-01-21 16:15:00,40.774476040368185,-73.981729337499,Highway,90,74.0,0.178,Low,10.1,59,32.4,4.9,5.6,Rain,0,0
2026-01-21 16:30:00,40.75728263601417,-73.97130971331057,Arterial,60,48.6,0.19,Low,16.8,84,29.2,0.0,14.4,Cloudy,0,0
2026-01-21 16:45:00,40.756800151151694,-73.9646860269722,Arterial,60,47.6,0.207,Low,18.4,74,26.0,0.0,14.2,Clear,0,0
2026-01-21 17:00:00,40.7587105046088,-73.98561256235342,Highway,90,45.2,0.498,Moderate,16.2,60,11.7,0.0,14.5,Clear,0,1
2026-01-21 17:15:00,40.743248242090154,-73.97672697989567,Arterial,60,23.5,0.608,Heavy,26.9,47,2.8,0.0,11.0,Clear,0,1
2026-01-21 17:30:00,40.75676657157197,-73.9813015233884,City_Street,40,18.3,0.542,Moderate,13.7,64,6.6,0.0,15.0,Clear,0,1
2026-01-21 17:45:00,40.752110810308935,-73.98043652909753,Highway,90,43.4,0.518,Moderate,25.6,70,33.4,0.0,13.1,Clear,0,1
2026-01-21 18:00:00,,,Residential,30,11.9,0.603,Heavy,15.9,50,25.0,0.0,13.9,Clear,0,1
2026-01-21 18:15:00,40.76122203240634,-73.98511824167893,Residential,30,13.0,0.567,Heavy,17.3,57,7.6,0.0,13.8,Cloudy,0,1
2026-01-21 18:30:00,40.75108002722249,-73.98067933090755,Highway,90,41.9,0.534,Moderate,24.0,92,23.2,0.0,9.5,Clear,0,1
2026-01-21 18:45:00,40.74848111283114,-73.98609475170349,Arterial,60,20.2,0.663,Heavy,17.2,60,29.0,0.0,0.8,Fog,0,1
2026-01-21 19:00:00,40.76748771405633,-73.98106231682343,City_Street,40,14.2,0.645,Heavy,13.4,80,10.7,4.5,7.1,Rain,0,1
2026-01-21 19:15:00,40.745078623873454,-73.98061982264579,Residential,30,14.5,0.517,Moderate,18.2,48,14.6,0.0,14.0,Clear,0,1
2026-01-21 19:30:00,40.750142973561566,-73.98044356103183,Residential,30,11.9,0.603,Heavy,13.2,70,25.4,0.0,10.1,Clear,0,1
2026-01-21 19:45:00,40.753162043548905,-73.96633363587858,Arterial,60,23.1,0.615,Heavy,14.2,66,6.4,0.0,11.9,Cloudy,0,1
2026-01-21 20:00:00,40.76379250349487,-73.9907122629921,Residential,30,20.7,0.31,Moderate,10.9,77,23.7,7.2,6.3,Rain,0,0
2026-01-21 20:15:00,40.76186917336847,-73.9808565348155,Arterial,60,52.3,0.128,Low,19.8,78,12.3,0.0,13.7,Clear,0,0
2026-01-21 20:30:00,40.75070550199604,-73.97817416010363,Highway,90,85.0,0.056,Low,20.2,49,27.0,0.0,9.1,Clear,0,0
2026-01-21 20:45:00,40.74989889890223,-73.98306612943196,Residential,30,14.3,0.523,Moderate,19.4,100,26.2,22.4,3.2,Heavy Rain,0,0
2026-01-21 21:00:00,40.76165671457358,-73.98670902658081,Arterial,60,48.5,0.192,Low,17.3,51,32.2,0.0,12.7,Cloudy,0,0
2026-01-21 21:15:00,40.75966094279551,-73.98739450534487,Residential,30,26.9,0.103,Low,14.0,69,4.9,0.0,13.3,Cloudy,0,0
2026-01-21 21:30:00,40.768026065706735,-73.99364827703513,Arterial,60,50.0,0.167,Low,18.8,34,31.9,2.9,7.9,Rain,0,0
2026-01-21 21:45:00,40.7550680917447,-73.99846965114257,Arterial,60,47.2,0.213,Low,23.1,89,31.4,0.0,10.5,Cloudy,0,0
2026-01-21 22:00:00,40.76203556214745,-74.00301507841267,Highway,90,72.9,0.19,Low,18.0,95,18.8,0.0,10.0,Clear,0,0
2026-01-21 22:15:00,40.76090958372469,-73.98729943929177,Highway,90,64.7,0.281,Moderate,15.6,74,8.6,0.0,0.7,Fog,0,0
2026-01-21 22:30:00,,,Residential,30,29.9,0.003,Low,15.9,55,3.7,0.0,12.2,Clear,0,0
2026-01-21 22:45:00,40.75804969269565,-73.9858139183276,Residential,30,14.8,0.507,Moderate,12.4,100,27.8,22.4,1.1,Heavy Rain,0,0
2026-01-21 23:00:00,40.76516133822929,-73.99777053667718,City_Street,40,40.0,0.0,Low,18.4,86,22.0,0.0,12.8,Clear,0,0
2026-01-21 23:15:00,40.76636295820932,-73.98968770874528,Highway,90,76.9,0.146,Low,22.5,59,17.2,0.0,11.8,Clear,0,0
2026-01-21 23:30:00,40.776253785007306,-73.99461303989771,Residential,30,23.1,0.23,Low,24.5,58,15.5,0.0,14.0,Clear,0,0
2026-01-21 23:45:00,40.75355379156609,-73.99375189860535,Arterial,60,46.2,0.23,Low,27.9,65,14.1,0.0,9.4,Clear,0,0
2026-01-22 00:00:00,40.76066793806339,-73.99240060097463,Highway,90,81.1,0.099,Low,20.9,63,24.9,0.0,8.3,Cloudy,0,0
2026-01-22 00:15:00,40.76004675332349,-74.01414169300322,Arterial,60,27.2,0.547,Moderate,12.8,91,34.5,2.1,1.8,Snow,0,0
2026-01-22 00:30:00,40.76345963952208,-74.00724462437384,Residential,30,27.2,0.093,Low,23.7,45,32.1,0.0,9.8,Clear,0,0
2026-01-22 00:45:00,40.75622513862812,-73.9811744598525,City_Street,40,30.9,0.228,Low,23.7,52,19.8,0.0,14.3,Clear,0,0
2026-01-22 01:00:00,40.77583809775186,-73.98486347772891,Arterial,60,59.3,0.012,Low,22.6,69,23.0,0.0,10.4,Clear,0,0
2026-01-22 01:15:00,40.754962058987346,-73.9991131195376,Arterial,60,55.1,0.082,Low,16.5,42,22.1,0.0,8.2,Clear,0,0
2026-01-22 01:30:00,,,Arterial,60,53.5,0.108,Low,24.7,66,12.2,0.0,13.5,Clear,0,0
2026-01-22 01:45:00,40.77867390014722,-73.99411885216202,City_Street,40,39.0,0.025,Low,14.1,43,35.0,0.0,10.5,Clear,0,0
2026-01-22 02:00:00,40.7636315969846,-74.00133558721531,City_Street,40,32.0,0.2,Low,11.8,64,28.1,6.5,6.8,Rain,0,0
2026-01-22 02:15:00,40.776463575411576,-74.00434566744278,City_Street,40,32.1,0.198,Low,12.3,73,31.6,0.0,13.2,Cloudy,0,0
2026-01-22 02:30:00,40.75556532797985,-74.00259898907213,Residential,30,25.7,0.143,Low,24.1,63,32.3,0.0,8.9,Clear,0,0
2026-01-22 02:45:00,40.761609877138795,-74.00665503549125,Highway,90,70.8,0.213,Low,18.4,88,17.5,0.0,8.7,Cloudy,0,0
2026-01-22 03:00:00,40.761599971812835,-73.99469278782455,Residential,30,21.6,0.28,Moderate,31.9,57,33.5,1.3,5.2,Rain,0,0
2026-01-22 03:15:00,40.76560219838387,-73.9922987572845,Highway,90,79.7,0.114,Low,20.5,47,30.4,0.0,9.5,Clear,0,0
2026-01-22 03:30:00,40.758022966055535,-74.00548751383526,Arterial,60,32.7,0.455,Moderate,12.4,66,14.9,0.0,0.8,Fog,0,0
2026-01-22 03:45:00,40.764865344785385,-73.99921150503694,Highway,90,86.3,0.041,Low,21.8,53,4.5,0.0,11.2,Clear,0,0
2026-01-22 04:00:00,40.76122905823842,-74.00009701520716,City_Street,40,20.3,0.492,Moderate,12.2,64,17.7,5.6,2.8,Snow,0,0
2026-01-22 04:15:00,40.75550773547567,-74.00166760893671,Highway,90,67.4,0.251,Moderate,11.6,89,32.7,5.8,4.0,Rain,0,0
2026-01-22 04:30:00,40.76109053305871,-73.99655402926447,Arterial,60,56.1,0.065,Low,24.7,85,24.7,0.0,10.0,Clear,0,0
2026-01-22 04:45:00,40.761652339254034,-74.00857693302068,Arterial,60,49.8,0.17,Low,27.3,56,24.5,0.0,14.4,Cloudy,0,0
2026-01-22 05:00:00,40.753376257817074,-73.98798006358003,City_Street,40,38.7,0.032,Low,33.9,52,18.9,0.0,9.8,Clear,0,0
2026-01-22 05:15:00,40.752978744817106,-74.01951169464141,City_Street,40,35.5,0.113,Low,13.5,33,9.8,0.0,10.4,Cloudy,0,0
2026-01-22 05:30:00,40.75324663185704,-73.98753223633099,Arterial,60,54.0,0.1,Low,22.8,67,16.9,0.0,14.6,Cloudy,0,0
2026-01-22 05:45:00,40.77368533786675,-74.00206717551157,Residential,30,21.7,0.277,Moderate,12.5,68,28.3,3.6,6.3,Rain,0,0
2026-01-22 06:00:00,40.76727054695949,-74.00478113850254,City_Street,40,28.4,0.29,Moderate,23.6,77,20.0,3.9,5.1,Rain,0,0
2026-01-22 06:15:00,40.776347325791505,-73.99862889451406,Highway,90,58.1,0.354,Moderate,20.9,87,14.7,0.0,0.4,Fog,0,0
2026-01-22 06:30:00,40.765736014364,-74.0055159930425,Arterial,60,53.8,0.103,Low,23.4,69,23.7,0.0,10.6,Clear,0,0
2026-01-22 06:45:00,40.75785928048218,-74.0008937762531,Arterial,60,37.0,0.383,Moderate,13.2,66,32.4,0.0,0.6,Fog,0,0
2026-01-22 07:00:00,40.762129363873925,-73.99943958697602,Highway,90,45.6,0.493,Moderate,28.7,54,23.2,0.0,8.6,Clear,0,1
2026-01-22 07:15:00,,,Residential,30,9.1,0.697,Heavy,10.7,64,13.2,15.6,3.5,Heavy Rain,0,1
2026-01-22 07:30:00,40.75546857031071,-74.00939947817643,Residential,30,15.2,0.493,Moderate,25.0,51,17.6,0.0,9.1,Clear,0,1
2026-01-22 07:45:00,40.759851908982164,-73.99737248960797,City_Street,40,9.3,0.767,Heavy,22.9,100,12.3,18.4,3.2,Heavy Rain,0,1
2026-01-22 08:00:00,40.75640879883789,-74.02693047349368,Highway,90,46.4,0.484,Moderate,19.8,96,22.1,0.0,13.0,Clear,0,1
2026-01-22 08:15:00,40.763772421362894,-74.00991127414692,Residential,30,11.1,0.63,Heavy,18.5,74,33.8,1.6,4.9,Rain,0,1
2026-01-22 08:30:00,40.75741434362551,-74.01318215226813,Residential,30,12.0,0.6,Heavy,13.3,44,15.5,0.0,14.1,Clear,0,1
2026-01-22 08:45:00,40.762740682699956,-74.00377365721185,Arterial,60,26.6,0.557,Heavy,13.4,45,27.6,0.0,12.2,Clear,0,1
2026-01-22 09:00:00,40.768098142523854,-74.00897316159181,Residential,30,11.7,0.61,Heavy,15.4,45,11.4,0.0,8.3,Cloudy,0,1
2026-01-22 09:15:00,40.75474427572944,-74.01363374727373,City_Street,40,17.0,0.575,Heavy,17.6,38,19.7,0.0,9.1,Cloudy,0,1
2026-01-22 09:30:00,40.77753361720346,-74.01224847410944,Highway,90,38.6,0.571,Heavy,19.0,67,31.4,0.0,13.5,Clear,0,1
2026-01-22 09:45:00,40.76685564065408,-74.00959315800662,Highway,90,36.7,0.592,Heavy,23.9,58,10.2,0.0,12.8,Clear,0,1
2026-01-22 10:00:00,40.750102897232814,-74.02514540455608,Highway,90,83.7,0.07,Low,12.4,34,30.7,0.0,11.1,Clear,0,0
2026-01-22 10:15:00,40.758082581018876,-74.01194697086889,Residential,30,24.1,0.197,Low,23.8,98,12.4,0.0,11.4,Clear,0,0
2026-01-22 10:30:00,40.75591779945504,-74.0352519787203,City_Street,40,33.7,0.157,Low,23.1,46,10.3,0.0,12.0,Clear,0,0
2026-01-22 10:45:00,40.75054257933504,-74.0042875129764,Residential,30,14.7,0.51,Moderate,17.1,46,13.9,10.0,2.3,Heavy Rain,0,0
2026-01-22 11:00:00,40.75686057088257,-74.01092313748534,Arterial,60,58.3,0.028,Low,16.7,72,19.8,0.0,13.6,Clear,0,0
2026-01-22 11:15:00,40.76949652368357,-74.00986037234118,Arterial,60,46.6,0.223,Low,21.4,63,33.0,0.0,8.2,Cloudy,0,0
2026-01-22 11:30:00,40.76214358779705,-74.02310620361688,Highway,90,71.2,0.209,Low,27.7,23,34.4,0.0,14.8,Clear,0,0
2026-01-22 11:45:00,40.76534557493886,-74.00182662619761,Arterial,60,50.0,0.167,Low,9.9,72,22.3,7.5,6.2,Rain,0,0
2026-01-22 12:00:00,40.756403424803665,-74.00864763791232,Arterial,60,55.1,0.082,Low,18.2,85,30.2,0.0,10.2,Cloudy,0,0
2026-01-22 12:15:00,40.76592136777325,-74.01090929253897,Arterial,60,58.1,0.032,Low,14.6,59,7.3,0.0,8.8,Clear,0,0
2026-01-22 12:30:00,40.75278915210686,-74.01396478804038,City_Street,40,33.2,0.17,Low,14.4,38,22.6,0.0,8.6,Clear,0,0
2026-01-22 12:45:00,40.754223313068614,-74.00293162785441,City_Street,40,35.3,0.118,Low,21.7,60,25.8,0.0,9.6,Clear,0,0
2026-01-22 13:00:00,40.752598072933885,-74.02868078427463,Highway,90,78.0,0.133,Low,24.3,80,5.8,0.0,8.6,Clear,0,0
2026-01-22 13:15:00,40.757801016161416,-74.01611614072193,City_Street,40,25.3,0.367,Moderate,8.1,44,10.6,4.2,6.6,Rain,0,0
2026-01-22 13:30:00,40.76300203195187,-74.02195034965587,Highway,90,78.1,0.132,Low,18.7,66,4.3,0.0,12.3,Clear,0,0
2026-01-22 13:45:00,40.77193490382885,-74.01685469819802,Highway,90,67.3,0.252,Moderate,13.1,100,31.2,5.2,4.4,Rain,0,0
2026-01-22 14:00:00,40.75268595019515,-74.02886513394883,Highway,90,73.7,0.181,Low,27.1,43,28.8,0.0,13.2,Clear,0,0
2026-01-22 14:15:00,40.742244915115315,-74.0339480748004,City_Street,40,15.4,0.615,Heavy,12.0,68,33.0,8.6,1.1,Snow,0,0
2026-01-22 14:30:00,40.75548336058641,-74.01682563375091,City_Street,40,19.7,0.508,Moderate,12.0,67,6.8,9.1,1.4,Heavy Rain,0,0
2026-01-22 14:45:00,40.76052024688023,-74.02709099883806,City_Street,40,36.3,0.093,Low,23.7,41,4.6,0.0,11.9,Clear,0,0
2026-01-22 15:00:00,40.76025055824206,-74.00937214235194,City_Street,40,31.8,0.205,Low,29.8,50,11.3,0.0,13.8,Cloudy,0,0
2026-01-22 15:15:00,40.75405197143464,-74.02111049284646,Residential,30,27.3,0.09,Low,27.7,82,12.1,0.0,11.5,Clear,0,0
2026-01-22 15:30:00,40.74841888865963,-74.0330368117317,Residential,30,27.5,0.083,Low,13.4,65,16.1,0.0,14.8,Cloudy,0,0
2026-01-22 15:45:00,40.74745993630021,-74.02608560766485,Highway,90,61.0,0.322,Moderate,16.7,52,34.2,0.0,1.1,Fog,0,0
2026-01-22 16:00:00,40.762145399580085,-74.02655757793471,Residential,30,24.1,0.197,Low,27.6,47,4.7,0.0,8.6,Clear,0,0
2026-01-22 16:15:00,40.76902146614349,-74.02250642251309,Residential,30,30.0,0.0,Low,26.2,39,27.1,0.0,11.9,Clear,0,0
2026-01-22 16:30:00,40.77537730264569,-74.02710801840733,Highway,90,85.4,0.051,Low,19.8,49,25.6,0.0,8.9,Cloudy,0,0
2026-01-22 16:45:00,40.76270199182775,-74.02454195204449,City_Street,40,28.9,0.278,Moderate,16.4,75,26.7,3.0,7.5,Rain,0,0
2026-01-22 17:00:00,40.764524089213374,-74.03428964830891,City_Street,40,19.3,0.517,Moderate,16.8,67,27.8,0.0,9.8,Clear,0,1
2026-01-22 17:15:00,40.7704749004364,-74.0179518002895,Highway,90,44.6,0.504,Moderate,17.6,32,34.4,0.0,10.6,Clear,0,1
2026-01-22 17:30:00,40.74712422798003,-74.03490698524271,Residential,30,14.7,0.51,Moderate,13.5,65,22.6,0.0,13.0,Clear,0,1
2026-01-22 17:45:00,40.75637149551281,-74.02688093297562,Highway,90,34.3,0.619,Heavy,21.1,75,33.1,2.2,6.3,Rain,0,1
2026-01-22 18:00:00,40.77747646471119,-74.01958324209527,Highway,90,19.1,0.788,Heavy,24.4,57,33.0,6.8,2.3,Snow,0,1
2026-01-22 18:15:00,40.77334425968762,-74.03402156202435,Highway,90,43.5,0.517,Moderate,28.0,53,28.9,0.0,11.5,Clear,0,1
2026-01-22 18:30:00,40.77825478322406,-74.01750680169248,Arterial,60,27.8,0.537,Moderate,31.9,55,28.2,0.0,10.0,Cloudy,0,1
2026-01-22 18:45:00,40.773102629556384,-74.02530337070182,Residential,30,13.9,0.537,Moderate,26.3,44,19.1,0.0,11.3,Clear,0,1
2026-01-22 19:00:00,40.75059210414925,-74.02087803901145,Highway,90,42.7,0.526,Moderate,28.9,48,5.5,0.0,8.8,Clear,0,1
2026-01-22 19:15:00,40.75641698451106,-74.02899296931588,Residential,30,15.5,0.483,Moderate,22.9,72,21.1,0.0,12.3,Cloudy,0,1
2026-01-22 19:30:00,40.74881791308678,-74.04301197837741,Residential,30,14.3,0.523,Moderate,19.1,55,27.3,0.0,11.9,Clear,0,1
2026-01-22 19:45:00,40.7431957930752,-74.0310193200059,City_Street,40,16.6,0.585,Heavy,13.9,72,33.0,0.0,10.5,Clear,0,1
2026-01-22 20:00:00,40.74576990985554,-74.02880429569433,Residential,30,30.0,0.0,Low,19.9,92,4.0,0.0,13.6,Clear,0,0
2026-01-22 20:15:00,40.75221521325469,-74.03845496688847,City_Street,40,30.8,0.23,Low,12.8,63,25.7,0.0,8.2,Cloudy,0,0
2026-01-22 20:30:00,40.756852636993585,-74.0123146074392,Residential,30,16.9,0.437,Moderate,16.1,40,34.5,0.0,0.5,Fog,0,0
2026-01-22 20:45:00,40.753995774949786,-74.04105474853291,Residential,30,29.1,0.03,Low,24.3,76,9.1,0.0,13.9,Cloudy,0,0
2026-01-22 21:00:00,,,Residential,30,20.6,0.313,Moderate,14.9,88,27.3,1.3,6.3,Rain,0,0
2026-01-22 21:15:00,40.763130623900445,-74.02829855035141,Arterial,60,53.3,0.112,Low,17.2,70,31.7,0.0,11.0,Clear,0,0
2026-01-22 21:30:00,40.7587202204319,-74.0263816106455,City_Street,40,15.5,0.613,Heavy,13.1,79,28.2,7.6,1.5,Snow,0,0
2026-01-22 21:45:00,40.75963123221087,-74.03606355946887,City_Street,40,27.3,0.318,Moderate,12.1,89,8.5,4.8,5.5,Rain,0,0
2026-01-22 22:00:00,40.768566085780634,-74.03486453040667,Arterial,60,48.3,0.195,Low,16.3,60,34.3,0.0,14.3,Clear,0,0
2026-01-22 22:15:00,40.7600810566845,-74.0310991231336,City_Street,40,35.6,0.11,Low,16.3,53,7.1,0.0,11.3,Clear,0,0
2026-01-22 22:30:00,40.754179106809396,-74.04249312887782,City_Street,40,39.0,0.025,Low,22.6,51,34.0,0.0,15.0,Cloudy,0,0
2026-01-22 22:45:00,40.74810954848088,-74.01736609574375,Highway,90,53.7,0.403,Moderate,12.1,65,32.2,13.6,3.3,Heavy Rain,0,0
2026-01-22 23:00:00,40.75250749201126,-74.04586539982803,City_Street,40,39.8,0.005,Low,19.3,65,4.5,0.0,11.7,Cloudy,0,0
2026-01-22 23:15:00,,,Highway,90,77.6,0.138,Low,11.9,27,32.3,0.0,10.8,Cloudy,0,0
2026-01-22 23:30:00,40.74597897179204,-74.02896163243676,Arterial,60,36.8,0.387,Moderate,12.0,56,17.6,0.0,1.4,Fog,0,0
2026-01-22 23:45:00,40.7431188969095,-74.04492729093045,City_Street,40,17.1,0.573,Heavy,17.5,82,15.7,9.8,2.3,Snow,0,0
2026-01-23 00:00:00,40.755617035415035,-74.04647414614979,City_Street,40,37.3,0.068,Low,18.7,82,21.0,0.0,14.0,Clear,0,0
2026-01-23 00:15:00,40.73580285377323,-74.03835057842052,Highway,90,69.5,0.228,Low,8.9,60,17.3,1.7,5.9,Rain,0,0
2026-01-23 00:30:00,40.7470783067602,-74.03826241763399,Highway,90,71.3,0.208,Low,17.9,32,34.7,0.0,11.7,Cloudy,0,0
2026-01-23 00:45:00,40.756669535293206,-74.04631477583719,City_Street,40,31.1,0.222,Low,27.8,42,26.3,0.0,8.7,Clear,0,0
2026-01-23 01:00:00,40.74608095312745,-74.04299911800842,Highway,90,72.7,0.192,Low,18.4,56,19.8,0.0,13.6,Cloudy,0,0
2026-01-23 01:15:00,40.74644908013674,-74.0504495941141,Arterial,60,39.6,0.34,Moderate,6.9,90,9.7,6.3,6.6,Rain,0,0
2026-01-23 01:30:00,40.74115652422105,-74.04760765440797,City_Street,40,34.5,0.137,Low,20.5,55,22.9,0.0,14.9,Clear,0,0
2026-01-23 01:45:00,40.74726590623712,-74.04913421592744,City_Street,40,38.1,0.047,Low,25.4,73,5.1,0.0,12.6,Cloudy,0,0
2026-01-23 02:00:00,40.76841046027052,-74.04395056326473,Residential,30,23.8,0.207,Low,19.9,70,18.0,0.0,8.8,Clear,0,0
2026-01-23 02:15:00,40.74456736562028,-74.03898228183164,Highway,90,69.1,0.232,Low,16.1,71,11.7,0.0,12.8,Clear,0,0
2026-01-23 02:30:00,40.73766162832718,-74.03979188482032,Arterial,60,41.7,0.305,Moderate,20.9,100,30.3,4.2,6.9,Rain,0,0
2026-01-23 02:45:00,40.74384435828654,-74.03125670054835,Residential,30,23.5,0.217,Low,28.3,51,31.7,0.0,13.8,Cloudy,0,0
2026-01-23 03:00:00,40.74768464059955,-74.0506390306784,Residential,30,30.0,0.0,Low,17.8,66,20.3,0.0,10.5,Clear,0,0
2026-01-23 03:15:00,40.74783668920777,-74.03811850410072,Highway,90,83.1,0.077,Low,18.5,63,12.7,0.0,10.9,Clear,0,0
2026-01-23 03:30:00,40.74412735827498,-74.03562167587764,Residential,30,30.0,0.0,Low,17.7,72,8.5,0.0,10.4,Clear,0,0
2026-01-23 03:45:00,40.73524761679229,-74.03321312258488,Residential,30,25.5,0.15,Low,16.5,46,12.0,0.0,8.4,Cloudy,0,0
2026-01-23 04:00:00,40.74122002598506,-74.04599236937352,Arterial,60,41.2,0.313,Moderate,12.3,81,21.3,5.7,4.3,Rain,0,0
2026-01-23 04:15:00,40.74011994437638,-74.03743130881658,Residential,30,24.1,0.197,Low,19.0,82,5.5,7.2,4.4,Rain,0,0
2026-01-23 04:30:00,40.75864955189827,-74.0531712811626,Arterial,60,60.0,0.0,Low,23.3,67,9.1,0.0,9.9,Clear,0,0
2026-01-23 04:45:00,40.737852778473574,-74.03845968489541,Arterial,60,50.7,0.155,Low,20.7,32,5.1,0.0,13.1,Clear,0,0
2026-01-23 05:00:00,40.74669793059304,-74.049494092213,Arterial,60,59.7,0.005,Low,22.4,33,33.9,0.0,12.2,Clear,0,0
2026-01-23 05:15:00,40.732547574638495,-74.04789958251078,Highway,90,70.7,0.214,Low,13.1,55,27.2,2.5,5.5,Rain,0,0
2026-01-23 05:30:00,40.75677764651218,-74.0410265500904,Residential,30,24.0,0.2,Low,13.8,58,13.4,3.4,5.5,Rain,0,0
2026-01-23 05:45:00,40.749245695570195,-74.0421565470533,Residential,30,29.0,0.033,Low,28.6,20,32.7,0.0,10.8,Clear,0,0
2026-01-23 06:00:00,40.737613240375445,-74.05358910214177,Arterial,60,52.4,0.127,Low,19.5,74,9.6,0.0,12.5,Cloudy,0,0
2026-01-23 06:15:00,40.736958859593294,-74.04516694415479,Arterial,60,58.3,0.028,Low,22.1,47,15.2,0.0,10.7,Cloudy,0,0
2026-01-23 06:30:00,40.74422856189347,-74.03975370470383,City_Street,40,27.0,0.325,Moderate,12.8,35,22.9,1.6,5.1,Rain,0,0
2026-01-23 06:45:00,40.75044854660639,-74.04969233072521,Arterial,60,43.4,0.277,Moderate,14.9,68,3.0,7.2,4.9,Rain,0,0
2026-01-23 07:00:00,40.72324790428642,-74.04771749955627,Arterial,60,19.5,0.675,Heavy,15.6,81,30.7,2.7,4.4,Rain,0,1
2026-01-23 07:15:00,40.73336331185686,-74.03695794518048,Highway,90,43.8,0.513,Moderate,30.6,67,23.2,0.0,13.0,Clear,0,1
2026-01-23 07:30:00,40.7369746300001,-74.0678806769675,Arterial,60,28.2,0.53,Moderate,19.2,64,3.6,0.0,10.6,Clear,0,1
2026-01-23 07:45:00,40.72889581586526,-74.04669415621302,Highway,90,45.3,0.497,Moderate,18.6,66,18.7,0.0,10.8,Clear,0,1
2026-01-23 08:00:00,40.74782598113659,-74.03524973540597,City_Street,40,19.6,0.51,Moderate,12.8,51,12.5,0.0,8.3,Clear,0,1
2026-01-23 08:15:00,40.74488526896117,-74.04520171337468,Highway,90,44.2,0.509,Moderate,14.9,52,12.4,0.0,14.6,Cloudy,0,1
2026-01-23 08:30:00,40.73647265348489,-74.04455058633133,City_Street,40,17.5,0.562,Heavy,20.8,65,7.1,0.0,8.4,Clear,0,1
2026-01-23 08:45:00,40.742349778705446,-74.04544747527834,Highway,90,39.5,0.561,Heavy,25.4,46,21.7,0.0,11.2,Cloudy,0,1
2026-01-23 09:00:00,40.73992428611208,-74.05001233058096,City_Street,40,15.9,0.603,Heavy,13.7,99,5.5,4.3,5.4,Rain,0,1
2026-01-23 09:15:00,40.732611201697175,-74.06102928031227,Arterial,60,26.8,0.553,Heavy,23.6,82,23.0,0.0,8.6,Clear,0,1
2026-01-23 09:30:00,40.74645280704504,-74.04765388618216,City_Street,40,16.6,0.585,Heavy,16.9,65,6.0,0.0,9.6,Clear,0,1
2026-01-23 09:45:00,40.721286672721774,-74.05753202378324,Arterial,60,27.7,0.538,Moderate,17.3,58,4.6,0.0,9.0,Clear,0,1
2026-01-23 10:00:00,40.74719690699673,-74.04624683954445,Arterial,60,42.9,0.285,Moderate,10.8,84,33.3,0.0,0.3,Fog,0,0
2026-01-23 10:15:00,40.73560566646501,-74.04916739617494,Highway,90,71.2,0.209,Low,24.5,59,33.9,0.0,10.3,Clear,0,0
2026-01-23 10:30:00,40.734929082216176,-74.03103816125936,City_Street,40,19.2,0.52,Moderate,13.5,89,18.0,10.6,1.4,Heavy Rain,0,0
2026-01-23 10:45:00,40.73868411650533,-74.05712395216379,Arterial,60,46.8,0.22,Low,21.2,39,18.9,0.0,14.1,Clear,0,0
2026-01-23 11:00:00,40.73667662858258,-74.06393340510022,Residential,30,15.4,0.487,Moderate,12.9,71,23.1,8.1,1.1,Snow,0,0
2026-01-23 11:15:00,40.736083963334494,-74.05346728722527,Residential,30,25.0,0.167,Low,23.2,59,30.5,0.0,10.9,Clear,0,0
2026-01-23 11:30:00,40.73497370579174,-74.0396176469226,Highway,90,79.9,0.112,Low,13.2,67,28.2,0.0,12.8,Clear,0,0
2026-01-23 11:45:00,40.74969974532398,-74.05486029585482,Arterial,60,43.1,0.282,Moderate,20.5,89,22.5,4.8,5.2,Rain,0,0
2026-01-23 12:00:00,40.7345949670982,-74.0662909962869,Highway,90,59.0,0.344,Moderate,16.5,67,28.7,1.7,6.2,Rain,0,0
2026-01-23 12:15:00,40.735420557821726,-74.05232438171367,Highway,90,82.8,0.08,Low,20.9,79,3.8,0.0,11.6,Clear,0,0
2026-01-23 12:30:00,40.738105989421584,-74.0466692654654,City_Street,40,37.5,0.062,Low,16.6,57,34.0,0.0,11.2,Clear,0,0
2026-01-23 12:45:00,40.716616850793436,-74.0567664095952,Highway,90,50.2,0.442,Moderate,16.4,100,2.7,12.0,1.0,Heavy Rain,0,0
2026-01-23 13:00:00,40.710972749091574,-74.05563787725497,Arterial,60,33.8,0.437,Moderate,21.0,81,34.7,13.6,2.9,Heavy Rain,0,0
2026-01-23 13:15:00,40.729464740625694,-74.0506112540177,City_Street,40,28.6,0.285,Moderate,19.5,59,11.0,6.8,7.1,Rain,0,0
2026-01-23 13:30:00,40.732600324592035,-74.05106636743318,City_Street,40,38.6,0.035,Low,4.8,34,2.1,0.0,14.3,Clear,0,0
2026-01-23 13:45:00,40.72357934463784,-74.04520793836953,City_Street,40,38.2,0.045,Low,23.4,56,21.0,0.0,14.4,Clear,0,0
2026-01-23 14:00:00,40.736411230934756,-74.04504226000185,Residential,30,24.9,0.17,Low,13.3,57,29.7,0.0,13.9,Cloudy,0,0
2026-01-23 14:15:00,40.726532535817825,-74.05519064240526,Arterial,60,46.9,0.218,Low,28.8,47,12.8,0.0,8.9,Cloudy,0,0
2026-01-23 14:30:00,40.72294438088008,-74.04300483774544,City_Street,40,33.4,0.165,Low,22.8,69,5.3,0.0,12.4,Clear,0,0
2026-01-23 14:45:00,40.736397019960556,-74.06246719584034,Highway,90,73.8,0.18,Low,23.4,69,3.4,0.0,9.7,Clear,0,0
2026-01-23 15:00:00,40.72698353331852,-74.06295680778378,Residential,30,30.0,0.0,Low,10.5,26,12.6,0.0,14.6,Clear,0,0
2026-01-23 15:15:00,40.721575674178226,-74.05616979068179,Arterial,60,41.3,0.312,Moderate,15.4,63,11.5,5.1,7.7,Rain,0,0
2026-01-23 15:30:00,40.73326201062475,-74.04707156789227,City_Street,40,40.0,0.0,Low,17.4,62,15.0,0.0,10.7,Clear,0,0
2026-01-23 15:45:00,40.723953343688066,-74.04380915107416,City_Street,40,28.8,0.28,Moderate,24.4,71,8.8,0.0,0.3,Fog,0,0
2026-01-23 16:00:00,40.72371333549084,-74.040487751448,Highway,90,46.1,0.488,Moderate,13.4,100,15.2,23.5,3.3,Heavy Rain,0,0
2026-01-23 16:15:00,40.73074115956978,-74.05326004434833,City_Street,40,22.5,0.438,Moderate,14.7,82,12.8,18.0,2.3,Heavy Rain,0,0
2026-01-23 16:30:00,40.71980371071794,-74.04881216519618,Highway,90,88.2,0.02,Low,25.8,39,19.9,0.0,11.7,Clear,0,0
2026-01-23 16:45:00,40.725839897155666,-74.048446483035,Arterial,60,26.6,0.557,Heavy,14.2,89,34.4,7.7,2.9,Snow,0,0
2026-01-23 17:00:00,40.72598941537577,-74.0543069332853,City_Street,40,16.9,0.578,Heavy,16.5,69,8.7,0.0,9.9,Cloudy,0,1
2026-01-23 17:15:00,40.72786072662221,-74.05682015280898,Arterial,60,25.1,0.582,Heavy,19.5,65,11.8,0.0,12.8,Cloudy,0,1
2026-01-23 17:30:00,40.718592178543815,-74.06953331277263,Residential,30,12.3,0.59,Heavy,10.7,59,22.0,7.1,4.3,Rain,0,1
2026-01-23 17:45:00,40.71772672750577,-74.04279825271468,Highway,90,40.9,0.546,Moderate,23.9,59,13.1,0.0,14.3,Clear,0,1
2026-01-23 18:00:00,40.716717335625745,-74.06189928441819,Residential,30,12.3,0.59,Heavy,5.9,74,8.1,4.4,4.9,Rain,0,1
2026-01-23 18:15:00,40.72507115393334,-74.05867632280663,City_Street,40,15.4,0.615,Heavy,20.7,67,16.2,0.0,13.0,Cloudy,0,1
2026-01-23 18:30:00,40.71908713480315,-74.0562264783592,City_Street,40,16.4,0.59,Heavy,9.8,56,8.8,2.6,7.6,Rain,0,1
2026-01-23 18:45:00,40.713816234232915,-74.0572137529619,Arterial,60,26.7,0.555,Heavy,30.6,48,7.0,0.0,11.8,Cloudy,0,1
2026-01-23 19:00:00,40.71609333861079,-74.05523688873492,City_Street,40,13.1,0.672,Heavy,20.4,76,27.9,6.7,6.4,Rain,0,1
2026-01-23 19:15:00,40.71408844789782,-74.05318039083956,Residential,30,12.4,0.587,Heavy,31.6,43,29.4,0.0,11.6,Clear,0,1
2026-01-23 19:30:00,40.73108362742689,-74.06315911443987,Highway,90,27.3,0.697,Heavy,19.0,98,21.1,20.0,1.4,Heavy Rain,0,1
2026-01-23 19:45:00,40.72895085641796,-74.05613099253125,Arterial,60,11.6,0.807,Severe,1.3,75,30.8,4.9,1.7,Snow,0,1
2026-01-23 20:00:00,40.72646734916547,-74.05407934245032,Residential,30,23.7,0.21,Low,19.0,83,15.0,4.5,5.6,Rain,0,0
2026-01-23 20:15:00,40.717521164618745,-74.06707066790891,Residential,30,24.6,0.18,Low,27.7,59,31.4,0.0,13.2,Cloudy,0,0
2026-01-23 20:30:00,40.714888077209004,-74.0491145515101,Residential,30,23.7,0.21,Low,16.3,69,4.0,4.0,5.1,Rain,0,0
2026-01-23 20:45:00,40.71481521272378,-74.05416076650913,Highway,90,73.2,0.187,Low,16.4,44,23.3,0.0,8.7,Cloudy,0,0
2026-01-23 21:00:00,40.707719456258474,-74.05849754556682,City_Street,40,34.7,0.132,Low,21.2,75,20.1,0.0,11.2,Clear,0,0
2026-01-23 21:15:00,40.72360621532821,-74.05879034710384,City_Street,40,31.3,0.218,Low,14.9,49,8.1,0.0,9.0,Clear,0,0
2026-01-23 21:30:00,40.717821538214366,-74.0556982946329,Highway,90,81.1,0.099,Low,14.6,49,25.4,0.0,8.6,Cloudy,0,0
2026-01-23 21:45:00,40.71221949462462,-74.05752681590332,Arterial,60,52.2,0.13,Low,16.2,48,30.4,0.0,12.8,Clear,0,0
2026-01-23 22:00:00,40.70649179897874,-74.06164827271475,Highway,90,82.8,0.08,Low,20.6,55,15.8,0.0,11.9,Clear,0,0
2026-01-23 22:15:00,40.72951174638026,-74.06948335633514,City_Street,40,37.8,0.055,Low,22.6,71,34.2,0.0,9.6,Clear,0,0
2026-01-23 22:30:00,40.716877640397314,-74.04918455266251,Highway,90,90.0,0.0,Low,15.0,50,18.1,0.0,10.5,Clear,0,0
2026-01-23 22:45:00,40.72286350363775,-74.05843141395354,Highway,90,86.5,0.039,Low,12.3,46,13.0,0.0,12.2,Clear,0,0
2026-01-23 23:00:00,40.70759356554428,-74.06426573010421,Highway,90,86.7,0.037,Low,27.6,69,21.5,0.0,10.4,Cloudy,0,0
2026-01-23 23:15:00,40.69951539895752,-74.06405140068735,Residential,30,24.3,0.19,Low,21.9,63,3.1,7.1,7.1,Rain,0,0
2026-01-23 23:30:00,40.70152976462788,-74.0532244431572,Arterial,60,49.7,0.172,Low,24.0,53,26.1,0.0,12.1,Clear,0,0
2026-01-23 23:45:00,40.71773648556267,-74.0649580988346,City_Street,40,33.9,0.153,Low,21.6,65,11.9,0.0,10.3,Clear,0,0
2026-01-24 00:00:00,40.72218752139499,-74.04289141261748,Highway,90,85.2,0.053,Low,13.8,54,19.2,0.0,9.3,Clear,1,0
2026-01-24 00:15:00,40.71470782800513,-74.04508591636674,City_Street,40,28.4,0.29,Moderate,11.3,61,10.7,3.9,4.4,Rain,1,0
2026-01-24 00:30:00,40.705997780857786,-74.06088198211965,Residential,30,26.6,0.113,Low,17.8,41,21.9,0.0,9.4,Clear,1,0
2026-01-24 00:45:00,40.699057197753866,-74.04326265353228,City_Street,40,34.7,0.132,Low,18.4,71,21.8,0.0,8.9,Clear,1,0
2026-01-24 01:00:00,40.715954059441906,-74.05400129252654,Arterial,60,28.5,0.525,Moderate,13.5,90,32.7,10.9,2.4,Snow,1,0
2026-01-24 01:15:00,40.70452466194309,-74.05866347200882,City_Street,40,40.0,0.0,Low,33.2,70,34.1,0.0,13.2,Cloudy,1,0
2026-01-24 01:30:00,40.73856804258847,-74.06203190340634,City_Street,40,38.3,0.043,Low,19.3,78,25.1,0.0,11.0,Clear,1,0
2026-01-24 01:45:00,40.70288752619789,-74.05935706483743,Highway,90,61.9,0.312,Moderate,14.8,68,11.3,5.0,5.6,Rain,1,0
2026-01-24 02:00:00,40.70852514365139,-74.05294167928541,Highway,90,87.1,0.032,Low,13.9,58,13.4,0.0,8.1,Cloudy,1,0
2026-01-24 02:15:00,40.68844315500004,-74.05720178151385,City_Street,40,37.3,0.068,Low,14.0,66,17.1,0.0,12.6,Cloudy,1,0
2026-01-24 02:30:00,40.70393017003122,-74.05400887894541,Residential,30,29.7,0.01,Low,18.8,79,11.6,0.0,11.6,Clear,1,0
2026-01-24 02:45:00,40.68835572020124,-74.05268833944112,Arterial,60,59.6,0.007,Low,17.2,73,22.0,0.0,14.9,Clear,1,0
2026-01-24 03:00:00,40.70173233313926,-74.04703563124268,Highway,90,90.0,0.0,Low,17.3,58,22.1,0.0,12.3,Clear,1,0
2026-01-24 03:15:00,40.69862096674359,-74.06549802804767,Residential,30,13.4,0.553,Heavy,5.3,51,24.6,4.3,2.1,Snow,1,0
2026-01-24 03:30:00,40.70194257660509,-74.0514258971079,Arterial,60,35.2,0.413,Moderate,17.2,60,21.4,15.3,3.1,Heavy Rain,1,0
2026-01-24 03:45:00,40.708785938705255,-74.05289527215025,Arterial,60,52.3,0.128,Low,16.3,72,14.5,0.0,9.3,Clear,1,0
2026-01-24 04:00:00,40.708224508348025,-74.04590175241907,Arterial,60,48.0,0.2,Low,23.2,43,6.4,0.0,10.8,Clear,1,0
2026-01-24 04:15:00,40.69804095875019,-74.06315096649249,City_Street,40,40.0,0.0,Low,23.0,59,13.8,0.0,11.0,Cloudy,1,0
2026-01-24 04:30:00,40.695946327446876,-74.05607482963472,City_Street,40,33.5,0.162,Low,29.1,48,19.0,0.0,13.7,Cloudy,1,0
2026-01-24 04:45:00,40.69953388501036,-74.04888263863013,Arterial,60,57.8,0.037,Low,20.2,58,23.5,0.0,13.2,Cloudy,1,0
2026-01-24 05:00:00,40.69805218893921,-74.06798607570062,City_Street,40,36.9,0.078,Low,16.5,83,23.4,0.0,13.5,Cloudy,1,0
2026-01-24 05:15:00,40.693683796116254,-74.05969984887328,Arterial,60,47.5,0.208,Low,19.5,53,5.6,0.0,14.9,Clear,1,0
2026-01-24 05:30:00,,,City_Street,40,22.4,0.44,Moderate,18.3,98,32.5,10.2,2.1,Heavy Rain,1,0
2026-01-24 05:45:00,40.69008723250374,-74.05988252981646,Residential,30,29.5,0.017,Low,20.6,52,26.7,0.0,10.6,Cloudy,1,0
2026-01-24 06:00:00,40.69529217095834,-74.06327903492222,Arterial,60,36.4,0.393,Moderate,19.0,60,13.6,12.5,1.8,Heavy Rain,1,0
2026-01-24 06:15:00,40.69722574847987,-74.04882844605606,Highway,90,79.3,0.119,Low,26.6,85,22.9,0.0,9.1,Cloudy,1,0
2026-01-24 06:30:00,40.69439816730379,-74.05049085787657,Highway,90,86.6,0.038,Low,14.9,56,33.9,0.0,8.3,Clear,1,0
2026-01-24 06:45:00,40.70635064264654,-74.03912938776146,Residential,30,23.3,0.223,Low,17.1,52,25.5,0.0,10.8,Cloudy,1,0
2026-01-24 07:00:00,40.69716862635572,-74.06890647516647,Residential,30,26.9,0.103,Low,15.5,71,9.6,0.0,9.1,Cloudy,1,0
2026-01-24 07:15:00,40.69278909440943,-74.048403594879,Arterial,60,27.9,0.535,Moderate,10.7,83,34.1,11.0,2.5,Snow,1,0
2026-01-24 07:30:00,40.70358163548839,-74.05396789815181,City_Street,40,20.5,0.488,Moderate,10.9,53,17.1,2.3,1.5,Snow,1,0
2026-01-24 07:45:00,40.68702947326093,-74.0356932328045,City_Street,40,38.2,0.045,Low,24.2,67,20.8,0.0,12.5,Clear,1,0
2026-01-24 08:00:00,40.69939187561659,-74.04696646804426,Residential,30,29.8,0.007,Low,26.7,74,6.8,0.0,11.5,Clear,1,0
2026-01-24 08:15:00,40.711302119527986,-74.0563594892472,City_Street,40,38.4,0.04,Low,20.4,48,30.9,0.0,11.9,Cloudy,1,0
2026-01-24 08:30:00,40.68961625510931,-74.05626230546099,Residential,30,20.6,0.313,Moderate,13.3,56,8.5,0.0,1.0,Fog,1,0
2026-01-24 08:45:00,40.69127461864734,-74.04214594180851,Arterial,60,52.4,0.127,Low,14.3,74,8.6,0.0,8.2,Cloudy,1,0
2026-01-24 09:00:00,40.69600063922075,-74.05538470432755,Arterial,60,54.4,0.093,Low,20.7,58,20.1,0.0,8.6,Clear,1,0
2026-01-24 09:15:00,40.67915370221117,-74.05467243811086,Arterial,60,55.3,0.078,Low,28.0,62,25.7,0.0,10.5,Cloudy,1,0
2026-01-24 09:30:00,40.688329235778774,-74.04304337415047,Arterial,60,53.7,0.105,Low,30.4,60,23.5,0.0,14.3,Clear,1,0
2026-01-24 09:45:00,40.683655140149,-74.06516971169341,City_Street,40,22.9,0.427,Moderate,21.4,59,7.3,0.0,1.0,Fog,1,0
2026-01-24 10:00:00,40.68720994481429,-74.06087496266757,Highway,90,89.1,0.01,Low,20.6,69,18.1,0.0,13.6,Clear,1,0
2026-01-24 10:15:00,40.68999248503951,-74.05558888825495,Highway,90,77.3,0.141,Low,12.3,33,20.4,0.0,10.3,Clear,1,0
2026-01-24 10:30:00,40.69980557482514,-74.06568414287487,Highway,90,58.3,0.352,Moderate,7.9,85,13.0,5.0,5.9,Rain,1,0
2026-01-24 10:45:00,40.6761492610567,-74.04816315220323,Arterial,60,53.0,0.117,Low,17.3,82,18.2,0.0,12.7,Cloudy,1,0
2026-01-24 11:00:00,40.68291626959369,-74.04293368520891,Arterial,60,37.7,0.372,Moderate,23.2,73,5.3,4.9,6.4,Rain,1,0
2026-01-24 11:15:00,40.68456106278599,-74.04772668383944,City_Street,40,37.2,0.07,Low,15.0,50,23.4,0.0,13.4,Clear,1,0
2026-01-24 11:30:00,40.69188301450759,-74.04242296848321,Residential,30,27.3,0.09,Low,12.6,53,9.3,0.0,9.9,Clear,1,0
2026-01-24 11:45:00,40.690647911159026,-74.06035065129149,Highway,90,57.8,0.358,Moderate,18.8,72,3.3,2.5,6.6,Rain,1,0
2026-01-24 12:00:00,40.69079521224346,-74.05582834981007,City_Street,40,23.1,0.422,Moderate,22.5,32,15.3,0.0,1.3,Fog,1,0
2026-01-24 12:15:00,40.67715376662277,-74.04185238116702,Highway,90,76.4,0.151,Low,28.1,62,23.2,0.0,13.5,Cloudy,1,0
2026-01-24 12:30:00,40.68994803774376,-74.04471392630826,Highway,90,75.9,0.157,Low,18.4,38,18.4,0.0,12.1,Clear,1,0
2026-01-24 12:45:00,40.69035265273699,-74.05181406363083,City_Street,40,22.9,0.427,Moderate,12.5,51,11.9,0.0,1.2,Fog,1,0
2026-01-24 13:00:00,40.683700241092,-74.04669353604898,Arterial,60,48.5,0.192,Low,19.3,54,13.5,0.0,15.0,Clear,1,0
2026-01-24 13:15:00,40.678040616899004,-74.05147005991195,Residential,30,17.2,0.427,Moderate,17.6,48,19.6,4.1,4.6,Rain,1,0
2026-01-24 13:30:00,40.68866130649316,-74.04410081592741,Arterial,60,32.4,0.46,Moderate,14.0,44,32.1,5.5,7.6,Rain,1,0
2026-01-24 13:45:00,40.67387385765042,-74.04770141426297,Arterial,60,45.7,0.238,Low,17.3,77,15.3,0.0,9.1,Clear,1,0
2026-01-24 14:00:00,40.68395032498562,-74.0393795371366,Highway,90,43.0,0.522,Moderate,16.7,86,28.7,12.3,3.1,Heavy Rain,1,0
2026-01-24 14:15:00,40.69321538465713,-74.03710849897944,Residential,30,14.8,0.507,Moderate,13.4,100,25.9,23.4,2.3,Heavy Rain,1,0
2026-01-24 14:30:00,40.698769531467065,-74.02912317285015,City_Street,40,34.1,0.147,Low,20.1,90,29.8,0.0,12.1,Clear,1,0
2026-01-24 14:45:00,40.68600256851117,-74.05028203610767,Arterial,60,25.0,0.583,Heavy,22.1,83,24.0,4.2,2.7,Snow,1,0
2026-01-24 15:00:00,40.68054191231486,-74.03111195699375,Residential,30,21.5,0.283,Moderate,22.0,78,34.3,0.0,14.8,Clear,1,0
2026-01-24 15:15:00,40.668613664029685,-74.04478106895633,Residential,30,11.9,0.603,Heavy,12.3,97,33.3,10.1,2.8,Snow,1,0
2026-01-24 15:30:00,40.68847997998337,-74.03540328361996,Highway,90,62.6,0.304,Moderate,18.4,75,24.3,0.0,13.0,Cloudy,1,0
2026-01-24 15:45:00,40.69585754904305,-74.05142601075072,Residential,30,20.1,0.33,Moderate,20.6,56,11.7,1.7,6.7,Rain,1,0
2026-01-24 16:00:00,40.6932686246309,-74.04963088827547,Highway,90,75.9,0.157,Low,18.2,82,27.0,0.0,9.2,Clear,1,0
2026-01-24 16:15:00,40.678512086665584,-74.03284279992928,Residential,30,15.4,0.487,Moderate,20.6,89,13.8,22.6,1.6,Heavy Rain,1,0
2026-01-24 16:30:00,40.66982500626205,-74.04185686194613,City_Street,40,28.0,0.3,Moderate,20.9,78,14.6,5.2,4.8,Rain,1,0
2026-01-24 16:45:00,40.67720686080742,-74.04715005625228,City_Street,40,33.0,0.175,Low,14.8,76,20.4,0.0,8.3,Clear,1,0
2026-01-24 17:00:00,40.66390159142483,-74.0476981562183,City_Street,40,23.4,0.415,Moderate,9.9,72,5.3,5.5,4.3,Rain,1,0
2026-01-24 17:15:00,40.661863086492566,-74.05818392848481,Residential,30,23.4,0.22,Low,20.7,66,19.5,0.0,9.9,Cloudy,1,0
2026-01-24 17:30:00,40.678760691197205,-74.03127124292732,Arterial,60,50.7,0.155,Low,18.9,65,18.6,0.0,12.3,Cloudy,1,0
2026-01-24 17:45:00,40.66597884248601,-74.04150186883778,Highway,90,63.5,0.294,Moderate,23.6,57,5.1,0.0,10.7,Clear,1,0
2026-01-24 18:00:00,40.68693539713345,-74.03783287580609,City_Street,40,34.2,0.145,Low,24.2,55,20.6,0.0,9.0,Cloudy,1,0
2026-01-24 18:15:00,40.68015952573602,-74.03399598432809,Arterial,60,46.6,0.223,Low,18.4,52,7.7,0.0,9.2,Cloudy,1,0
2026-01-24 18:30:00,40.680934341892524,-74.0463751736556,Arterial,60,39.9,0.335,Moderate,16.2,100,14.8,5.5,7.5,Rain,1,0
2026-01-24 18:45:00,40.675608829901215,-74.0623425226715,Highway,90,66.0,0.267,Moderate,22.6,20,11.1,0.0,12.2,Clear,1,0
2026-01-24 19:00:00,40.675687722614576,-74.03797201049504,Highway,90,90.0,0.0,Low,18.7,39,14.2,0.0,14.9,Cloudy,1,0
2026-01-24 19:15:00,40.684261083053656,-74.03993088887538,Highway,90,43.4,0.518,Moderate,18.2,62,24.6,12.8,1.3,Heavy Rain,1,0
2026-01-24 19:30:00,40.68449774523308,-74.0362789776121,Residential,30,13.9,0.537,Moderate,18.0,80,17.4,10.8,2.4,Snow,1,0
2026-01-24 19:45:00,40.6808479686838,-74.0267382748372,Residential,30,23.1,0.23,Low,20.8,44,14.7,0.0,9.9,Clear,1,0
2026-01-24 20:00:00,40.67367591681648,-74.04100505746419,Arterial,60,24.8,0.587,Heavy,15.4,76,27.2,5.9,1.8,Snow,1,0
2026-01-24 20:15:00,40.67468845943146,-74.04761953174867,City_Street,40,37.7,0.057,Low,20.2,44,34.1,0.0,11.6,Cloudy,1,0
2026-01-24 20:30:00,40.66927054462306,-74.0430972783745,Highway,90,87.0,0.033,Low,10.7,54,32.4,0.0,9.7,Cloudy,1,0
2026-01-24 20:45:00,40.663905366315866,-74.03968075128252,Arterial,60,42.2,0.297,Moderate,12.7,56,9.7,1.5,7.6,Rain,1,0
2026-01-24 21:00:00,40.66969480748587,-74.02576691336637,City_Street,40,16.5,0.588,Heavy,9.9,65,15.7,9.1,2.4,Snow,1,0
2026-01-24 21:15:00,40.68100089870692,-74.02824135927595,Highway,90,73.7,0.181,Low,31.0,69,24.0,0.0,12.2,Cloudy,1,0
2026-01-24 21:30:00,40.67138879106724,-74.03723336005284,Highway,90,79.9,0.112,Low,22.9,52,28.9,0.0,9.6,Cloudy,1,0
2026-01-24 21:45:00,40.66654284740238,-74.02144886021753,Highway,90,46.5,0.483,Moderate,19.2,80,29.4,7.1,2.8,Snow,1,0
2026-01-24 22:00:00,40.65543407326824,-74.03551066546271,City_Street,40,36.6,0.085,Low,20.7,49,17.4,0.0,10.0,Cloudy,1,0
2026-01-24 22:15:00,40.6590106040743,-74.02854644544831,City_Street,40,37.7,0.057,Low,16.2,55,12.0,0.0,11.8,Clear,1,0
2026-01-24 22:30:00,40.67054813296738,-74.03756424424566,Highway,90,74.3,0.174,Low,25.4,52,13.3,0.0,10.4,Cloudy,1,0
2026-01-24 22:45:00,40.67389570543354,-74.040236315883,Arterial,60,56.0,0.067,Low,18.4,68,30.7,0.0,9.7,Cloudy,1,0
2026-01-24 23:00:00,40.65986908962748,-74.02292481288741,Highway,90,74.2,0.176,Low,18.0,68,26.4,3.5,7.3,Rain,1,0
2026-01-24 23:15:00,40.67588202977398,-74.03681642261934,Residential,30,29.0,0.033,Low,16.0,64,21.1,0.0,11.6,Cloudy,1,0
2026-01-24 23:30:00,40.66468643973801,-74.03370796802218,City_Street,40,29.6,0.26,Moderate,15.6,88,11.2,3.5,4.0,Rain,1,0
2026-01-24 23:45:00,,,Arterial,60,40.7,0.322,Moderate,13.4,62,5.5,3.3,7.1,Rain,1,0
2026-01-25 00:00:00,40.68554484748423,-74.03842199554899,Residential,30,24.9,0.17,Low,17.3,55,21.9,0.0,14.4,Cloudy,1,0
2026-01-25 00:15:00,40.66114462035046,-74.02924694212473,Arterial,60,50.9,0.152,Low,13.0,67,27.4,1.9,7.6,Rain,1,0
2026-01-25 00:30:00,40.67619318001194,-74.0324904823111,Highway,90,88.5,0.017,Low,20.3,69,6.4,0.0,11.2,Cloudy,1,0
2026-01-25 00:45:00,40.671537203273296,-74.02518530098746,Highway,90,38.2,0.576,Heavy,10.0,82,20.1,11.9,0.6,Snow,1,0
2026-01-25 01:00:00,40.66227947761697,-74.02700736376217,City_Street,40,39.0,0.025,Low,24.4,67,29.4,0.0,11.3,Clear,1,0
2026-01-25 01:15:00,40.667393197278244,-74.0277493874806,Arterial,60,60.0,0.0,Low,20.6,41,13.8,0.0,14.8,Clear,1,0
2026-01-25 01:30:00,40.66029527496479,-74.04460479067741,City_Street,40,23.3,0.417,Moderate,12.8,93,15.6,8.1,3.0,Heavy Rain,1,0
2026-01-25 01:45:00,40.6641814558682,-74.02587972927,Arterial,60,50.1,0.165,Low,18.7,73,9.5,0.0,12.8,Cloudy,1,0
2026-01-25 02:00:00,,,Residential,30,15.1,0.497,Moderate,4.7,100,4.4,15.0,2.4,Heavy Rain,1,0
2026-01-25 02:15:00,40.68927774272879,-74.02950671020893,Residential,30,26.1,0.13,Low,9.5,60,26.0,0.0,13.8,Cloudy,1,0
2026-01-25 02:30:00,40.66755187693922,-74.04382540144736,Residential,30,23.6,0.213,Low,15.2,62,11.3,0.0,11.0,Cloudy,1,0
2026-01-25 02:45:00,40.670642014308,-74.02490780893179,Residential,30,24.7,0.177,Low,22.1,61,3.7,0.0,11.5,Clear,1,0
2026-01-25 03:00:00,40.65938539910035,-74.01843984194198,Residential,30,30.0,0.0,Low,25.2,42,6.6,0.0,11.9,Clear,1,0
2026-01-25 03:15:00,40.67499414515612,-74.02446589991321,Highway,90,79.0,0.122,Low,22.9,43,11.6,0.0,11.1,Clear,1,0
2026-01-25 03:30:00,40.660715581528564,-74.01707089763542,Highway,90,70.9,0.212,Low,6.8,64,12.5,4.6,6.7,Rain,1,0
2026-01-25 03:45:00,40.65280169517151,-74.03232567452702,City_Street,40,31.5,0.213,Low,16.4,96,33.4,0.0,9.9,Cloudy,1,0
2026-01-25 04:00:00,40.6667531780998,-74.01185762093945,Arterial,60,60.0,0.0,Low,18.0,66,16.7,0.0,13.0,Clear,1,0
2026-01-25 04:15:00,40.672244880754675,-74.0249846739852,Highway,90,88.5,0.017,Low,16.5,50,8.7,0.0,14.7,Cloudy,1,0
2026-01-25 04:30:00,40.66006605054615,-74.03141546943992,Residential,30,24.6,0.18,Low,9.4,65,21.3,7.4,4.0,Rain,1,0
2026-01-25 04:45:00,40.671120714194686,-74.00433493138377,City_Street,40,24.2,0.395,Moderate,9.1,82,18.4,15.8,1.6,Heavy Rain,1,0
2026-01-25 05:00:00,40.674406580419216,-74.01753084038143,Highway,90,71.5,0.206,Low,22.5,64,18.2,0.0,14.6,Cloudy,1,0
2026-01-25 05:15:00,40.661749266879944,-74.00327782631595,City_Street,40,40.0,0.0,Low,8.2,61,29.4,0.0,10.2,Cloudy,1,0
2026-01-25 05:30:00,40.67369397621255,-74.02103411126164,Highway,90,85.2,0.053,Low,17.9,70,6.8,0.0,12.7,Clear,1,0
2026-01-25 05:45:00,40.65886121527035,-74.01777010089553,Arterial,60,55.9,0.068,Low,19.3,66,6.0,0.0,14.1,Cloudy,1,0
2026-01-25 06:00:00,40.66071977197418,-74.02734250805526,Residential,30,21.7,0.277,Moderate,21.7,51,2.6,4.6,7.8,Rain,1,0
2026-01-25 06:15:00,40.66591617403897,-74.01698831136069,Residential,30,16.7,0.443,Moderate,15.5,86,15.2,0.0,1.1,Fog,1,0
2026-01-25 06:30:00,40.66135122516791,-74.02185419947358,Residential,30,14.6,0.513,Moderate,18.5,100,6.3,23.8,2.7,Heavy Rain,1,0
2026-01-25 06:45:00,40.66325850455749,-74.00744671803174,Residential,30,23.3,0.223,Low,22.4,65,19.4,4.3,5.5,Rain,1,0
2026-01-25 07:00:00,40.66438927390845,-74.02648074312195,City_Street,40,40.0,0.0,Low,19.7,33,11.5,0.0,14.6,Cloudy,1,0
2026-01-25 07:15:00,40.67293232038655,-74.02188351305924,Residential,30,23.0,0.233,Low,32.6,46,19.4,0.0,9.5,Cloudy,1,0
2026-01-25 07:30:00,40.66919506537804,-74.02386408052092,City_Street,40,40.0,0.0,Low,18.7,25,11.7,0.0,12.7,Clear,1,0
2026-01-25 07:45:00,40.66298130617003,-74.03271837444555,Highway,90,56.3,0.374,Moderate,24.8,51,34.2,0.0,1.0,Fog,1,0
2026-01-25 08:00:00,40.65509929259219,-74.00627023932813,Arterial,60,56.0,0.067,Low,27.6,56,28.5,0.0,13.8,Clear,1,0
2026-01-25 08:15:00,40.656078620211716,-74.01295680858676,City_Street,40,27.1,0.323,Moderate,10.8,62,19.8,2.7,5.5,Rain,1,0
2026-01-25 08:30:00,40.67144053199532,-74.03045490991825,Residential,30,29.0,0.033,Low,14.6,66,33.3,0.0,10.5,Clear,1,0
2026-01-25 08:45:00,40.66897705631921,-73.99514884069502,Residential,30,24.3,0.19,Low,28.4,69,20.7,0.0,8.2,Clear,1,0
2026-01-25 09:00:00,40.65982451657523,-74.00983470608936,Highway,90,44.3,0.508,Moderate,16.5,98,30.1,13.3,1.7,Heavy Rain,1,0
2026-01-25 09:15:00,40.6606920353253,-74.02982196146965,Arterial,60,52.5,0.125,Low,23.5,45,11.2,0.0,13.4,Clear,1,0
2026-01-25 09:30:00,40.66030635622228,-74.00378581930538,Residential,30,27.5,0.083,Low,24.0,76,7.6,0.0,13.3,Cloudy,1,0
2026-01-25 09:45:00,40.66181602305596,-74.0105549769774,City_Street,40,39.5,0.012,Low,24.8,64,25.9,0.0,11.2,Clear,1,0
2026-01-25 10:00:00,40.65470000096699,-74.00557592923776,Residential,30,19.8,0.34,Moderate,12.2,82,30.3,7.5,7.1,Rain,1,0
2026-01-25 10:15:00,40.65402983390038,-74.03250931363598,City_Street,40,33.4,0.165,Low,14.4,52,9.4,1.3,7.0,Rain,1,0
2026-01-25 10:30:00,40.66197651101192,-74.0037883569432,City_Street,40,37.2,0.07,Low,14.1,72,19.8,0.0,12.5,Clear,1,0
2026-01-25 10:45:00,40.65596206730435,-74.01863647426207,Residential,30,28.4,0.053,Low,16.3,44,31.3,0.0,12.8,Clear,1,0
2026-01-25 11:00:00,40.661312500149684,-74.0158184404671,Highway,90,75.7,0.159,Low,16.0,72,16.7,0.0,13.0,Cloudy,1,0
2026-01-25 11:15:00,40.66798711686432,-74.00317887929744,City_Street,40,17.5,0.562,Heavy,19.8,60,28.1,10.6,1.9,Snow,1,0
2026-01-25 11:30:00,40.66733684937488,-74.00383787449329,Residential,30,18.3,0.39,Moderate,24.4,87,3.5,0.0,1.1,Fog,1,0
2026-01-25 11:45:00,40.66629155746031,-74.02170642617773,Arterial,60,51.2,0.147,Low,29.6,57,8.5,0.0,14.0,Cloudy,1,0
2026-01-25 12:00:00,40.65592412840231,-74.00664400546229,Arterial,60,25.7,0.572,Heavy,21.2,62,24.7,11.6,2.5,Snow,1,0
2026-01-25 12:15:00,40.671545012055134,-73.99936017036192,Arterial,60,43.8,0.27,Moderate,19.3,72,3.1,0.0,12.6,Clear,1,0
2026-01-25 12:30:00,40.65827958547321,-74.00251351741147,Arterial,60,38.8,0.353,Moderate,15.7,72,34.7,7.0,5.0,Rain,1,0
2026-01-25 12:45:00,40.6615138341299,-74.01039267416292,Highway,90,63.0,0.3,Moderate,19.9,53,27.0,0.0,11.1,Clear,1,0
2026-01-25 13:00:00,40.6613923928655,-73.99986663787935,City_Street,40,27.8,0.305,Moderate,15.9,55,32.6,0.0,14.2,Clear,1,0
2026-01-25 13:15:00,,,Arterial,60,19.4,0.677,Heavy,18.9,88,10.4,6.1,1.9,Snow,1,0
2026-01-25 13:30:00,40.66884246680597,-74.00431810257454,City_Street,40,15.5,0.613,Heavy,14.9,87,5.7,6.9,2.1,Snow,1,0
2026-01-25 13:45:00,40.67505965977124,-74.00165283753175,Arterial,60,49.1,0.182,Low,25.8,61,16.0,0.0,10.2,Clear,1,0
2026-01-25 14:00:00,40.666250461071854,-74.01434851281917,Highway,90,69.8,0.224,Low,29.4,50,5.8,0.0,10.2,Clear,1,0
2026-01-25 14:15:00,40.639704240741494,-73.99405601775352,Arterial,60,39.2,0.347,Moderate,14.7,57,16.1,0.0,14.2,Cloudy,1,0
2026-01-25 14:30:00,40.66437998899021,-74.01118276496253,Highway,90,60.7,0.326,Moderate,15.3,52,11.4,0.0,8.4,Clear,1,0
2026-01-25 14:45:00,40.671624813935104,-74.00939284475474,Highway,90,71.6,0.204,Low,18.6,79,22.0,0.0,10.4,Clear,1,0
2026-01-25 15:00:00,40.66809712802992,-74.00034382890652,City_Street,40,25.7,0.358,Moderate,17.0,39,13.6,0.0,10.0,Cloudy,1,0
2026-01-25 15:15:00,40.665375068612576,-74.00330784253055,City_Street,40,30.7,0.233,Low,22.4,40,5.4,0.0,10.7,Cloudy,1,0
2026-01-25 15:30:00,40.651923799937265,-73.9914472075121,Arterial,60,40.7,0.322,Moderate,11.9,40,2.2,0.0,9.9,Cloudy,1,0
2026-01-25 15:45:00,40.65763692668153,-74.00719096509104,City_Street,40,21.7,0.458,Moderate,6.9,68,31.5,1.8,7.6,Rain,1,0
2026-01-25 16:00:00,40.65551734181091,-73.98509798951001,Highway,90,60.9,0.323,Moderate,23.6,51,34.6,0.0,13.6,Cloudy,1,0
2026-01-25 16:15:00,40.64859236128905,-73.99944767576275,City_Street,40,28.4,0.29,Moderate,23.3,82,8.9,0.0,12.6,Clear,1,0
2026-01-25 16:30:00,40.650404485019585,-73.98590398736906,City_Street,40,29.0,0.275,Moderate,21.8,83,2.6,0.0,9.6,Clear,1,0
2026-01-25 16:45:00,40.66186792762619,-74.00515947060066,City_Street,40,27.1,0.323,Moderate,16.3,100,6.9,7.1,5.8,Rain,1,0
2026-01-25 17:00:00,40.66567385132444,-73.99911624301642,Residential,30,22.0,0.267,Moderate,15.9,70,33.9,0.0,8.3,Clear,1,0
2026-01-25 17:15:00,40.67727794361104,-73.99982910968167,Arterial,60,48.9,0.185,Low,8.3,52,6.8,0.0,9.4,Cloudy,1,0
2026-01-25 17:30:00,40.67271479356329,-73.99030287958279,Residential,30,22.3,0.257,Moderate,11.2,73,18.6,0.0,14.6,Clear,1,0
2026-01-25 17:45:00,40.66044949423384,-74.00982199249664,City_Street,40,32.6,0.185,Low,21.1,56,17.0,0.0,11.4,Cloudy,1,0
2026-01-25 18:00:00,40.688695436205194,-73.99038462072514,City_Street,40,29.5,0.262,Moderate,22.0,31,22.5,0.0,9.8,Clear,1,0
2026-01-25 18:15:00,40.66311666613777,-74.00605384556825,Residential,30,24.5,0.183,Low,17.5,60,18.1,0.0,12.8,Cloudy,1,0
2026-01-25 18:30:00,40.65734093501159,-74.00344221077553,Residential,30,19.3,0.357,Moderate,28.6,55,7.0,0.0,8.0,Clear,1,0
2026-01-25 18:45:00,40.67208336351882,-73.99754246223586,Residential,30,11.6,0.613,Heavy,6.0,68,19.7,3.9,2.2,Snow,1,0
2026-01-25 19:00:00,40.67600717087372,-73.98611494109326,City_Street,40,35.2,0.12,Low,17.1,88,28.2,0.0,14.4,Clear,1,0
2026-01-25 19:15:00,40.66311462106322,-73.99209253784011,City_Street,40,32.1,0.198,Low,17.1,50,20.8,0.0,15.0,Clear,1,0
2026-01-25 19:30:00,40.67003101238909,-74.00283246280587,Highway,90,69.1,0.232,Low,18.8,83,33.8,0.0,10.4,Cloudy,1,0
2026-01-25 19:45:00,40.67287012855608,-73.99000013128665,City_Street,40,23.5,0.412,Moderate,13.9,87,5.2,18.4,2.7,Heavy Rain,1,0
2026-01-25 20:00:00,40.65489948017558,-73.99936348796486,Residential,30,25.6,0.147,Low,22.9,59,12.2,0.0,14.2,Clear,1,0
2026-01-25 20:15:00,40.65831501563451,-74.00806199313354,City_Street,40,32.9,0.177,Low,12.1,42,31.6,0.0,9.4,Clear,1,0
2026-01-25 20:30:00,40.669363993797944,-73.98590996668095,Residential,30,28.4,0.053,Low,33.8,58,25.6,0.0,10.6,Cloudy,1,0
2026-01-25 20:45:00,40.66199131880194,-73.98774192219388,Arterial,60,42.2,0.297,Moderate,17.0,64,23.9,4.4,5.5,Rain,1,0
2026-01-25 21:00:00,40.68440838185671,-73.98951255549547,City_Street,40,28.4,0.29,Moderate,9.1,51,9.4,5.4,5.0,Rain,1,0
2026-01-25 21:15:00,40.67294444574782,-73.98809281861756,Residential,30,14.5,0.517,Moderate,8.8,91,25.4,22.5,2.2,Heavy Rain,1,0
2026-01-25 21:30:00,,,Residential,30,20.2,0.327,Moderate,20.3,63,31.5,7.5,7.9,Rain,1,0
2026-01-25 21:45:00,40.669866299960596,-73.98727547024633,City_Street,40,36.4,0.09,Low,28.9,53,29.9,0.0,10.3,Clear,1,0
2026-01-25 22:00:00,40.65935350087111,-73.99450021889778,Residential,30,26.9,0.103,Low,26.1,54,6.6,0.0,13.7,Clear,1,0
2026-01-25 22:15:00,40.66119673503368,-73.99164913214837,Residential,30,24.3,0.19,Low,17.7,66,34.3,2.6,5.9,Rain,1,0
2026-01-25 22:30:00,40.6689350595144,-73.98333184588736,City_Street,40,33.2,0.17,Low,16.6,82,11.7,0.0,12.0,Clear,1,0
2026-01-25 22:45:00,,,Highway,90,53.7,0.403,Moderate,24.9,55,6.8,0.0,0.3,Fog,1,0
2026-01-25 23:00:00,40.66189852938135,-74.00024281160786,Arterial,60,48.9,0.185,Low,17.6,72,17.8,0.0,13.9,Clear,1,0
2026-01-25 23:15:00,40.663928625147776,-73.98945965948238,Highway,90,39.5,0.561,Heavy,16.1,88,20.1,7.4,3.0,Snow,1,0
2026-01-25 23:30:00,40.658530179249496,-73.98566448363387,Arterial,60,38.3,0.362,Moderate,9.3,44,15.4,2.2,7.3,Rain,1,0
2026-01-25 23:45:00,40.66619970505093,-73.97112511687338,Highway,90,90.0,0.0,Low,13.6,62,16.4,0.0,10.8,Cloudy,1,0
2026-01-26 00:00:00,40.672221221148256,-73.97780685639974,Residential,30,19.3,0.357,Moderate,14.5,58,21.9,0.0,0.8,Fog,0,0
2026-01-26 00:15:00,40.65748476755408,-73.99331206245915,Arterial,60,60.0,0.0,Low,25.8,60,29.6,0.0,13.2,Clear,0,0
2026-01-26 00:30:00,40.67531326151462,-73.97423126415758,City_Street,40,34.7,0.132,Low,23.9,61,21.3,0.0,14.4,Clear,0,0
2026-01-26 00:45:00,40.67406137703397,-73.98320546001233,Highway,90,71.3,0.208,Low,4.9,47,33.7,2.3,7.9,Rain,0,0
2026-01-26 01:00:00,40.67374193123351,-73.97950285256431,Highway,90,90.0,0.0,Low,15.2,71,27.1,0.0,8.8,Cloudy,0,0
2026-01-26 01:15:00,40.66935117605524,-73.9809343855244,Arterial,60,46.4,0.227,Low,3.5,65,2.5,3.8,7.1,Rain,0,0
2026-01-26 01:30:00,40.680871206645634,-73.98965746401133,Residential,30,27.1,0.097,Low,21.5,64,32.2,0.0,14.2,Clear,0,0
2026-01-26 01:45:00,40.66658172087772,-73.99495499669298,City_Street,40,23.7,0.407,Moderate,19.7,98,17.3,17.0,1.3,Heavy Rain,0,0
2026-01-26 02:00:00,40.658349329134296,-73.97559607546249,Residential,30,28.0,0.067,Low,22.0,60,8.6,0.0,8.4,Clear,0,0
2026-01-26 02:15:00,40.68826245619959,-73.96700313599567,Residential,30,25.0,0.167,Low,19.7,54,8.0,0.0,12.0,Cloudy,0,0
2026-01-26 02:30:00,40.66622342679712,-73.9659954801772,Arterial,60,23.4,0.61,Heavy,15.3,61,26.4,5.7,0.9,Snow,0,0
2026-01-26 02:45:00,40.6719221921382,-73.97948077521106,Highway,90,85.7,0.048,Low,19.7,63,3.0,0.0,13.2,Clear,0,0
2026-01-26 03:00:00,40.66361848801615,-73.97840347291532,Arterial,60,57.9,0.035,Low,11.1,46,33.6,0.0,8.7,Cloudy,0,0
2026-01-26 03:15:00,40.667734007074316,-73.98468036358501,City_Street,40,40.0,0.0,Low,19.9,68,18.8,0.0,12.7,Cloudy,0,0
2026-01-26 03:30:00,40.663234727773826,-73.9769988006848,City_Street,40,38.1,0.047,Low,14.1,76,22.2,0.0,12.0,Clear,0,0
2026-01-26 03:45:00,40.68360811792789,-73.97210714783611,Arterial,60,33.5,0.442,Moderate,27.7,51,3.9,0.0,0.3,Fog,0,0
2026-01-26 04:00:00,40.67495454341191,-73.98601815742174,Residential,30,21.3,0.29,Moderate,16.8,54,21.1,0.0,0.5,Fog,0,0
2026-01-26 04:15:00,40.672990648102754,-73.98201808930752,City_Street,40,36.0,0.1,Low,25.9,53,5.9,0.0,9.6,Clear,0,0
2026-01-26 04:30:00,40.67548785802039,-73.99765797870832,Arterial,60,40.8,0.32,Moderate,23.4,84,32.9,6.1,6.9,Rain,0,0
2026-01-26 04:45:00,40.66987785714324,-73.98211501851912,City_Street,40,19.4,0.515,Moderate,8.2,60,8.4,3.7,0.9,Snow,0,0
2026-01-26 05:00:00,40.66690027410703,-73.97047203906666,Residential,30,24.2,0.193,Low,16.2,57,3.3,0.0,14.5,Clear,0,0
2026-01-26 05:15:00,40.66869844985772,-73.98974605530486,Highway,90,87.9,0.023,Low,17.5,52,15.4,0.0,12.9,Clear,0,0
2026-01-26 05:30:00,40.66355784253206,-73.98414159395338,Arterial,60,60.0,0.0,Low,19.8,72,29.0,0.0,14.4,Clear,0,0
2026-01-26 05:45:00,40.66136083895049,-73.9716277618833,City_Street,40,32.2,0.195,Low,25.9,68,26.2,0.0,14.3,Cloudy,0,0
2026-01-26 06:00:00,40.67275798001276,-73.98396609589237,Highway,90,70.7,0.214,Low,16.4,66,20.7,0.0,10.4,Cloudy,0,0
2026-01-26 06:15:00,40.682156180847095,-73.96882356141425,City_Street,40,38.2,0.045,Low,14.3,39,18.5,0.0,10.4,Clear,0,0
2026-01-26 06:30:00,40.66950854316475,-73.96976285437385,Residential,30,27.6,0.08,Low,16.0,65,12.7,0.0,10.4,Cloudy,0,0
2026-01-26 06:45:00,40.67695772072436,-73.96318796196634,City_Street,40,17.5,0.562,Heavy,18.8,42,5.7,2.4,2.4,Snow,0,0
2026-01-26 07:00:00,40.67435517865125,-73.98428859530406,City_Street,40,17.4,0.565,Heavy,19.8,71,25.0,0.0,12.4,Clear,0,1
2026-01-26 07:15:00,40.679447430539135,-73.96982895773303,Residential,30,12.1,0.597,Heavy,11.3,65,19.8,0.0,9.9,Cloudy,0,1
2026-01-26 07:30:00,40.67936080529942,-73.97762972620527,Residential,30,13.4,0.553,Heavy,16.4,59,30.1,0.0,14.7,Cloudy,0,1
2026-01-26 07:45:00,40.6715801823746,-73.99108447989835,Arterial,60,29.4,0.51,Moderate,18.5,70,9.9,0.0,12.1,Clear,0,1
2026-01-26 08:00:00,40.673256343534185,-73.98233447752501,Highway,90,34.7,0.614,Heavy,12.2,46,18.2,0.0,13.1,Clear,0,1
2026-01-26 08:15:00,40.68386011709591,-73.981120704878,City_Street,40,16.2,0.595,Heavy,11.6,71,29.9,0.0,12.7,Cloudy,0,1
2026-01-26 08:30:00,40.66901637317417,-73.96390772296452,Highway,90,31.8,0.647,Heavy,12.0,81,34.5,5.8,6.2,Rain,0,1
2026-01-26 08:45:00,40.67556944385397,-73.97145598930973,Highway,90,37.5,0.583,Heavy,12.8,78,15.5,5.1,7.4,Rain,0,1
2026-01-26 09:00:00,40.68694525883292,-73.96712576824618,Residential,30,14.4,0.52,Moderate,27.7,75,28.4,0.0,12.4,Clear,0,1
2026-01-26 09:15:00,40.69099229353635,-73.98043881892778,Residential,30,14.5,0.517,Moderate,12.9,42,18.6,0.0,11.0,Clear,0,1
2026-01-26 09:30:00,40.66659778051152,-73.98151825503469,Highway,90,36.4,0.596,Heavy,15.4,65,25.6,0.0,11.8,Clear,0,1
2026-01-26 09:45:00,40.69119769137321,-73.97277460915365,Residential,30,6.6,0.78,Heavy,16.3,94,11.3,5.3,1.0,Snow,0,1
2026-01-26 10:00:00,40.676510443652326,-73.96827424372518,Arterial,60,46.2,0.23,Low,5.1,76,20.7,4.7,6.4,Rain,0,0
2026-01-26 10:15:00,40.65892355940913,-73.97838587906482,City_Street,40,37.1,0.073,Low,25.0,61,25.8,0.0,12.4,Clear,0,0
2026-01-26 10:30:00,40.683663064239596,-73.96895885199375,Highway,90,62.9,0.301,Moderate,2.7,76,9.9,4.9,5.6,Rain,0,0
2026-01-26 10:45:00,40.68572520859556,-73.97907143887308,City_Street,40,35.0,0.125,Low,21.5,58,18.1,0.0,8.8,Cloudy,0,0
2026-01-26 11:00:00,40.67727886649324,-73.96253191458068,Residential,30,30.0,0.0,Low,13.7,68,23.0,0.0,12.7,Clear,0,0
2026-01-26 11:15:00,40.679374023966794,-73.96872031896565,Residential,30,25.7,0.143,Low,21.5,52,4.9,0.0,12.4,Clear,0,0
2026-01-26 11:30:00,40.698283195771396,-73.9661524092112,Residential,30,29.1,0.03,Low,15.1,27,6.5,0.0,14.8,Cloudy,0,0
2026-01-26 11:45:00,40.67605906515812,-73.97954532611612,Residential,30,28.2,0.06,Low,24.0,56,9.5,0.0,13.2,Cloudy,0,0
2026-01-26 12:00:00,40.677517561424274,-73.96278387706582,Residential,30,26.8,0.107,Low,14.0,52,27.1,0.0,10.0,Clear,0,0
2026-01-26 12:15:00,40.67457083114313,-73.98425542823428,Highway,90,85.5,0.05,Low,16.5,57,30.6,0.0,12.2,Cloudy,0,0
2026-01-26 12:30:00,40.671801324148944,-73.96599057838924,City_Street,40,34.2,0.145,Low,15.3,66,14.6,0.0,12.5,Cloudy,0,0
2026-01-26 12:45:00,40.67178203590651,-73.96412572749568,Arterial,60,48.2,0.197,Low,20.4,54,24.1,0.0,10.0,Cloudy,0,0
2026-01-26 13:00:00,40.675503338973,-73.95682825517889,City_Street,40,30.9,0.228,Low,12.8,76,21.5,0.0,9.9,Clear,0,0
2026-01-26 13:15:00,40.69097877551857,-73.96346897251478,Highway,90,88.0,0.022,Low,17.6,58,26.9,0.0,11.3,Clear,0,0
2026-01-26 13:30:00,40.69139062606949,-73.9644905001889,City_Street,40,36.8,0.08,Low,25.8,69,28.0,0.0,12.9,Clear,0,0
2026-01-26 13:45:00,40.66156257524384,-73.9536317002886,Arterial,60,38.4,0.36,Moderate,14.2,75,2.8,6.5,5.7,Rain,0,0
2026-01-26 14:00:00,40.7030454196162,-73.96844524383002,Arterial,60,48.8,0.187,Low,16.0,85,16.2,7.0,5.1,Rain,0,0
2026-01-26 14:15:00,40.69068337104016,-73.95874028552798,City_Street,40,32.5,0.188,Low,21.3,65,34.4,0.0,9.7,Cloudy,0,0
2026-01-26 14:30:00,40.66899744509131,-73.95798596065985,Arterial,60,55.3,0.078,Low,28.2,59,12.7,0.0,11.7,Cloudy,0,0
2026-01-26 14:45:00,40.69432264328527,-73.95872328455702,City_Street,40,30.7,0.233,Low,19.5,62,26.1,0.0,13.2,Clear,0,0
2026-01-26 15:00:00,,,City_Street,40,34.2,0.145,Low,17.9,43,27.6,0.0,10.0,Cloudy,0,0
2026-01-26 15:15:00,40.68940708108844,-73.96987847811255,Highway,90,82.6,0.082,Low,27.1,71,19.5,0.0,8.3,Clear,0,0
2026-01-26 15:30:00,40.68015445718554,-73.94984095009357,City_Street,40,38.1,0.047,Low,25.4,65,5.0,0.0,13.6,Clear,0,0
2026-01-26 15:45:00,40.67836909725761,-73.96549555315165,Highway,90,75.4,0.162,Low,11.2,63,33.1,5.3,6.7,Rain,0,0
2026-01-26 16:00:00,40.69462029155122,-73.95574599493719,Residential,30,29.5,0.017,Low,20.1,82,33.6,0.0,12.5,Clear,0,0
2026-01-26 16:15:00,40.69260049162404,-73.9586210518146,Residential,30,19.9,0.337,Moderate,13.4,95,24.4,2.4,7.6,Rain,0,0
2026-01-26 16:30:00,40.67654847758459,-73.9674338075312,Residential,30,29.0,0.033,Low,29.1,73,16.3,0.0,10.1,Cloudy,0,0
2026-01-26 16:45:00,40.69285404401956,-73.9548698465294,City_Street,40,31.6,0.21,Low,18.7,61,14.6,0.0,13.5,Clear,0,0
2026-01-26 17:00:00,40.68101081856152,-73.95019795586546,Arterial,60,22.9,0.618,Heavy,5.8,37,4.8,2.2,6.1,Rain,0,1
2026-01-26 17:15:00,40.6907036060653,-73.96604285689016,Residential,30,12.7,0.577,Heavy,14.1,70,15.8,0.0,8.1,Clear,0,1
2026-01-26 17:30:00,40.692349170629136,-73.95337322820396,Arterial,60,17.9,0.702,Heavy,18.0,100,14.0,18.3,2.9,Heavy Rain,0,1
2026-01-26 17:45:00,40.70689666865133,-73.96766287434482,City_Street,40,12.4,0.69,Heavy,17.4,49,19.1,0.0,1.3,Fog,0,1
2026-01-26 18:00:00,40.69819818061978,-73.94539811318572,Residential,30,14.4,0.52,Moderate,19.1,58,6.1,0.0,9.4,Clear,0,1
2026-01-26 18:15:00,40.681334336270126,-73.94826271230139,Highway,90,43.9,0.512,Moderate,19.9,55,18.5,0.0,13.2,Cloudy,0,1
2026-01-26 18:30:00,40.70317333310057,-73.96702617503122,Highway,90,42.2,0.531,Moderate,20.3,67,30.0,0.0,11.7,Clear,0,1
2026-01-26 18:45:00,40.70418817808362,-73.95488152703182,Residential,30,12.9,0.57,Heavy,12.1,92,31.0,0.0,14.1,Clear,0,1
2026-01-26 19:00:00,,,City_Street,40,9.9,0.752,Heavy,17.4,67,27.5,4.8,0.7,Snow,0,1
2026-01-26 19:15:00,40.70366207948104,-73.95828121712155,City_Street,40,18.3,0.542,Moderate,23.0,96,3.3,0.0,13.0,Clear,0,1
2026-01-26 19:30:00,40.692588476196505,-73.9665769163727,Residential,30,8.1,0.73,Heavy,15.2,91,11.6,18.9,1.9,Heavy Rain,0,1
2026-01-26 19:45:00,40.70059510477061,-73.95498609243486,Arterial,60,27.7,0.538,Moderate,19.6,40,22.5,0.0,8.4,Clear,0,1
2026-01-26 20:00:00,40.695472570333905,-73.96827235209356,Arterial,60,54.9,0.085,Low,25.8,57,15.8,0.0,9.4,Cloudy,0,0
2026-01-26 20:15:00,40.7038278663002,-73.95839622162296,City_Street,40,31.9,0.203,Low,21.3,76,16.3,3.7,4.6,Rain,0,0
2026-01-26 20:30:00,40.70211118760351,-73.95659859807354,Arterial,60,35.5,0.408,Moderate,13.7,88,25.8,19.6,2.1,Heavy Rain,0,0
2026-01-26 20:45:00,40.70279040096701,-73.94864828051956,Arterial,60,58.9,0.018,Low,22.5,81,2.0,0.0,9.7,Cloudy,0,0
2026-01-26 21:00:00,40.69263666017121,-73.95258051612596,City_Street,40,32.4,0.19,Low,16.4,56,6.9,5.8,7.0,Rain,0,0
2026-01-26 21:15:00,40.70835933945836,-73.94468598549867,Arterial,60,56.2,0.063,Low,18.2,52,2.6,0.0,12.3,Cloudy,0,0
2026-01-26 21:30:00,40.698181821674446,-73.98227342170115,City_Street,40,20.0,0.5,Moderate,16.7,74,16.8,6.1,2.7,Snow,0,0
2026-01-26 21:45:00,40.69014675047196,-73.96303016621886,City_Street,40,34.2,0.145,Low,17.9,36,21.3,0.0,10.3,Clear,0,0
2026-01-26 22:00:00,40.69939432697605,-73.96786919080874,Residential,30,29.6,0.013,Low,20.3,78,12.8,0.0,13.5,Cloudy,0,0
2026-01-26 22:15:00,40.70621125304073,-73.95304863784837,Highway,90,73.3,0.186,Low,20.4,31,14.7,0.0,8.9,Clear,0,0
2026-01-26 22:30:00,40.69783333967593,-73.94719444641883,Arterial,60,58.1,0.032,Low,15.0,78,7.8,0.0,14.9,Clear,0,0
2026-01-26 22:45:00,40.710873654938894,-73.95788803708668,Residential,30,28.0,0.067,Low,21.5,54,7.1,0.0,9.6,Clear,0,0
2026-01-26 23:00:00,40.69131656009681,-73.95899884476594,Arterial,60,40.8,0.32,Moderate,19.9,70,26.1,0.0,0.6,Fog,0,0
2026-01-26 23:15:00,40.69922574340619,-73.94228927763027,Highway,90,45.8,0.491,Moderate,9.7,75,9.1,6.1,1.3,Snow,0,0
2026-01-26 23:30:00,40.7050371187256,-73.97388318294577,Residential,30,15.6,0.48,Moderate,10.8,100,21.9,16.9,3.1,Heavy Rain,0,0
2026-01-26 23:45:00,40.70484099512762,-73.96019749294308,Highway,90,57.1,0.366,Moderate,13.9,72,23.8,5.9,7.4,Rain,0,0
2026-01-27 00:00:00,40.69292389721117,-73.95242195309412,Highway,90,81.6,0.093,Low,22.6,61,13.7,0.0,11.7,Cloudy,0,0
2026-01-27 00:15:00,40.702589166534345,-73.95219715539264,Highway,90,73.3,0.186,Low,21.2,65,24.5,0.0,14.5,Clear,0,0
2026-01-27 00:30:00,40.71052973979492,-73.94601699079547,Residential,30,25.0,0.167,Low,7.0,42,32.7,3.0,6.4,Rain,0,0
2026-01-27 00:45:00,40.697696628080266,-73.96644573897166,City_Street,40,16.5,0.588,Heavy,23.0,50,16.6,3.1,1.7,Snow,0,0
2026-01-27 01:00:00,40.70244481637612,-73.96154552265861,City_Street,40,27.9,0.302,Moderate,18.0,78,12.8,7.6,5.8,Rain,0,0
2026-01-27 01:15:00,40.70834073477974,-73.94979079453661,Residential,30,26.3,0.123,Low,20.6,56,8.1,0.0,8.4,Clear,0,0
2026-01-27 01:30:00,40.698508958611846,-73.94819066924185,Residential,30,28.9,0.037,Low,14.5,57,33.3,0.0,11.4,Cloudy,0,0
2026-01-27 01:45:00,40.71135388293917,-73.94269876168391,City_Street,40,37.3,0.068,Low,30.4,58,14.7,0.0,9.5,Clear,0,0
2026-01-27 02:00:00,40.70387393557925,-73.95806148996506,City_Street,40,26.9,0.328,Moderate,14.5,62,27.4,0.0,0.9,Fog,0,0
2026-01-27 02:15:00,40.71228501242456,-73.95337459391781,City_Street,40,35.6,0.11,Low,5.9,72,29.5,0.0,10.2,Clear,0,0
2026-01-27 02:30:00,40.70953469293937,-73.95349624640906,Highway,90,84.3,0.063,Low,20.0,44,23.6,0.0,13.7,Clear,0,0
2026-01-27 02:45:00,40.7084653001296,-73.95066484213059,Residential,30,17.4,0.42,Moderate,14.3,55,27.3,0.0,0.6,Fog,0,0
2026-01-27 03:00:00,40.71231273301923,-73.95202664336502,Arterial,60,47.6,0.207,Low,24.2,38,18.6,0.0,13.8,Clear,0,0
2026-01-27 03:15:00,40.71235943394368,-73.95230900143157,Highway,90,79.9,0.112,Low,24.7,28,17.0,0.0,8.8,Cloudy,0,0
2026-01-27 03:30:00,40.70374406382609,-73.95244295603308,City_Street,40,31.8,0.205,Low,19.0,50,7.8,0.0,8.2,Cloudy,0,0
2026-01-27 03:45:00,40.721878901041826,-73.9595783424491,City_Street,40,24.7,0.383,Moderate,23.2,70,28.9,13.2,1.8,Heavy Rain,0,0
2026-01-27 04:00:00,40.71235400973965,-73.96052643998952,City_Street,40,18.0,0.55,Heavy,12.5,44,21.8,4.0,0.8,Snow,0,0
2026-01-27 04:15:00,40.709190347703455,-73.95778776606576,Highway,90,37.8,0.58,Heavy,11.7,81,19.8,9.8,0.7,Snow,0,0
2026-01-27 04:30:00,40.71024325391607,-73.9556960936814,Residential,30,21.5,0.283,Moderate,15.9,76,21.9,2.5,4.9,Rain,0,0
2026-01-27 04:45:00,40.727928734858786,-73.96050988109519,Residential,30,30.0,0.0,Low,20.1,88,22.2,0.0,8.1,Clear,0,0
2026-01-27 05:00:00,40.70433833368492,-73.95550114021759,Highway,90,89.2,0.009,Low,27.5,30,4.3,0.0,12.1,Clear,0,0
2026-01-27 05:15:00,40.716228778145705,-73.97264441885237,Residential,30,23.1,0.23,Low,31.8,59,3.4,0.0,9.0,Clear,0,0
2026-01-27 05:30:00,40.72441874517338,-73.95577919014337,City_Street,40,35.4,0.115,Low,24.9,84,32.7,0.0,8.6,Clear,0,0
2026-01-27 05:45:00,40.714489228199156,-73.95113307340003,City_Street,40,35.2,0.12,Low,21.4,45,6.6,0.0,15.0,Clear,0,0
2026-01-27 06:00:00,40.72331844023847,-73.95024953703341,City_Street,40,26.6,0.335,Moderate,18.0,32,11.4,4.0,5.9,Rain,0,0
2026-01-27 06:15:00,40.721440384793965,-73.94446192132415,Arterial,60,49.4,0.177,Low,26.9,66,2.9,0.0,10.2,Clear,0,0
2026-01-27 06:30:00,40.71868412309493,-73.94669421023276,City_Street,40,35.6,0.11,Low,25.7,40,27.8,0.0,14.3,Cloudy,0,0
2026-01-27 06:45:00,40.727492638160086,-73.95953789729515,City_Street,40,39.5,0.012,Low,24.8,63,20.3,0.0,8.6,Clear,0,0
2026-01-27 07:00:00,40.712252053919215,-73.95676660146323,Arterial,60,25.6,0.573,Heavy,24.0,51,17.3,0.0,14.9,Clear,0,1
2026-01-27 07:15:00,40.71828144163902,-73.95145301763021,Highway,90,28.3,0.686,Heavy,21.2,69,28.2,0.0,0.6,Fog,0,1
2026-01-27 07:30:00,40.707355082116585,-73.96022302956949,City_Street,40,20.5,0.488,Moderate,27.9,78,30.3,0.0,8.3,Cloudy,0,1
2026-01-27 07:45:00,40.72190187678544,-73.94535243719402,Highway,90,36.7,0.592,Heavy,21.0,70,13.1,0.0,13.1,Cloudy,0,1
2026-01-27 08:00:00,40.71251147293683,-73.9634512860243,City_Street,40,19.3,0.517,Moderate,22.6,58,20.2,0.0,11.1,Clear,0,1
2026-01-27 08:15:00,40.721992192378806,-73.96072400483531,Arterial,60,25.2,0.58,Heavy,23.5,60,25.9,0.0,12.3,Clear,0,1
2026-01-27 08:30:00,40.72384154969467,-73.95255868635482,Residential,30,7.2,0.76,Heavy,10.8,98,4.9,10.1,2.3,Heavy Rain,0,1
2026-01-27 08:45:00,40.70881113330661,-73.95631966459115,Residential,30,13.2,0.56,Heavy,24.8,82,9.9,0.0,11.1,Clear,0,1
2026-01-27 09:00:00,40.7152391174961,-73.96159342074955,Highway,90,23.7,0.737,Heavy,22.1,100,30.6,23.5,3.2,Heavy Rain,0,1
2026-01-27 09:15:00,40.71251130198259,-73.9549077874222,Arterial,60,19.3,0.678,Heavy,11.9,65,13.1,0.0,0.2,Fog,0,1
2026-01-27 09:30:00,40.71627290631089,-73.9495556821907,Arterial,60,24.4,0.593,Heavy,15.6,88,26.3,5.5,4.8,Rain,0,1
2026-01-27 09:45:00,40.72602456458563,-73.97311192055439,City_Street,40,16.9,0.578,Heavy,26.0,81,5.0,0.0,13.4,Clear,0,1
2026-01-27 10:00:00,40.73321458788877,-73.95291569020449,Arterial,60,55.6,0.073,Low,16.9,74,27.0,0.0,15.0,Clear,0,0
2026-01-27 10:15:00,40.73124906055784,-73.94452699075168,Residential,30,19.8,0.34,Moderate,19.2,58,29.3,0.0,0.6,Fog,0,0
2026-01-27 10:30:00,40.719290752026104,-73.95244694238453,Highway,90,36.6,0.593,Heavy,22.3,78,29.1,9.7,2.2,Snow,0,0
2026-01-27 10:45:00,40.735686169509776,-73.94837470959617,Arterial,60,39.1,0.348,Moderate,11.7,89,28.8,2.3,7.0,Rain,0,0
2026-01-27 11:00:00,40.725753727749805,-73.95920917797146,Highway,90,72.1,0.199,Low,13.2,74,7.1,0.0,9.7,Clear,0,0
2026-01-27 11:15:00,40.72396645895517,-73.9542851716351,Arterial,60,60.0,0.0,Low,18.3,78,34.4,0.0,10.4,Clear,0,0
2026-01-27 11:30:00,40.72441323120299,-73.95894679045857,Residential,30,24.0,0.2,Low,20.8,68,14.4,0.0,12.4,Cloudy,0,0
2026-01-27 11:45:00,40.71538650653831,-73.96820503299286,City_Street,40,22.1,0.448,Moderate,19.6,50,31.5,0.0,0.5,Fog,0,0
2026-01-27 12:00:00,40.73797720942895,-73.96946517104527,Highway,90,69.5,0.228,Low,20.0,73,16.4,0.0,11.4,Cloudy,0,0
2026-01-27 12:15:00,40.73251796146824,-73.957552827988,Highway,90,48.3,0.463,Moderate,8.9,68,25.7,15.9,3.2,Heavy Rain,0,0
2026-01-27 12:30:00,40.720721652459645,-73.9352046512108,Highway,90,69.0,0.233,Low,11.2,71,22.2,0.0,14.7,Cloudy,0,0
2026-01-27 12:45:00,40.731670906804105,-73.96284697925692,Highway,90,75.1,0.166,Low,22.8,40,14.6,0.0,13.9,Clear,0,0
2026-01-27 13:00:00,40.725895195741515,-73.95301466845515,Arterial,60,42.7,0.288,Moderate,21.1,35,22.5,0.0,0.2,Fog,0,0
2026-01-27 13:15:00,40.72723984477144,-73.95895141242404,Highway,90,73.7,0.181,Low,20.7,56,32.3,6.7,7.0,Rain,0,0
2026-01-27 13:30:00,40.73628523621171,-73.95708177161006,Highway,90,90.0,0.0,Low,22.7,68,9.8,0.0,9.2,Clear,0,0
2026-01-27 13:45:00,40.73746183459783,-73.9677198626052,City_Street,40,38.3,0.043,Low,29.2,67,20.8,0.0,9.9,Clear,0,0
2026-01-27 14:00:00,40.73933191319404,-73.95940406804203,City_Street,40,30.8,0.23,Low,11.5,45,18.3,5.9,5.5,Rain,0,0
2026-01-27 14:15:00,40.73057826856656,-73.96303582853511,Residential,30,24.1,0.197,Low,28.3,50,11.1,0.0,8.1,Clear,0,0
2026-01-27 14:30:00,40.73913882112804,-73.95878027235418,City_Street,40,37.7,0.057,Low,11.6,53,14.5,0.0,14.6,Clear,0,0
2026-01-27 14:45:00,40.74382190174358,-73.9655307609641,Arterial,60,57.9,0.035,Low,16.7,38,17.8,0.0,8.4,Clear,0,0
2026-01-27 15:00:00,40.73328115555745,-73.9609231947862,Highway,90,46.1,0.488,Moderate,8.9,93,12.1,24.8,3.0,Heavy Rain,0,0
2026-01-27 15:15:00,40.73102142610246,-73.96483635847349,Residential,30,29.6,0.013,Low,15.7,49,24.5,0.0,9.4,Clear,0,0
2026-01-27 15:30:00,40.72564518196403,-73.95053784000905,Highway,90,75.9,0.157,Low,24.2,39,13.1,0.0,10.7,Cloudy,0,0
2026-01-27 15:45:00,40.74117493511525,-73.96100138162836,City_Street,40,38.4,0.04,Low,14.8,75,12.7,0.0,9.7,Clear,0,0
2026-01-27 16:00:00,40.728556236770146,-73.95317786514899,Highway,90,83.9,0.068,Low,15.0,48,8.3,0.0,9.9,Clear,0,0
2026-01-27 16:15:00,40.74007631204784,-73.96802162656833,Arterial,60,56.2,0.063,Low,22.2,87,23.3,0.0,8.2,Clear,0,0
2026-01-27 16:30:00,40.743186861546,-73.95786593521339,Arterial,60,52.2,0.13,Low,26.3,65,27.0,0.0,10.9,Cloudy,0,0
2026-01-27 16:45:00,40.73165959067598,-73.96863134625708,City_Street,40,35.4,0.115,Low,23.4,76,20.0,0.0,10.3,Clear,0,0
2026-01-27 17:00:00,40.74992675238274,-73.96070743900498,Arterial,60,25.9,0.568,Heavy,17.1,88,26.4,0.0,14.1,Clear,0,1
2026-01-27 17:15:00,40.72985156571849,-73.96199884536586,City_Street,40,16.0,0.6,Heavy,26.2,65,9.3,3.8,5.4,Rain,0,1
2026-01-27 17:30:00,40.75233952651978,-73.96303962407818,Highway,90,42.6,0.527,Moderate,37.9,75,9.7,0.0,14.9,Clear,0,1
2026-01-27 17:45:00,40.72963230321823,-73.96603020819113,Highway,90,45.6,0.493,Moderate,21.3,49,28.8,0.0,11.0,Cloudy,0,1
2026-01-27 18:00:00,40.735299195371596,-73.97281303721249,Highway,90,41.9,0.534,Moderate,16.5,59,2.9,0.0,11.3,Clear,0,1
2026-01-27 18:15:00,40.74241330457076,-73.95572009248941,Highway,90,31.4,0.651,Heavy,15.8,60,15.0,2.2,4.9,Rain,0,1
2026-01-27 18:30:00,40.751740005767935,-73.96287446400784,City_Street,40,19.9,0.503,Moderate,17.0,70,7.6,0.0,14.1,Clear,0,1
2026-01-27 18:45:00,40.7383062706184,-73.96495150676122,Arterial,60,28.0,0.533,Moderate,22.4,78,30.2,0.0,9.1,Cloudy,0,1
2026-01-27 19:00:00,40.744506907399575,-73.96210449450912,Residential,30,13.6,0.547,Moderate,28.3,79,8.4,0.0,8.9,Cloudy,0,1
2026-01-27 19:15:00,40.75121213717856,-73.97360927836381,City_Street,40,12.6,0.685,Heavy,13.8,81,24.8,5.9,4.6,Rain,0,1
2026-01-27 19:30:00,40.755282748741735,-73.95686801530394,Residential,30,13.1,0.563,Heavy,19.4,48,18.1,0.0,9.8,Cloudy,0,1
2026-01-27 19:45:00,40.745634718689274,-73.96111411519999,Highway,90,40.7,0.548,Moderate,17.6,20,5.6,0.0,14.5,Clear,0,1
2026-01-27 20:00:00,40.74085822313151,-73.97317767095763,Residential,30,12.2,0.593,Heavy,15.7,76,31.7,6.1,2.3,Snow,0,0
2026-01-27 20:15:00,40.738472151870226,-73.96795683987472,City_Street,40,30.7,0.233,Low,8.7,49,11.9,1.7,5.4,Rain,0,0
2026-01-27 20:30:00,40.73375601769026,-73.95412651608153,City_Street,40,30.7,0.233,Low,15.9,57,15.9,6.2,5.6,Rain,0,0
2026-01-27 20:45:00,40.73866596326481,-73.96327832204761,Highway,90,79.0,0.122,Low,18.6,76,9.1,0.0,14.9,Cloudy,0,0
2026-01-27 21:00:00,40.744391612230395,-73.95879950392822,Highway,90,88.4,0.018,Low,12.6,64,28.3,0.0,12.2,Cloudy,0,0
2026-01-27 21:15:00,40.74463917413636,-73.9678783649249,Highway,90,90.0,0.0,Low,27.9,71,3.3,0.0,10.8,Clear,0,0
2026-01-27 21:30:00,40.74549977731835,-73.96108936713314,Highway,90,83.9,0.068,Low,9.6,57,31.8,0.0,13.0,Clear,0,0
2026-01-27 21:45:00,40.73389616333989,-73.97048657698018,City_Street,40,37.7,0.057,Low,13.3,58,15.5,0.0,12.1,Clear,0,0
2026-01-27 22:00:00,40.75831455942347,-73.97259112703146,Highway,90,90.0,0.0,Low,23.0,64,30.4,0.0,10.3,Cloudy,0,0
2026-01-27 22:15:00,40.74675292908043,-73.9644701474127,City_Street,40,29.1,0.272,Moderate,10.5,61,29.2,4.8,6.3,Rain,0,0
2026-01-27 22:30:00,40.759279154296486,-73.96248220571786,Residential,30,25.0,0.167,Low,20.5,69,9.3,2.6,7.3,Rain,0,0
2026-01-27 22:45:00,40.75689111080357,-73.96087608295656,Arterial,60,51.8,0.137,Low,22.9,58,8.0,0.0,10.2,Cloudy,0,0
2026-01-27 23:00:00,40.760691266283985,-73.98039228990953,Highway,90,89.4,0.007,Low,18.4,80,19.3,0.0,14.9,Clear,0,0
2026-01-27 23:15:00,40.75448393458184,-73.97001738796256,City_Street,40,39.0,0.025,Low,14.3,39,35.0,0.0,14.4,Clear,0,0
2026-01-27 23:30:00,40.74816408671913,-73.96885973930391,Residential,30,14.3,0.523,Moderate,13.6,94,31.2,11.1,3.6,Heavy Rain,0,0
2026-01-27 23:45:00,,,City_Street,40,35.7,0.107,Low,17.8,53,9.9,0.0,13.1,Clear,0,0
2026-01-28 00:00:00,,,Residential,30,25.0,0.167,Low,23.1,48,7.3,0.0,11.3,Clear,0,0
2026-01-28 00:15:00,40.73646294488561,-73.96904688524238,Residential,30,25.1,0.163,Low,20.2,45,26.1,0.0,12.1,Clear,0,0
2026-01-28 00:30:00,40.73342812108673,-73.97057248092315,Arterial,60,33.1,0.448,Moderate,19.0,93,23.6,13.6,3.1,Heavy Rain,0,0
2026-01-28 00:45:00,40.75665802349185,-73.98219455042945,Highway,90,58.9,0.346,Moderate,17.4,76,30.4,1.5,4.8,Rain,0,0
2026-01-28 01:00:00,40.74318815386945,-73.96880166650868,Residential,30,16.8,0.44,Moderate,13.3,100,17.7,24.9,2.5,Heavy Rain,0,0
2026-01-28 01:15:00,40.74144236265767,-73.9563850142201,Highway,90,78.5,0.128,Low,26.0,42,20.6,0.0,14.6,Clear,0,0
2026-01-28 01:30:00,40.76460853125137,-73.96879044304407,Highway,90,81.1,0.099,Low,17.4,47,13.4,0.0,11.3,Clear,0,0
2026-01-28 01:45:00,40.750826558235104,-73.98176145234338,Residential,30,27.9,0.07,Low,20.7,59,8.0,0.0,10.9,Clear,0,0
2026-01-28 02:00:00,40.74130802728505,-73.98298114476577,Residential,30,30.0,0.0,Low,30.8,57,5.5,0.0,8.3,Cloudy,0,0
2026-01-28 02:15:00,40.74810621747229,-73.97345419120192,City_Street,40,32.0,0.2,Low,11.2,53,18.0,0.0,13.1,Clear,0,0
2026-01-28 02:30:00,40.754093353198826,-73.97302532474217,City_Street,40,32.4,0.19,Low,22.7,65,2.9,0.0,9.2,Cloudy,0,0
2026-01-28 02:45:00,40.74514601287148,-73.97820378498095,Highway,90,34.6,0.616,Heavy,18.7,63,8.2,10.4,1.1,Snow,0,0
2026-01-28 03:00:00,40.75048198905695,-73.97059438318175,Highway,90,87.2,0.031,Low,21.4,47,28.8,0.0,10.4,Cloudy,0,0
2026-01-28 03:15:00,40.737466041754956,-73.97418438581434,City_Street,40,30.7,0.233,Low,25.6,63,19.0,0.0,10.7,Cloudy,0,0
2026-01-28 03:30:00,40.753387176340226,-73.96788397842278,City_Street,40,40.0,0.0,Low,28.1,55,23.2,0.0,13.0,Clear,0,0
2026-01-28 03:45:00,40.75276056607773,-73.97653799491728,Arterial,60,46.9,0.218,Low,14.3,60,21.7,0.0,11.0,Clear,0,0
2026-01-28 04:00:00,40.7580690732077,-73.97871042606592,Arterial,60,59.2,0.013,Low,22.2,53,3.1,0.0,9.9,Clear,0,0
2026-01-28 04:15:00,40.74876289221984,-73.96702025516902,City_Street,40,32.6,0.185,Low,12.5,42,34.5,0.0,15.0,Clear,0,0
2026-01-28 04:30:00,40.756799228798826,-73.97491340647538,Highway,90,37.8,0.58,Heavy,9.6,72,31.7,7.9,3.0,Snow,0,0
2026-01-28 04:45:00,40.74427084635743,-73.97938108591165,Arterial,60,53.6,0.107,Low,19.3,62,13.5,0.0,13.3,Clear,0,0
2026-01-28 05:00:00,40.76541265055351,-73.9752368236391,Highway,90,78.1,0.132,Low,28.4,40,23.7,0.0,10.2,Clear,0,0
2026-01-28 05:15:00,40.74901121906454,-73.96272101053293,Residential,30,23.8,0.207,Low,15.5,59,24.0,0.0,14.7,Clear,0,0
2026-01-28 05:30:00,40.75564618795677,-73.97134163727226,Residential,30,19.7,0.343,Moderate,30.7,69,25.4,0.0,1.0,Fog,0,0
2026-01-28 05:45:00,40.76269951156831,-73.97561050300915,Highway,90,69.3,0.23,Low,18.1,58,27.9,0.0,12.9,Clear,0,0
2026-01-28 06:00:00,40.76387901922236,-73.96762593275827,Residential,30,19.9,0.337,Moderate,11.4,79,19.8,4.2,6.6,Rain,0,0
2026-01-28 06:15:00,40.7488604030671,-73.98358736655977,City_Street,40,22.9,0.427,Moderate,8.2,80,18.7,10.2,2.8,Heavy Rain,0,0
2026-01-28 06:30:00,40.74953816877129,-73.98340646777991,Arterial,60,60.0,0.0,Low,19.6,50,28.7,0.0,13.2,Clear,0,0
2026-01-28 06:45:00,40.757667713064066,-73.97764458594784,Highway,90,72.7,0.192,Low,17.7,67,8.3,0.0,9.7,Clear,0,0
2026-01-28 07:00:00,40.7648554786222,-73.976112593708,City_Street,40,17.0,0.575,Heavy,17.2,79,13.9,0.0,11.0,Cloudy,0,1
2026-01-28 07:15:00,40.74964271683393,-73.98815163593771,City_Street,40,17.2,0.57,Heavy,20.6,70,34.7,0.0,14.9,Clear,0,1
2026-01-28 07:30:00,40.75868977544651,-73.9796139762617,Residential,30,12.0,0.6,Heavy,12.2,72,18.1,7.8,6.3,Rain,0,1
2026-01-28 07:45:00,40.7582154793986,-73.98996231626569,City_Street,40,16.9,0.578,Heavy,19.3,46,11.7,0.0,11.9,Clear,0,1
2026-01-28 08:00:00,40.76726443840501,-73.97644421922483,Residential,30,15.0,0.5,Moderate,18.8,66,10.1,0.0,13.2,Clear,0,1
2026-01-28 08:15:00,40.75508111405473,-73.99787302925118,Highway,90,38.7,0.57,Heavy,23.2,34,14.0,0.0,13.8,Clear,0,1
2026-01-28 08:30:00,40.75347428020673,-73.98007863865097,Highway,90,42.4,0.529,Moderate,19.9,51,24.8,0.0,9.8,Clear,0,1
2026-01-28 08:45:00,40.75960200862049,-73.97741344456426,City_Street,40,19.8,0.505,Moderate,8.3,42,28.8,0.0,12.2,Clear,0,1
2026-01-28 09:00:00,40.75011072935919,-73.97918019930034,Arterial,60,27.6,0.54,Moderate,25.3,34,21.1,0.0,12.1,Clear,0,1
2026-01-28 09:15:00,40.74814808123987,-73.98293290586778,Highway,90,20.7,0.77,Heavy,6.9,100,4.9,15.1,2.2,Heavy Rain,0,1
2026-01-28 09:30:00,40.75766069395272,-73.98650358952246,Arterial,60,29.9,0.502,Moderate,14.8,52,8.5,0.0,8.5,Clear,0,1
2026-01-28 09:45:00,40.748634927029876,-73.98818494657081,Highway,90,36.3,0.597,Heavy,16.6,62,33.9,0.0,8.5,Cloudy,0,1
2026-01-28 10:00:00,40.7493685552116,-73.99632774154588,Highway,90,77.9,0.134,Low,12.8,85,4.1,0.0,11.9,Clear,0,0
2026-01-28 10:15:00,40.752622906962266,-73.98186128957286,Residential,30,30.0,0.0,Low,20.3,45,5.7,0.0,12.7,Clear,0,0
2026-01-28 10:30:00,40.755968557415024,-73.99390535444704,City_Street,40,32.0,0.2,Low,6.7,89,19.6,2.8,6.3,Rain,0,0
2026-01-28 10:45:00,40.75234573863073,-73.99506175339653,Highway,90,73.8,0.18,Low,30.3,62,25.4,0.0,13.4,Clear,0,0
2026-01-28 11:00:00,40.75267977351497,-73.9850899054755,City_Street,40,31.8,0.205,Low,26.4,54,14.1,0.0,11.4,Clear,0,0
2026-01-28 11:15:00,40.7744272151745,-73.98501904450221,City_Street,40,31.3,0.218,Low,13.1,48,12.5,0.0,14.6,Cloudy,0,0
2026-01-28 11:30:00,40.74908825576192,-73.979454221955,City_Street,40,23.1,0.422,Moderate,15.9,99,32.9,0.0,1.3,Fog,0,0
2026-01-28 11:45:00,40.7674504223676,-74.00687802655223,Arterial,60,60.0,0.0,Low,15.7,69,20.0,0.0,12.6,Cloudy,0,0
2026-01-28 12:00:00,40.75907525562328,-74.00319235435137,Residential,30,23.0,0.233,Low,17.0,32,17.2,0.0,9.9,Clear,0,0
2026-01-28 12:15:00,40.748141988100876,-73.9805540749531,Residential,30,28.2,0.06,Low,14.5,96,17.4,0.0,12.5,Clear,0,0
2026-01-28 12:30:00,40.76148050196056,-73.98191045670973,Residential,30,30.0,0.0,Low,13.9,71,4.9,0.0,12.5,Clear,0,0
2026-01-28 12:45:00,40.76535031233293,-73.98378389397116,Highway,90,87.4,0.029,Low,24.6,53,10.0,0.0,14.7,Clear,0,0
2026-01-28 13:00:00,40.77880340986754,-74.00851759821674,City_Street,40,28.4,0.29,Moderate,7.8,82,26.1,1.2,4.5,Rain,0,0
2026-01-28 13:15:00,40.762403289097655,-73.98203314659298,Residential,30,24.8,0.173,Low,21.7,58,25.2,1.7,6.5,Rain,0,0
2026-01-28 13:30:00,40.76266731938852,-73.9789766794722,Residential,30,20.8,0.307,Moderate,21.1,68,10.1,0.0,1.1,Fog,0,0
2026-01-28 13:45:00,40.763111827201,-74.00003718543063,Residential,30,23.9,0.203,Low,21.8,57,19.5,3.9,7.4,Rain,0,0
2026-01-28 14:00:00,40.755616598794425,-74.00588387149138,Residential,30,19.8,0.34,Moderate,24.5,100,17.9,3.5,5.7,Rain,0,0
2026-01-28 14:15:00,40.764983367098466,-73.99607375751107,Arterial,60,54.3,0.095,Low,16.1,75,18.5,0.0,14.9,Cloudy,0,0
2026-01-28 14:30:00,40.75635008734696,-73.99493812225474,City_Street,40,34.6,0.135,Low,21.4,28,24.3,0.0,9.8,Clear,0,0
2026-01-28 14:45:00,40.75881849783269,-73.99872630757137,City_Street,40,39.6,0.01,Low,20.8,49,33.8,0.0,15.0,Cloudy,0,0
2026-01-28 15:00:00,40.767477643010295,-73.99619478483372,Arterial,60,51.8,0.137,Low,19.4,43,33.4,0.0,13.1,Cloudy,0,0
2026-01-28 15:15:00,40.75535335714548,-73.98677651129617,Highway,90,80.4,0.107,Low,19.1,44,28.6,0.0,10.0,Clear,0,0
2026-01-28 15:30:00,40.76768942000115,-74.00156870768922,Highway,90,83.1,0.077,Low,22.2,60,4.7,0.0,13.0,Clear,0,0
2026-01-28 15:45:00,40.758657314796665,-73.99456530938161,Arterial,60,47.3,0.212,Low,31.9,61,8.3,0.0,14.3,Clear,0,0
2026-01-28 16:00:00,40.772114126313085,-74.01366971332116,Arterial,60,51.5,0.142,Low,28.0,61,5.0,0.0,10.2,Cloudy,0,0
2026-01-28 16:15:00,40.739583860586926,-74.00788595834504,Highway,90,75.6,0.16,Low,20.3,61,8.0,0.0,10.3,Clear,0,0
2026-01-28 16:30:00,40.767394422921,-74.014310628673,City_Street,40,19.2,0.52,Moderate,14.5,64,26.4,8.2,2.0,Snow,0,0
2026-01-28 16:45:00,40.76460487381846,-73.99770603494066,Residential,30,24.7,0.177,Low,15.1,100,20.4,3.6,4.9,Rain,0,0
2026-01-28 17:00:00,40.76654399168603,-74.01010032468328,Arterial,60,24.0,0.6,Heavy,19.2,65,30.7,0.0,10.4,Clear,0,1
2026-01-28 17:15:00,40.76223710811707,-74.00618259527555,Highway,90,41.3,0.541,Moderate,23.5,72,15.1,0.0,14.3,Clear,0,1
2026-01-28 17:30:00,40.76588642847301,-74.00132784342229,Arterial,60,26.0,0.567,Heavy,25.9,54,31.9,0.0,14.3,Cloudy,0,1
2026-01-28 17:45:00,40.75147258423952,-73.99381014850339,Highway,90,42.5,0.528,Moderate,19.3,63,13.9,0.0,12.0,Clear,0,1
2026-01-28 18:00:00,40.759830631612374,-74.00647834328569,City_Street,40,16.4,0.59,Heavy,17.4,78,26.2,3.9,4.0,Rain,0,1
2026-01-28 18:15:00,40.75341212975911,-73.99901271856847,Highway,90,42.5,0.528,Moderate,24.3,59,9.8,0.0,10.7,Cloudy,0,1
2026-01-28 18:30:00,40.78205439172468,-73.99521394164165,Highway,90,23.8,0.736,Heavy,14.2,96,3.9,19.2,3.9,Heavy Rain,0,1
2026-01-28 18:45:00,40.766882437235,-74.0197366019209,Residential,30,13.9,0.537,Moderate,27.0,84,25.8,0.0,8.9,Clear,0,1
2026-01-28 19:00:00,40.77649771311069,-73.99801540137636,City_Street,40,15.7,0.608,Heavy,17.1,75,14.5,0.0,9.2,Clear,0,1
2026-01-28 19:15:00,40.76156787949622,-74.00375151586232,City_Street,40,15.4,0.615,Heavy,9.6,98,11.1,5.7,6.2,Rain,0,1
2026-01-28 19:30:00,40.76523067883141,-74.00242737850782,Residential,30,6.0,0.8,Severe,17.9,83,8.0,8.7,0.9,Snow,0,1
2026-01-28 19:45:00,40.743468459046525,-74.01009278044107,Highway,90,37.8,0.58,Heavy,18.2,75,11.0,0.0,11.2,Clear,0,1
2026-01-28 20:00:00,40.758730580207256,-74.01480362424955,Residential,30,25.2,0.16,Low,15.7,48,9.9,4.9,5.7,Rain,0,0
2026-01-28 20:15:00,,,City_Street,40,26.1,0.347,Moderate,11.3,100,7.3,3.9,6.1,Rain,0,0
2026-01-28 20:30:00,40.754305485248196,-74.01207948354964,Residential,30,23.2,0.227,Low,25.2,61,29.0,0.0,12.5,Cloudy,0,0
2026-01-28 20:45:00,40.760010168857704,-73.9932953008434,City_Street,40,38.2,0.045,Low,16.1,53,25.8,0.0,8.6,Cloudy,0,0
2026-01-28 21:00:00,40.77053068719276,-73.99240038774954,Highway,90,52.7,0.414,Moderate,26.3,80,30.6,0.0,1.2,Fog,0,0
2026-01-28 21:15:00,40.77172579666679,-74.00553147803143,Arterial,60,53.5,0.108,Low,20.8,49,31.9,0.0,12.2,Clear,0,0
2026-01-28 21:30:00,40.75038645325132,-74.0072590750439,Arterial,60,27.6,0.54,Moderate,7.5,72,14.8,15.6,1.3,Heavy Rain,0,0
2026-01-28 21:45:00,40.77081977881079,-74.0004153657736,City_Street,40,30.9,0.228,Low,9.7,61,18.2,4.6,6.7,Rain,0,0
2026-01-28 22:00:00,40.76864773968459,-74.0263705605812,City_Street,40,18.8,0.53,Moderate,11.6,100,9.5,22.0,3.9,Heavy Rain,0,0
2026-01-28 22:15:00,40.765790352543206,-74.01584839287608,Arterial,60,57.0,0.05,Low,24.5,73,30.8,0.0,9.9,Clear,0,0
2026-01-28 22:30:00,40.767114080731844,-73.99959425404741,Highway,90,85.5,0.05,Low,26.7,62,17.4,0.0,10.6,Clear,0,0
2026-01-28 22:45:00,40.76931250804678,-74.03171014486605,Residential,30,25.7,0.143,Low,22.0,59,8.8,0.0,8.8,Cloudy,0,0
2026-01-28 23:00:00,40.76486845053433,-74.00985232013679,City_Street,40,32.5,0.188,Low,16.6,79,10.9,0.0,12.0,Clear,0,0
2026-01-28 23:15:00,40.76070842546848,-74.00230826373206,City_Street,40,40.0,0.0,Low,17.8,41,13.5,0.0,11.4,Clear,0,0
2026-01-28 23:30:00,40.779445889516545,-74.01745905913195,City_Street,40,24.3,0.392,Moderate,13.0,100,17.6,17.3,2.8,Heavy Rain,0,0
2026-01-28 23:45:00,40.76122711631537,-74.0110512597104,Arterial,60,30.7,0.488,Moderate,10.6,79,7.3,12.8,3.7,Heavy Rain,0,0
2026-01-29 00:00:00,40.75760605067353,-74.00992051455155,Highway,90,88.9,0.012,Low,15.9,43,11.2,0.0,11.7,Clear,0,0
2026-01-29 00:15:00,40.763689434329706,-74.01369182454857,Arterial,60,30.9,0.485,Moderate,27.3,100,4.4,20.9,2.3,Heavy Rain,0,0
2026-01-29 00:30:00,40.76606121737519,-74.02360314442618,Highway,90,70.6,0.216,Low,4.8,68,28.0,3.2,5.3,Rain,0,0
2026-01-29 00:45:00,40.76658221496063,-74.01751726807957,Highway,90,78.3,0.13,Low,22.2,74,8.9,0.0,13.8,Clear,0,0
2026-01-29 01:00:00,40.76984351686489,-74.0225119994213,Residential,30,13.9,0.537,Moderate,10.9,45,24.9,5.6,1.2,Snow,0,0
2026-01-29 01:15:00,,,Arterial,60,60.0,0.0,Low,22.0,57,17.2,0.0,8.6,Cloudy,0,0
2026-01-29 01:30:00,40.76066852949723,-74.02702984693315,City_Street,40,40.0,0.0,Low,16.1,85,19.8,0.0,10.0,Cloudy,0,0
2026-01-29 01:45:00,40.75660065120912,-74.01329916004238,Residential,30,30.0,0.0,Low,20.9,49,4.0,0.0,9.3,Clear,0,0
2026-01-29 02:00:00,40.75281234039807,-74.01954036479054,Residential,30,29.7,0.01,Low,27.2,61,18.8,0.0,12.7,Clear,0,0
2026-01-29 02:15:00,40.772264379408725,-74.02047939204039,Arterial,60,57.0,0.05,Low,18.5,65,25.3,0.0,10.1,Clear,0,0
2026-01-29 02:30:00,40.767884978016475,-74.02251812974082,City_Street,40,35.1,0.122,Low,10.8,56,27.0,0.0,11.2,Clear,0,0
2026-01-29 02:45:00,40.760026232201504,-74.02184843776061,Arterial,60,47.4,0.21,Low,18.5,57,8.9,0.0,11.3,Clear,0,0
2026-01-29 03:00:00,40.76940132028488,-74.01558398753548,City_Street,40,38.3,0.043,Low,26.9,38,22.1,0.0,11.2,Cloudy,0,0
2026-01-29 03:15:00,40.74080040314427,-74.01777351649278,Highway,90,70.8,0.213,Low,14.0,60,21.6,0.0,13.2,Clear,0,0
2026-01-29 03:30:00,40.75443388790927,-74.01877417257381,Highway,90,69.6,0.227,Low,16.3,86,17.3,0.0,14.5,Clear,0,0
2026-01-29 03:45:00,40.752683613434684,-74.01623603893482,City_Street,40,23.5,0.412,Moderate,13.8,71,3.0,8.4,1.1,Heavy Rain,0,0
2026-01-29 04:00:00,40.769249619347875,-74.02040267491759,Highway,90,51.7,0.426,Moderate,12.8,54,21.7,15.6,2.6,Heavy Rain,0,0
2026-01-29 04:15:00,40.7697237822867,-74.01057799869363,City_Street,40,37.7,0.057,Low,22.1,42,13.8,0.0,13.7,Clear,0,0
2026-01-29 04:30:00,40.754712340495104,-74.01897168201062,Residential,30,13.9,0.537,Moderate,10.3,95,8.1,12.6,1.5,Heavy Rain,0,0
2026-01-29 04:45:00,40.7482107310528,-74.02965036368441,Residential,30,29.9,0.003,Low,23.8,29,23.0,0.0,9.7,Cloudy,0,0
2026-01-29 05:00:00,40.759310062067186,-74.03005606455194,Highway,90,61.6,0.316,Moderate,13.3,68,19.9,3.4,5.4,Rain,0,0
2026-01-29 05:15:00,40.74609639498714,-74.01474469947672,City_Street,40,34.8,0.13,Low,20.3,75,13.8,0.0,12.6,Cloudy,0,0
2026-01-29 05:30:00,40.73562373447609,-74.02254286300953,Arterial,60,60.0,0.0,Low,23.0,57,29.7,0.0,14.9,Clear,0,0
2026-01-29 05:45:00,40.767061858347994,-74.01243159455177,Arterial,60,60.0,0.0,Low,16.2,69,21.1,0.0,12.4,Cloudy,0,0
2026-01-29 06:00:00,40.76402771183653,-74.02602452176214,Arterial,60,52.2,0.13,Low,9.6,48,29.8,0.0,9.2,Clear,0,0
2026-01-29 06:15:00,40.76034066552726,-74.03000702036736,Highway,90,74.4,0.173,Low,17.8,61,11.7,0.0,10.7,Clear,0,0
2026-01-29 06:30:00,40.76077840157604,-74.01395981653407,Highway,90,77.2,0.142,Low,25.0,77,24.9,0.0,12.6,Cloudy,0,0
2026-01-29 06:45:00,40.739731286749,-74.03871511670258,City_Street,40,40.0,0.0,Low,16.3,60,33.7,0.0,11.6,Clear,0,0
2026-01-29 07:00:00,40.7480882354327,-74.03028886800855,Arterial,60,25.1,0.582,Heavy,29.6,76,25.5,0.0,13.8,Cloudy,0,1
2026-01-29 07:15:00,,,City_Street,40,18.2,0.545,Moderate,23.4,63,19.9,0.0,9.6,Clear,0,1
2026-01-29 07:30:00,40.75071604516545,-74.02549123748085,City_Street,40,15.3,0.617,Heavy,25.1,70,28.8,0.0,9.2,Clear,0,1
2026-01-29 07:45:00,40.758595537962,-74.02492344639991,City_Street,40,18.9,0.528,Moderate,15.0,36,15.9,0.0,11.1,Cloudy,0,1
2026-01-29 08:00:00,40.77009804480037,-74.04646341044774,Residential,30,13.3,0.557,Heavy,21.1,49,11.3,0.0,13.6,Cloudy,0,1
2026-01-29 08:15:00,40.747881279370766,-74.01893637812539,Residential,30,12.1,0.597,Heavy,13.6,58,13.2,0.0,8.3,Clear,0,1
2026-01-29 08:30:00,40.75205309064909,-74.02505728749662,Residential,30,13.9,0.537,Moderate,25.5,39,20.8,0.0,11.2,Cloudy,0,1
2026-01-29 08:45:00,40.74856075216922,-74.0244783266673,City_Street,40,15.6,0.61,Heavy,21.2,38,3.8,0.0,12.8,Clear,0,1
2026-01-29 09:00:00,40.74562765517329,-74.03150493998245,Highway,90,40.3,0.552,Heavy,7.2,48,5.5,0.0,10.3,Clear,0,1
2026-01-29 09:15:00,40.74526413738526,-74.03149902303053,City_Street,40,17.9,0.552,Heavy,28.4,58,13.9,0.0,11.4,Clear,0,1
2026-01-29 09:30:00,40.76508117620118,-74.040740504829,Residential,30,8.1,0.73,Heavy,12.2,96,28.0,24.0,2.3,Heavy Rain,0,1
2026-01-29 09:45:00,40.769547326653644,-74.02557071619006,Highway,90,36.3,0.597,Heavy,14.2,53,33.0,7.8,6.2,Rain,0,1
2026-01-29 10:00:00,40.75849330837532,-74.03861564616808,Highway,90,85.0,0.056,Low,19.9,67,27.4,0.0,13.8,Cloudy,0,0
2026-01-29 10:15:00,40.74762207733313,-74.04752416264341,City_Street,40,32.2,0.195,Low,15.4,40,20.0,0.0,9.5,Clear,0,0
2026-01-29 10:30:00,,,Residential,30,25.2,0.16,Low,10.5,61,6.4,0.0,10.7,Clear,0,0
2026-01-29 10:45:00,40.756266399816795,-74.03983200603477,Residential,30,21.4,0.287,Moderate,13.5,54,5.2,3.5,4.5,Rain,0,0
2026-01-29 11:00:00,40.755995159191095,-74.03480409499367,Arterial,60,43.2,0.28,Moderate,17.0,73,14.0,0.0,0.7,Fog,0,0
2026-01-29 11:15:00,40.75026229457495,-74.02960344862424,City_Street,40,34.4,0.14,Low,17.4,75,34.7,0.0,13.9,Clear,0,0
2026-01-29 11:30:00,40.73873934403368,-74.02980432611405,Residential,30,26.8,0.107,Low,15.8,44,26.9,0.0,13.3,Cloudy,0,0
2026-01-29 11:45:00,40.76689047701536,-74.04713263231173,Arterial,60,42.0,0.3,Moderate,22.8,100,13.4,5.4,6.8,Rain,0,0
2026-01-29 12:00:00,40.76552797663457,-74.04421071627235,Residential,30,30.0,0.0,Low,25.8,67,22.3,0.0,14.9,Clear,0,0
2026-01-29 12:15:00,40.75739611297872,-74.04003759608999,Residential,30,25.2,0.16,Low,22.8,80,33.9,0.0,11.7,Cloudy,0,0
2026-01-29 12:30:00,40.74744627784301,-74.03100137984455,City_Street,40,40.0,0.0,Low,27.6,51,28.8,0.0,8.7,Clear,0,0
2026-01-29 12:45:00,40.750354769950626,-74.03319310138767,Arterial,60,58.1,0.032,Low,20.0,50,31.2,0.0,8.5,Clear,0,0
2026-01-29 13:00:00,40.754977757974615,-74.04221986876053,Highway,90,70.2,0.22,Low,21.9,62,5.3,0.0,12.0,Clear,0,0
2026-01-29 13:15:00,40.749076176481786,-74.03319345290002,Arterial,60,34.4,0.427,Moderate,23.7,52,13.3,0.0,0.5,Fog,0,0
2026-01-29 13:30:00,40.7384359407716,-74.03680368240677,Arterial,60,56.4,0.06,Low,24.5,39,12.3,0.0,13.7,Cloudy,0,0
2026-01-29 13:45:00,40.753797315952944,-74.03729764299482,Highway,90,76.0,0.156,Low,15.2,73,29.8,0.0,12.1,Cloudy,0,0
2026-01-29 14:00:00,40.74853280775254,-74.04134706750642,Highway,90,76.4,0.151,Low,20.1,62,31.7,0.0,10.3,Cloudy,0,0
2026-01-29 14:15:00,40.74438066723096,-74.0365933085336,Highway,90,82.6,0.082,Low,22.2,97,6.3,0.0,9.2,Cloudy,0,0
2026-01-29 14:30:00,40.74422006921573,-74.0344912383238,Highway,90,84.2,0.064,Low,28.1,80,16.5,0.0,13.3,Clear,0,0
2026-01-29 14:45:00,40.74275633466943,-74.03844926485718,Residential,30,27.9,0.07,Low,30.3,58,24.6,0.0,13.7,Cloudy,0,0
2026-01-29 15:00:00,40.747667939022236,-74.03506601465995,Arterial,60,45.9,0.235,Low,17.5,37,29.4,0.0,10.2,Clear,0,0
2026-01-29 15:15:00,40.74406259222533,-74.03041733064217,City_Street,40,40.0,0.0,Low,19.7,70,24.7,0.0,12.7,Clear,0,0
2026-01-29 15:30:00,40.737687141647804,-74.04387640611009,City_Street,40,38.5,0.037,Low,26.9,61,8.1,0.0,12.6,Clear,0,0
2026-01-29 15:45:00,40.74654930355691,-74.03978183258381,Residential,30,27.1,0.097,Low,22.7,40,6.1,0.0,14.8,Cloudy,0,0
2026-01-29 16:00:00,40.741767656491,-74.0439493552142,Arterial,60,50.6,0.157,Low,23.0,85,33.4,0.0,9.9,Clear,0,0
2026-01-29 16:15:00,40.745555137380954,-74.04120487200606,Arterial,60,49.0,0.183,Low,15.1,87,12.7,1.1,5.0,Rain,0,0
2026-01-29 16:30:00,40.749175572732206,-74.03839665660921,Highway,90,76.4,0.151,Low,17.9,56,33.6,0.0,9.7,Clear,0,0
2026-01-29 16:45:00,40.73522144165097,-74.04846959907385,Arterial,60,54.4,0.093,Low,15.3,47,13.4,0.0,8.1,Cloudy,0,0
2026-01-29 17:00:00,40.738572266374575,-74.02927062394333,Arterial,60,30.7,0.488,Moderate,29.1,47,4.3,0.0,14.5,Clear,0,1
2026-01-29 17:15:00,40.751270708815305,-74.04740872516162,Highway,90,38.4,0.573,Heavy,22.8,20,4.5,0.0,9.9,Cloudy,0,1
2026-01-29 17:30:00,40.74813366597048,-74.04216343050047,Arterial,60,28.7,0.522,Moderate,24.3,71,6.6,0.0,14.9,Clear,0,1
2026-01-29 17:45:00,40.74022783211313,-74.0464412748874,Residential,30,15.5,0.483,Moderate,16.0,54,9.7,0.0,9.6,Clear,0,1
2026-01-29 18:00:00,40.742983914370285,-74.04425577822182,Arterial,60,21.2,0.647,Heavy,13.8,71,6.8,6.8,5.0,Rain,0,1
2026-01-29 18:15:00,40.74897577889885,-74.03979203854207,City_Street,40,16.2,0.595,Heavy,21.0,59,11.8,0.0,9.0,Clear,0,1
2026-01-29 18:30:00,40.74729444870606,-74.04579037187308,Highway,90,20.1,0.777,Heavy,12.0,56,25.8,7.9,2.2,Snow,0,1
2026-01-29 18:45:00,40.74957850351484,-74.04430598468332,Arterial,60,24.4,0.593,Heavy,16.3,72,15.8,0.0,13.8,Cloudy,0,1
2026-01-29 19:00:00,40.74512958115468,-74.05509087070439,City_Street,40,17.9,0.552,Heavy,20.6,62,22.3,0.0,14.2,Cloudy,0,1
2026-01-29 19:15:00,40.74363021983295,-74.05491079170905,Residential,30,12.2,0.593,Heavy,25.3,50,26.5,0.0,14.2,Cloudy,0,1
2026-01-29 19:30:00,40.75259659556128,-74.04266297696728,Arterial,60,26.1,0.565,Heavy,20.1,52,17.1,0.0,12.6,Clear,0,1
2026-01-29 19:45:00,40.73802740275691,-74.05701473157046,City_Street,40,16.1,0.597,Heavy,21.5,64,5.9,0.0,14.4,Cloudy,0,1
2026-01-29 20:00:00,40.74379503323145,-74.04581642768233,Arterial,60,57.2,0.047,Low,19.2,39,13.7,0.0,11.5,Clear,0,0
2026-01-29 20:15:00,40.73576808613616,-74.0463449511326,Highway,90,89.5,0.006,Low,29.9,75,11.6,0.0,8.4,Clear,0,0
2026-01-29 20:30:00,40.73780783159524,-74.03787744560147,Arterial,60,50.9,0.152,Low,21.0,53,32.7,0.0,10.8,Clear,0,0
2026-01-29 20:45:00,40.744892451135094,-74.05889701305641,Arterial,60,56.1,0.065,Low,22.2,69,22.1,0.0,9.1,Clear,0,0
2026-01-29 21:00:00,40.74453295244898,-74.03707911115252,City_Street,40,34.7,0.132,Low,20.4,69,4.8,0.0,10.3,Clear,0,0
2026-01-29 21:15:00,40.738248509170816,-74.05092845195846,City_Street,40,38.2,0.045,Low,22.6,59,21.4,0.0,9.5,Cloudy,0,0
2026-01-29 21:30:00,40.74316306827949,-74.03802997716228,Highway,90,75.1,0.166,Low,17.0,38,24.2,0.0,14.6,Cloudy,0,0
2026-01-29 21:45:00,40.737149880863505,-74.04446863599713,Highway,90,76.6,0.149,Low,19.3,83,27.5,0.0,9.5,Cloudy,0,0
2026-01-29 22:00:00,40.72703285896946,-74.04591098148379,Arterial,60,56.5,0.058,Low,15.3,53,31.2,0.0,9.2,Clear,0,0
2026-01-29 22:15:00,40.73715982102481,-74.05658098611347,Highway,90,90.0,0.0,Low,14.8,66,21.2,0.0,13.4,Clear,0,0
2026-01-29 22:30:00,40.73748285154377,-74.03151597996538,Residential,30,14.0,0.533,Moderate,12.4,76,31.2,8.3,2.3,Snow,0,0
2026-01-29 22:45:00,40.73748360709944,-74.05341199242721,City_Street,40,28.4,0.29,Moderate,19.1,54,6.7,7.7,4.5,Rain,0,0
2026-01-29 23:00:00,40.73415062691089,-74.05376323030387,Arterial,60,60.0,0.0,Low,18.1,59,31.1,0.0,12.9,Clear,0,0
2026-01-29 23:15:00,40.73808038507541,-74.05509370799358,City_Street,40,26.5,0.338,Moderate,23.2,49,10.8,0.0,1.1,Fog,0,0
2026-01-29 23:30:00,40.73538929437823,-74.04708434767282,Highway,90,56.3,0.374,Moderate,14.1,63,5.8,0.0,0.4,Fog,0,0
2026-01-29 23:45:00,40.727867288634606,-74.04496387614898,Residential,30,28.5,0.05,Low,13.6,58,8.2,0.0,8.3,Clear,0,0
2026-01-30 00:00:00,40.72250938952662,-74.05124442501837,Highway,90,90.0,0.0,Low,24.6,22,29.9,0.0,12.4,Clear,0,0
2026-01-30 00:15:00,40.737882283614674,-74.04621975038316,Residential,30,24.9,0.17,Low,14.0,60,12.2,1.3,7.8,Rain,0,0
2026-01-30 00:30:00,40.72729072153111,-74.0475709272931,Residential,30,29.9,0.003,Low,9.5,39,29.4,0.0,8.3,Clear,0,0
2026-01-30 00:45:00,40.73282095531314,-74.05832643815859,Residential,30,29.4,0.02,Low,23.5,52,28.7,0.0,9.4,Clear,0,0
2026-01-30 01:00:00,40.730605801805076,-74.06553479897065,Arterial,60,39.7,0.338,Moderate,11.6,62,17.1,5.6,5.7,Rain,0,0
2026-01-30 01:15:00,40.7369198865538,-74.05497923505644,City_Street,40,37.3,0.068,Low,14.7,33,9.0,0.0,10.3,Cloudy,0,0
2026-01-30 01:30:00,40.72758957012009,-74.04778279539183,Highway,90,85.3,0.052,Low,14.8,52,16.7,0.0,8.6,Clear,0,0
2026-01-30 01:45:00,40.735150640073094,-74.04202531360293,City_Street,40,36.2,0.095,Low,24.2,64,28.8,0.0,12.5,Clear,0,0
2026-01-30 02:00:00,40.72283571567973,-74.04239198202859,Highway,90,79.8,0.113,Low,17.7,69,22.9,0.0,8.1,Clear,0,0
2026-01-30 02:15:00,40.727288984375406,-74.0505128699853,Arterial,60,38.9,0.352,Moderate,11.4,45,3.3,4.9,6.1,Rain,0,0
2026-01-30 02:30:00,40.728905244725155,-74.05474937742183,Residential,30,28.1,0.063,Low,16.7,43,20.0,0.0,8.2,Clear,0,0
2026-01-30 02:45:00,40.73440759087852,-74.05020044590995,Arterial,60,46.5,0.225,Low,21.5,71,3.7,4.5,6.2,Rain,0,0
2026-01-30 03:00:00,,,Arterial,60,54.4,0.093,Low,32.2,66,34.4,0.0,14.8,Cloudy,0,0
2026-01-30 03:15:00,40.721589257826324,-74.05745181626986,Highway,90,83.7,0.07,Low,21.5,50,30.5,0.0,11.9,Cloudy,0,0
2026-01-30 03:30:00,40.72880131984843,-74.05479331160247,City_Street,40,26.4,0.34,Moderate,18.9,58,16.1,0.0,1.5,Fog,0,0
2026-01-30 03:45:00,40.726948359666814,-74.04528115208313,Arterial,60,50.1,0.165,Low,21.5,59,29.6,0.0,10.4,Clear,0,0
2026-01-30 04:00:00,,,Residential,30,24.2,0.193,Low,15.6,66,7.6,0.0,11.9,Clear,0,0
2026-01-30 04:15:00,40.72245709194657,-74.04537179948665,Residential,30,26.6,0.113,Low,19.8,63,15.7,0.0,13.7,Clear,0,0
2026-01-30 04:30:00,40.723693158623725,-74.05961366746504,Arterial,60,60.0,0.0,Low,20.9,42,16.8,0.0,11.6,Clear,0,0
2026-01-30 04:45:00,40.72632852477963,-74.05970250312276,Arterial,60,57.4,0.043,Low,15.7,43,32.6,0.0,11.3,Cloudy,0,0
2026-01-30 05:00:00,40.735794268179205,-74.05790808365207,City_Street,40,33.6,0.16,Low,19.2,71,33.3,6.5,5.2,Rain,0,0
2026-01-30 05:15:00,40.720999507485274,-74.06757144116992,Residential,30,26.6,0.113,Low,21.1,53,20.4,0.0,11.2,Clear,0,0
2026-01-30 05:30:00,40.717230420300275,-74.04606899227893,Residential,30,24.1,0.197,Low,12.7,60,24.9,0.0,12.7,Cloudy,0,0
2026-01-30 05:45:00,40.72127912672101,-74.03876382379501,City_Street,40,32.3,0.193,Low,23.4,46,2.6,0.0,9.3,Clear,0,0
2026-01-30 06:00:00,40.7283697953786,-74.0575248354808,Residential,30,21.7,0.277,Moderate,16.1,100,14.7,6.1,6.2,Rain,0,0
2026-01-30 06:15:00,40.7146786681043,-74.04958919500044,Arterial,60,60.0,0.0,Low,15.2,49,8.9,0.0,13.8,Clear,0,0
2026-01-30 06:30:00,40.72649823774634,-74.05351588866323,City_Street,40,21.9,0.453,Moderate,17.0,88,23.0,8.0,2.3,Heavy Rain,0,0
2026-01-30 06:45:00,40.72512963668104,-74.06648216424412,City_Street,40,32.0,0.2,Low,23.3,49,3.7,0.0,14.5,Clear,0,0
2026-01-30 07:00:00,40.72521023201917,-74.05470080856504,Highway,90,46.0,0.489,Moderate,22.6,68,26.5,0.0,8.5,Cloudy,0,1
2026-01-30 07:15:00,40.71731859760489,-74.05425954277511,Highway,90,35.8,0.602,Heavy,18.4,52,22.6,1.3,5.1,Rain,0,1
2026-01-30 07:30:00,40.72581853876435,-74.05566494209485,Residential,30,11.8,0.607,Heavy,19.0,81,17.9,3.5,7.1,Rain,0,1
2026-01-30 07:45:00,40.718654907878204,-74.0528640304774,Arterial,60,24.3,0.595,Heavy,23.7,60,21.0,0.0,13.1,Clear,0,1
2026-01-30 08:00:00,40.72049844454168,-74.04079321568896,Residential,30,13.7,0.543,Moderate,30.4,56,16.4,0.0,12.1,Clear,0,1
2026-01-30 08:15:00,40.729670199370375,-74.05679993559298,Highway,90,44.8,0.502,Moderate,22.5,46,4.4,0.0,13.3,Cloudy,0,1
2026-01-30 08:30:00,40.71819126499238,-74.05379607462604,City_Street,40,20.4,0.49,Moderate,18.0,81,34.7,0.0,10.2,Clear,0,1
2026-01-30 08:45:00,40.72916008601287,-74.05379513103665,Highway,90,28.4,0.684,Heavy,4.7,52,27.5,3.3,7.9,Rain,0,1
2026-01-30 09:00:00,40.70572999330027,-74.06393946483716,Highway,90,34.5,0.617,Heavy,14.3,60,24.3,2.4,6.3,Rain,0,1
2026-01-30 09:15:00,40.71544721081634,-74.06233290538995,Highway,90,41.9,0.534,Moderate,8.9,58,14.4,0.0,10.2,Cloudy,0,1
2026-01-30 09:30:00,40.71098667775109,-74.05007365723235,Arterial,60,28.8,0.52,Moderate,34.5,45,32.4,0.0,8.6,Cloudy,0,1
2026-01-30 09:45:00,40.72194855702785,-74.0533321386107,Residential,30,10.9,0.637,Heavy,8.1,64,33.1,7.3,4.4,Rain,0,1
2026-01-30 10:00:00,40.713261597792936,-74.04491041955566,Residential,30,19.4,0.353,Moderate,14.4,44,3.9,1.2,6.7,Rain,0,0
2026-01-30 10:15:00,40.724807994092814,-74.05798661031874,Residential,30,28.8,0.04,Low,27.6,68,25.6,0.0,13.3,Clear,0,0
2026-01-30 10:30:00,40.71286654646852,-74.0489679870212,City_Street,40,37.1,0.073,Low,17.1,42,26.6,0.0,10.6,Clear,0,0
2026-01-30 10:45:00,40.72609558276999,-74.05696007331947,Highway,90,72.6,0.193,Low,12.5,71,29.0,2.6,5.1,Rain,0,0
2026-01-30 11:00:00,40.71046113326464,-74.05361508853512,Residential,30,17.9,0.403,Moderate,12.3,37,17.5,9.4,1.1,Heavy Rain,0,0
2026-01-30 11:15:00,40.715848247667246,-74.04822411713886,Highway,90,90.0,0.0,Low,18.8,66,28.9,0.0,9.6,Clear,0,0
2026-01-30 11:30:00,40.71535308192197,-74.05582152291086,City_Street,40,36.6,0.085,Low,21.7,62,17.2,0.0,11.8,Clear,0,0
2026-01-30 11:45:00,40.71742902567463,-74.05893040615132,Arterial,60,49.3,0.178,Low,10.7,75,31.7,5.3,6.2,Rain,0,0
2026-01-30 12:00:00,40.72413187984756,-74.04724858346125,Arterial,60,48.8,0.187,Low,22.6,37,27.6,0.0,13.7,Clear,0,0
2026-01-30 12:15:00,40.70299536031461,-74.05712778327445,Residential,30,24.6,0.18,Low,10.4,80,12.4,0.0,10.1,Clear,0,0
2026-01-30 12:30:00,40.71365285862943,-74.06277642597418,Highway,90,72.8,0.191,Low,26.4,61,17.2,0.0,9.8,Clear,0,0
2026-01-30 12:45:00,40.70232370331502,-74.06236089151926,Arterial,60,60.0,0.0,Low,19.6,55,22.0,0.0,9.7,Cloudy,0,0
2026-01-30 13:00:00,40.70996305725024,-74.051250993583,City_Street,40,32.2,0.195,Low,17.2,56,27.2,4.5,6.8,Rain,0,0
2026-01-30 13:15:00,40.69938900681704,-74.0684813770911,Residential,30,23.5,0.217,Low,15.7,73,8.4,0.0,14.6,Cloudy,0,0
2026-01-30 13:30:00,40.708200985850674,-74.06256312689601,Highway,90,80.6,0.104,Low,25.5,48,27.5,0.0,8.9,Clear,0,0
2026-01-30 13:45:00,40.70833854734579,-74.0601973476429,Highway,90,87.4,0.029,Low,16.4,71,33.4,0.0,10.8,Cloudy,0,0
2026-01-30 14:00:00,40.70520691616933,-74.05533835041372,City_Street,40,32.4,0.19,Low,15.2,67,26.9,0.0,9.7,Cloudy,0,0
2026-01-30 14:15:00,40.705913177829785,-74.04143535600211,Arterial,60,49.1,0.182,Low,15.4,76,21.8,0.0,9.8,Cloudy,0,0
2026-01-30 14:30:00,40.70427265060671,-74.05535808574231,City_Street,40,30.5,0.238,Low,18.9,49,16.0,3.0,4.4,Rain,0,0
2026-01-30 14:45:00,40.7247807942271,-74.06485597892171,City_Street,40,27.3,0.318,Moderate,15.7,59,2.1,0.0,1.4,Fog,0,0
2026-01-30 15:00:00,40.719500789739165,-74.05466024692568,Highway,90,63.1,0.299,Moderate,15.5,94,29.0,7.7,4.0,Rain,0,0
2026-01-30 15:15:00,40.7012607724935,-74.05039906976731,Highway,90,74.5,0.172,Low,8.2,73,11.6,2.2,7.9,Rain,0,0
2026-01-30 15:30:00,40.68765637797547,-74.04968381120351,Arterial,60,52.3,0.128,Low,19.6,69,18.4,0.0,9.1,Clear,0,0
2026-01-30 15:45:00,40.701528159492874,-74.0507880171347,Highway,90,72.4,0.196,Low,23.8,83,31.9,0.0,13.0,Clear,0,0
2026-01-30 16:00:00,40.704111184012135,-74.04504815838716,Arterial,60,37.2,0.38,Moderate,13.4,78,12.4,11.8,2.8,Heavy Rain,0,0
2026-01-30 16:15:00,40.704162609533,-74.05576226958769,Arterial,60,59.6,0.007,Low,20.7,66,5.5,0.0,14.7,Cloudy,0,0
2026-01-30 16:30:00,40.69393721101457,-74.05936539795657,City_Street,40,32.1,0.198,Low,14.5,59,15.4,0.0,13.1,Clear,0,0
2026-01-30 16:45:00,40.70556358917198,-74.06774815022324,City_Street,40,30.7,0.233,Low,18.3,21,31.3,0.0,8.0,Clear,0,0
2026-01-30 17:00:00,40.6988224442866,-74.06696318805824,Residential,30,14.3,0.523,Moderate,13.4,39,16.8,0.0,8.6,Cloudy,0,1
2026-01-30 17:15:00,40.69082196591921,-74.0452506221157,Residential,30,13.8,0.54,Moderate,10.8,73,26.5,0.0,12.7,Clear,0,1
2026-01-30 17:30:00,40.69453701573238,-74.06349492313984,Residential,30,11.7,0.61,Heavy,23.2,52,9.0,0.0,10.0,Cloudy,0,1
2026-01-30 17:45:00,40.701474277685676,-74.04610330933724,Arterial,60,30.1,0.498,Moderate,17.5,81,24.5,0.0,11.3,Cloudy,0,1
2026-01-30 18:00:00,40.70450554615944,-74.04653065726701,Arterial,60,22.6,0.623,Heavy,11.3,66,5.4,2.8,5.8,Rain,0,1
2026-01-30 18:15:00,40.694261299095665,-74.05153865246378,Residential,30,11.7,0.61,Heavy,25.4,84,20.2,0.0,13.4,Clear,0,1
2026-01-30 18:30:00,40.680466339126994,-74.04935504065715,Residential,30,11.4,0.62,Heavy,11.8,53,30.0,3.0,4.6,Rain,0,1
2026-01-30 18:45:00,40.711901338756476,-74.05638106185441,Highway,90,40.3,0.552,Heavy,22.4,59,13.1,0.0,8.2,Clear,0,1
2026-01-30 19:00:00,40.69750348946072,-74.05515372914361,Arterial,60,31.0,0.483,Moderate,17.8,45,19.1,0.0,11.0,Clear,0,1
2026-01-30 19:15:00,40.67635545080506,-74.05312797360219,Residential,30,14.2,0.527,Moderate,9.5,57,23.4,0.0,9.4,Clear,0,1
2026-01-30 19:30:00,40.69760463792359,-74.05178858003944,Highway,90,41.0,0.544,Moderate,19.5,54,4.3,0.0,13.9,Clear,0,1
2026-01-30 19:45:00,40.70014288630242,-74.05813233497352,Residential,30,14.7,0.51,Moderate,22.3,46,13.9,0.0,13.1,Clear,0,1
2026-01-30 20:00:00,40.689319933893486,-74.0421538933196,Highway,90,82.0,0.089,Low,20.7,55,31.1,0.0,13.3,Cloudy,0,0
2026-01-30 20:15:00,40.701306694279566,-74.05397277176698,Arterial,60,26.5,0.558,Heavy,16.0,85,28.0,11.3,2.4,Snow,0,0
2026-01-30 20:30:00,40.68867032533624,-74.0415690402585,Highway,90,64.4,0.284,Moderate,10.9,46,19.4,3.2,6.0,Rain,0,0
2026-01-30 20:45:00,40.68769393080833,-74.06139640397463,Residential,30,25.8,0.14,Low,13.1,55,3.5,0.0,14.0,Clear,0,0
2026-01-30 21:00:00,40.70726202105093,-74.0499233114003,Highway,90,85.6,0.049,Low,22.8,35,23.2,0.0,10.3,Clear,0,0
2026-01-30 21:15:00,40.70621622749726,-74.06162073528697,Residential,30,28.5,0.05,Low,9.6,70,22.9,0.0,13.5,Clear,0,0
2026-01-30 21:30:00,40.691979947692325,-74.05100658614252,Highway,90,57.1,0.366,Moderate,13.3,49,9.6,0.0,1.2,Fog,0,0
2026-01-30 21:45:00,40.69541185975099,-74.05259222905975,City_Street,40,40.0,0.0,Low,14.5,71,14.7,0.0,11.9,Clear,0,0
2026-01-30 22:00:00,40.69471900732905,-74.05587978962726,City_Street,40,31.1,0.222,Low,14.2,84,18.4,0.0,12.8,Clear,0,0
2026-01-30 22:15:00,40.69279979267627,-74.06028799525069,Residential,30,30.0,0.0,Low,22.3,60,17.9,0.0,13.0,Clear,0,0
2026-01-30 22:30:00,40.69233836343286,-74.04023536162481,Arterial,60,48.2,0.197,Low,25.0,82,26.3,0.0,12.5,Clear,0,0
2026-01-30 22:45:00,40.69391840753035,-74.04041683947099,Highway,90,66.0,0.267,Moderate,22.1,40,28.5,1.5,5.4,Rain,0,0
2026-01-30 23:00:00,40.696146334747624,-74.05407130561268,Residential,30,29.2,0.027,Low,14.4,61,24.4,0.0,13.6,Clear,0,0
2026-01-30 23:15:00,40.68594868881287,-74.04833464995296,City_Street,40,38.9,0.028,Low,20.2,81,33.4,0.0,9.9,Clear,0,0
2026-01-30 23:30:00,40.699583359277675,-74.05808086794453,Highway,90,56.9,0.368,Moderate,11.2,100,29.9,7.0,4.6,Rain,0,0
2026-01-30 23:45:00,40.68408118055009,-74.038609857372,Arterial,60,48.8,0.187,Low,16.8,64,31.0,0.0,12.4,Cloudy,0,0
2026-01-31 00:00:00,40.68512561945322,-74.04670199531371,Arterial,60,53.5,0.108,Low,20.2,60,25.3,0.0,13.9,Clear,1,0
2026-01-31 00:15:00,40.68426053221393,-74.04916351441237,City_Street,40,40.0,0.0,Low,25.2,90,23.3,0.0,9.6,Clear,1,0
2026-01-31 00:30:00,,,Arterial,60,60.0,0.0,Low,23.6,64,7.5,0.0,14.0,Clear,1,0
2026-01-31 00:45:00,40.68016586695244,-74.05045281296364,Arterial,60,55.5,0.075,Low,27.9,59,8.6,0.0,13.1,Cloudy,1,0
2026-01-31 01:00:00,40.683346620758165,-74.06077004058568,Highway,90,63.9,0.29,Moderate,12.6,83,9.2,7.5,6.7,Rain,1,0
2026-01-31 01:15:00,40.68920569924534,-74.03896959665394,Highway,90,76.1,0.154,Low,12.7,84,11.6,7.0,6.6,Rain,1,0
2026-01-31 01:30:00,40.68675546101153,-74.05267614632751,City_Street,40,37.9,0.052,Low,28.2,54,3.0,0.0,8.1,Clear,1,0
2026-01-31 01:45:00,40.673805145402106,-74.06135435234033,Residential,30,24.8,0.173,Low,15.1,52,31.9,0.0,10.8,Clear,1,0
2026-01-31 02:00:00,40.68561533386755,-74.04837171385756,Arterial,60,50.5,0.158,Low,14.6,54,16.0,0.0,9.6,Clear,1,0
2026-01-31 02:15:00,40.68091216592714,-74.04783945772161,City_Street,40,30.7,0.233,Low,21.1,48,22.8,0.0,10.4,Clear,1,0
2026-01-31 02:30:00,40.681756245684504,-74.04392098076113,Arterial,60,39.5,0.342,Moderate,23.0,74,19.4,0.0,0.2,Fog,1,0
2026-01-31 02:45:00,40.692207580248265,-74.06528261891805,Residential,30,17.1,0.43,Moderate,12.7,62,24.0,9.2,1.4,Heavy Rain,1,0
2026-01-31 03:00:00,40.67550735844646,-74.05137927614786,Highway,90,79.2,0.12,Low,7.1,63,11.6,0.0,9.6,Clear,1,0
2026-01-31 03:15:00,40.68631668463659,-74.0491091191981,Residential,30,29.0,0.033,Low,16.1,71,25.3,0.0,12.4,Clear,1,0
2026-01-31 03:30:00,40.6877483548264,-74.03939458520735,Arterial,60,46.2,0.23,Low,19.3,51,31.8,0.0,8.2,Clear,1,0
2026-01-31 03:45:00,40.669104843525695,-74.05401234725537,City_Street,40,21.2,0.47,Moderate,21.3,95,12.5,14.3,2.2,Heavy Rain,1,0
2026-01-31 04:00:00,40.67709965333159,-74.0629986352805,Arterial,60,47.9,0.202,Low,14.6,70,23.9,0.0,8.4,Clear,1,0
2026-01-31 04:15:00,40.67956522870267,-74.0455521373291,Arterial,60,55.5,0.075,Low,21.2,76,4.3,0.0,10.6,Clear,1,0
2026-01-31 04:30:00,40.66650296373335,-74.05718636226229,Highway,90,84.2,0.064,Low,23.2,59,10.8,0.0,9.8,Clear,1,0
2026-01-31 04:45:00,40.672526882466244,-74.03894083055906,Arterial,60,60.0,0.0,Low,13.9,45,25.2,0.0,13.2,Clear,1,0
2026-01-31 05:00:00,40.672258718126585,-74.03878612426173,City_Street,40,26.1,0.347,Moderate,13.8,66,30.0,4.5,7.6,Rain,1,0
2026-01-31 05:15:00,40.673529370658436,-74.03465939990237,City_Street,40,16.3,0.593,Heavy,11.2,74,30.1,4.6,1.8,Snow,1,0
2026-01-31 05:30:00,40.67988935002185,-74.04819308534569,City_Street,40,35.0,0.125,Low,23.2,55,31.8,0.0,12.1,Clear,1,0
2026-01-31 05:45:00,40.6763147360652,-74.05030390279138,City_Street,40,18.9,0.528,Moderate,22.8,94,6.5,11.5,1.6,Snow,1,0
2026-01-31 06:00:00,40.68101051294134,-74.04190686323668,Highway,90,39.5,0.561,Heavy,16.3,100,29.4,5.0,2.6,Snow,1,0
2026-01-31 06:15:00,40.67971843467304,-74.04834246327943,Arterial,60,60.0,0.0,Low,17.7,69,14.3,0.0,10.8,Clear,1,0
2026-01-31 06:30:00,40.66250521654724,-74.025109996037,Highway,90,70.8,0.213,Low,24.8,45,20.8,0.0,10.9,Clear,1,0
2026-01-31 06:45:00,40.67986984945157,-74.04230580519068,Arterial,60,49.4,0.177,Low,16.7,59,18.4,0.0,8.3,Clear,1,0
2026-01-31 07:00:00,40.687218421951115,-74.03191889314323,Highway,90,90.0,0.0,Low,20.5,38,28.1,0.0,11.1,Clear,1,0
2026-01-31 07:15:00,40.66523505606589,-74.04141574307013,Residential,30,17.1,0.43,Moderate,15.7,76,31.5,0.0,0.6,Fog,1,0
2026-01-31 07:30:00,40.688579101177694,-74.0445856909441,Arterial,60,43.3,0.278,Moderate,5.5,66,3.2,2.4,5.7,Rain,1,0
2026-01-31 07:45:00,40.659722128211115,-74.04103992782565,City_Street,40,38.0,0.05,Low,26.6,59,13.0,0.0,9.3,Cloudy,1,0
2026-01-31 08:00:00,40.67436208471625,-74.03684176685645,Residential,30,27.0,0.1,Low,23.6,71,7.1,0.0,10.7,Clear,1,0
2026-01-31 08:15:00,40.668002102505056,-74.04488400548854,Arterial,60,50.0,0.167,Low,19.6,80,17.4,0.0,9.0,Cloudy,1,0
2026-01-31 08:30:00,40.67674916178677,-74.03295648621177,Arterial,60,55.3,0.078,Low,25.6,56,3.7,0.0,14.9,Clear,1,0
2026-01-31 08:45:00,40.68449317086853,-74.01850959785453,Residential,30,26.7,0.11,Low,18.0,59,5.7,0.0,13.7,Cloudy,1,0
2026-01-31 09:00:00,40.686057214662235,-74.02959227950235,Arterial,60,47.0,0.217,Low,8.0,60,30.3,3.2,6.4,Rain,1,0
2026-01-31 09:15:00,40.68510139172699,-74.03482280932751,Residential,30,25.9,0.137,Low,13.6,54,34.8,0.0,12.3,Cloudy,1,0
2026-01-31 09:30:00,40.65230061125924,-74.05488865722255,Residential,30,27.9,0.07,Low,20.2,67,12.4,0.0,12.6,Clear,1,0
2026-01-31 09:45:00,40.67234025884585,-74.03821532795402,Residential,30,25.4,0.153,Low,17.7,50,33.5,0.0,12.6,Clear,1,0
2026-01-31 10:00:00,40.670611424611515,-74.03750983786058,Arterial,60,54.9,0.085,Low,25.1,69,14.0,0.0,12.9,Cloudy,1,0
2026-01-31 10:15:00,40.68340775134895,-74.03874643207841,Arterial,60,60.0,0.0,Low,25.2,63,28.4,0.0,12.6,Clear,1,0
2026-01-31 10:30:00,40.67388416441536,-74.04595590345146,Highway,90,73.0,0.189,Low,21.7,51,23.0,0.0,13.9,Cloudy,1,0
2026-01-31 10:45:00,40.66974060263067,-74.03964218069841,City_Street,40,22.7,0.432,Moderate,13.9,99,14.4,14.3,2.2,Heavy Rain,1,0
2026-01-31 11:00:00,40.66680280936179,-74.0350874306669,Arterial,60,51.4,0.143,Low,16.0,62,22.2,0.0,9.5,Clear,1,0
2026-01-31 11:15:00,40.66576440063606,-74.04661502453082,Residential,30,25.5,0.15,Low,22.2,48,31.6,0.0,9.4,Clear,1,0
2026-01-31 11:30:00,40.661247594169275,-74.01343510314659,Highway,90,74.8,0.169,Low,23.0,47,34.4,0.0,11.8,Clear,1,0
2026-01-31 11:45:00,40.68501098350796,-74.03180475451276,Highway,90,73.2,0.187,Low,18.3,47,16.1,0.0,8.8,Clear,1,0
2026-01-31 12:00:00,40.67347720798123,-74.03081979130003,Arterial,60,35.5,0.408,Moderate,11.8,53,8.4,2.5,4.2,Rain,1,0
2026-01-31 12:15:00,40.6742351419914,-74.03336199505733,Highway,90,57.5,0.361,Moderate,17.0,48,14.5,0.0,13.5,Cloudy,1,0
2026-01-31 12:30:00,40.65547173184469,-74.03382483683554,Highway,90,68.8,0.236,Low,18.0,71,23.8,0.0,13.2,Clear,1,0
2026-01-31 12:45:00,40.66687436017327,-74.0286051495472,Residential,30,22.2,0.26,Moderate,20.3,45,3.1,0.0,14.9,Clear,1,0
2026-01-31 13:00:00,40.655074899918084,-74.03795855068859,Arterial,60,38.9,0.352,Moderate,16.5,73,25.8,5.1,6.5,Rain,1,0
2026-01-31 13:15:00,40.66652666027416,-74.0359090201748,Highway,90,60.9,0.323,Moderate,15.6,75,16.1,0.0,14.2,Clear,1,0
2026-01-31 13:30:00,40.6740442560497,-74.03361999318268,Highway,90,67.5,0.25,Moderate,15.6,56,5.5,0.0,11.4,Cloudy,1,0
2026-01-31 13:45:00,40.67047047245065,-74.03228509044192,Highway,90,65.8,0.269,Moderate,24.0,59,30.0,0.0,9.2,Clear,1,0
2026-01-31 14:00:00,40.66830460333713,-74.02998660187491,City_Street,40,27.1,0.323,Moderate,21.3,32,20.0,6.6,5.9,Rain,1,0
2026-01-31 14:15:00,40.67485822206045,-74.03184478566948,Residential,30,16.3,0.457,Moderate,22.1,56,7.1,0.0,1.2,Fog,1,0
2026-01-31 14:30:00,40.68049836081279,-74.01769833434604,City_Street,40,30.4,0.24,Low,23.4,75,15.3,0.0,14.1,Clear,1,0
2026-01-31 14:45:00,40.67225882400247,-74.0363440665298,Residential,30,19.2,0.36,Moderate,19.6,45,33.6,2.2,6.2,Rain,1,0
2026-01-31 15:00:00,40.673685948820946,-74.01787225975868,City_Street,40,33.8,0.155,Low,20.6,63,21.6,0.0,11.5,Cloudy,1,0
2026-01-31 15:15:00,40.65984225190575,-74.02774620350796,Highway,90,69.6,0.227,Low,9.8,39,19.4,0.0,10.6,Cloudy,1,0
2026-01-31 15:30:00,40.65557330589505,-74.0184721776178,Arterial,60,50.5,0.158,Low,24.2,86,22.6,0.0,14.5,Cloudy,1,0
2026-01-31 15:45:00,40.66957838338176,-74.02548849378498,Highway,90,73.1,0.188,Low,24.8,52,25.9,0.0,10.5,Clear,1,0
2026-01-31 16:00:00,40.666272596107184,-74.02603828082889,Highway,90,36.0,0.6,Heavy,14.5,92,2.6,5.1,1.6,Snow,1,0
2026-01-31 16:15:00,40.65958823647665,-74.01625300412412,Residential,30,19.6,0.347,Moderate,14.8,60,24.6,0.0,10.0,Cloudy,1,0
2026-01-31 16:30:00,40.668659948925004,-74.026173399371,Residential,30,21.8,0.273,Moderate,19.7,59,13.0,0.0,12.1,Clear,1,0
2026-01-31 16:45:00,40.657127135583686,-74.00118998952847,Residential,30,21.3,0.29,Moderate,19.6,81,29.2,0.0,13.7,Clear,1,0
2026-01-31 17:00:00,40.66594263634183,-74.02722513273353,Arterial,60,19.6,0.673,Heavy,17.3,50,20.3,4.0,1.9,Snow,1,0
2026-01-31 17:15:00,40.66162455512858,-74.02191068930938,Residential,30,25.5,0.15,Low,13.6,58,16.4,0.0,12.0,Clear,1,0
2026-01-31 17:30:00,40.66820139925274,-74.00723851354822,Highway,90,51.4,0.429,Moderate,11.9,76,27.2,5.6,6.8,Rain,1,0
2026-01-31 17:45:00,40.646689318235644,-74.03128709581138,City_Street,40,16.1,0.597,Heavy,13.4,93,8.0,8.5,2.3,Heavy Rain,1,0
2026-01-31 18:00:00,40.644193865865695,-74.0278587650602,Arterial,60,20.5,0.658,Heavy,13.9,75,29.3,8.0,2.1,Snow,1,0
2026-01-31 18:15:00,40.66046416459827,-74.01911868052558,Residential,30,20.4,0.32,Moderate,13.7,53,29.9,7.7,7.3,Rain,1,0
2026-01-31 18:30:00,40.66002753359007,-74.02214304267716,Residential,30,19.2,0.36,Moderate,26.5,68,28.3,0.0,11.6,Clear,1,0
2026-01-31 18:45:00,40.65659471551811,-74.01960463362569,Highway,90,48.7,0.459,Moderate,12.2,40,23.6,4.4,7.5,Rain,1,0
2026-01-31 19:00:00,40.6590991161858,-74.02933838497587,Arterial,60,43.4,0.277,Moderate,22.6,48,16.0,0.0,0.5,Fog,1,0
2026-01-31 19:15:00,40.6655844425613,-74.02704066227969,City_Street,40,38.6,0.035,Low,15.5,59,30.2,0.0,12.2,Clear,1,0
2026-01-31 19:30:00,40.66330765325999,-74.00337920749271,City_Street,40,34.6,0.135,Low,23.2,79,7.8,0.0,13.8,Cloudy,1,0
2026-01-31 19:45:00,40.67851510031922,-74.00878620098148,Arterial,60,49.9,0.168,Low,26.0,63,5.9,0.0,13.3,Clear,1,0
2026-01-31 20:00:00,40.65728868671533,-74.02840384623356,City_Street,40,31.0,0.225,Low,25.3,75,23.2,0.0,8.1,Cloudy,1,0
2026-01-31 20:15:00,40.65609099893418,-74.0087718547559,Residential,30,23.4,0.22,Low,18.4,50,27.8,0.0,8.2,Cloudy,1,0
2026-01-31 20:30:00,40.65912748258992,-74.01468746722065,Arterial,60,43.3,0.278,Moderate,19.5,63,13.7,1.6,5.3,Rain,1,0
2026-01-31 20:45:00,40.67068742272779,-74.02674943400491,Highway,90,86.1,0.043,Low,15.7,85,15.6,0.0,14.3,Clear,1,0
2026-01-31 21:00:00,40.67111717422521,-74.00985539464752,Highway,90,83.0,0.078,Low,21.4,54,21.6,0.0,13.7,Clear,1,0
2026-01-31 21:15:00,40.67988177783437,-74.01956658086773,Residential,30,28.3,0.057,Low,26.7,61,13.5,0.0,8.2,Clear,1,0
2026-01-31 21:30:00,40.663831735654,-74.01719847996903,Residential,30,20.1,0.33,Moderate,13.5,85,23.2,2.5,5.7,Rain,1,0
2026-01-31 21:45:00,40.653143076541284,-74.02890258529375,Arterial,60,60.0,0.0,Low,23.8,68,25.7,0.0,10.9,Cloudy,1,0
2026-01-31 22:00:00,40.65896872471011,-74.00988679672132,Arterial,60,50.8,0.153,Low,17.6,79,16.0,0.0,8.6,Clear,1,0
2026-01-31 22:15:00,40.6530289219601,-74.02147839205826,Highway,90,74.4,0.173,Low,14.8,67,28.4,0.0,14.4,Cloudy,1,0
2026-01-31 22:30:00,,,City_Street,40,36.1,0.097,Low,22.2,71,23.2,0.0,13.7,Cloudy,1,0
2026-01-31 22:45:00,40.651823876203856,-74.01572698004033,Arterial,60,51.4,0.143,Low,20.6,46,33.9,0.0,8.2,Clear,1,0
2026-01-31 23:00:00,40.671955859321976,-73.99935290177018,City_Street,40,32.7,0.182,Low,28.8,51,15.4,0.0,8.8,Clear,1,0
2026-01-31 23:15:00,40.66697945405165,-74.01195417143015,Highway,90,79.0,0.122,Low,30.9,63,20.7,0.0,11.2,Clear,1,0
2026-01-31 23:30:00,40.66808182173609,-74.01623759045535,Highway,90,78.1,0.132,Low,22.6,63,22.3,0.0,8.3,Clear,1,0
2026-01-31 23:45:00,40.66499551521824,-74.0159055659754,City_Street,40,22.5,0.438,Moderate,5.6,100,28.4,20.3,2.9,Heavy Rain,1,0
2026-02-01 00:00:00,40.65047034494122,-74.01764030144906,City_Street,40,39.9,0.003,Low,11.9,93,16.1,0.0,13.6,Clear,1,0
2026-02-01 00:15:00,40.65027756965391,-73.99646454567666,Highway,90,74.5,0.172,Low,19.6,61,29.9,2.4,4.9,Rain,1,0
2026-02-01 00:30:00,40.67166195794126,-74.01022961138123,Residential,30,30.0,0.0,Low,15.6,36,4.9,0.0,12.9,Clear,1,0
2026-02-01 00:45:00,40.66711970417949,-74.01235655772045,Residential,30,24.8,0.173,Low,22.7,39,19.4,0.0,11.5,Clear,1,0
2026-02-01 01:00:00,40.66035867762164,-74.0203728219005,Highway,90,79.0,0.122,Low,27.0,82,11.8,0.0,14.8,Clear,1,0
2026-02-01 01:15:00,40.67473044522339,-74.00226886022593,City_Street,40,33.0,0.175,Low,22.5,45,25.0,0.0,14.4,Cloudy,1,0
2026-02-01 01:30:00,40.66861349495556,-74.00334750742768,Highway,90,78.5,0.128,Low,13.5,79,24.7,0.0,12.5,Clear,1,0
2026-02-01 01:45:00,40.65855774817504,-74.00328117638821,City_Street,40,33.7,0.157,Low,22.4,92,21.9,4.3,6.3,Rain,1,0
2026-02-01 02:00:00,40.66198525366611,-73.99231256461697,Highway,90,70.2,0.22,Low,19.7,93,20.0,0.0,8.5,Clear,1,0
2026-02-01 02:15:00,40.6607412282489,-73.99128565916375,Arterial,60,45.0,0.25,Moderate,22.0,73,19.5,5.9,5.0,Rain,1,0
2026-02-01 02:30:00,40.674925415767504,-74.01155864909087,Highway,90,84.7,0.059,Low,17.2,45,20.4,0.0,12.6,Cloudy,1,0
2026-02-01 02:45:00,40.655570809893945,-73.99379584274207,City_Street,40,23.0,0.425,Moderate,11.3,85,10.4,15.7,2.5,Heavy Rain,1,0
2026-02-01 03:00:00,40.64562344882464,-74.00148108727666,Residential,30,19.2,0.36,Moderate,22.6,53,9.5,0.0,0.4,Fog,1,0
2026-02-01 03:15:00,40.66393607124697,-73.9950645215066,Residential,30,20.7,0.31,Moderate,14.4,84,25.8,2.5,7.6,Rain,1,0
2026-02-01 03:30:00,40.646847524923054,-74.0008807493711,Arterial,60,53.2,0.113,Low,24.2,63,19.0,0.0,8.3,Clear,1,0
2026-02-01 03:45:00,40.67507316255086,-73.998168594613,Arterial,60,49.8,0.17,Low,15.9,58,9.7,0.0,9.8,Clear,1,0
2026-02-01 04:00:00,40.67043490339858,-74.00428879828837,Arterial,60,55.9,0.068,Low,20.1,48,17.0,0.0,11.0,Cloudy,1,0
2026-02-01 04:15:00,40.650564179876675,-74.0013708151109,Highway,90,90.0,0.0,Low,17.9,88,17.7,0.0,12.8,Clear,1,0
2026-02-01 04:30:00,40.65641704650553,-73.99615616070537,Arterial,60,56.2,0.063,Low,21.9,72,29.1,0.0,11.9,Cloudy,1,0
2026-02-01 04:45:00,40.662191253775845,-74.0128038223864,Highway,90,85.6,0.049,Low,21.5,47,21.8,0.0,14.9,Clear,1,0
2026-02-01 05:00:00,40.67278833313438,-74.00911418864227,Highway,90,54.7,0.392,Moderate,22.4,60,13.1,0.0,0.3,Fog,1,0
2026-02-01 05:15:00,40.64393908026559,-73.99270477562514,Residential,30,29.8,0.007,Low,24.5,64,23.5,0.0,13.7,Clear,1,0
2026-02-01 05:30:00,40.65929141843073,-73.99437135299347,City_Street,40,37.4,0.065,Low,15.7,42,4.6,0.0,12.7,Cloudy,1,0
2026-02-01 05:45:00,40.66254912643859,-74.00233359391376,Arterial,60,41.3,0.312,Moderate,16.1,46,13.6,0.0,0.5,Fog,1,0
2026-02-01 06:00:00,40.662194544260956,-73.99496231350707,City_Street,40,40.0,0.0,Low,17.9,70,12.4,0.0,8.1,Clear,1,0
2026-02-01 06:15:00,40.66234299948229,-74.00531434519567,City_Street,40,27.6,0.31,Moderate,10.6,72,6.1,2.6,5.1,Rain,1,0
2026-02-01 06:30:00,40.661103636876604,-73.99116850609109,Arterial,60,30.2,0.497,Moderate,8.2,100,21.1,9.4,0.9,Snow,1,0
2026-02-01 06:45:00,40.66523086699073,-73.98447031130098,Highway,90,77.4,0.14,Low,23.8,49,19.5,0.0,14.2,Clear,1,0
2026-02-01 07:00:00,40.666738499432974,-73.99885662634227,City_Street,40,31.0,0.225,Low,11.9,63,13.8,4.8,6.0,Rain,1,0
2026-02-01 07:15:00,40.659252900597416,-73.99793464384447,City_Street,40,34.6,0.135,Low,16.0,35,23.9,0.0,8.1,Cloudy,1,0
2026-02-01 07:30:00,40.6596220209702,-74.00021277600102,Arterial,60,30.5,0.492,Moderate,23.8,64,9.9,8.3,3.4,Heavy Rain,1,0
2026-02-01 07:45:00,40.661083642053605,-73.99498244892312,Residential,30,27.4,0.087,Low,19.6,46,25.6,0.0,15.0,Cloudy,1,0
2026-02-01 08:00:00,40.66645930850656,-73.99286875979438,Residential,30,24.8,0.173,Low,17.3,81,28.0,3.9,4.3,Rain,1,0
2026-02-01 08:15:00,40.66146075346201,-73.99361305156923,Highway,90,90.0,0.0,Low,17.6,75,2.4,0.0,10.4,Clear,1,0
2026-02-01 08:30:00,40.66388166117247,-73.98727167021217,Residential,30,18.9,0.37,Moderate,12.6,71,8.8,7.2,6.5,Rain,1,0
2026-02-01 08:45:00,40.66302403562481,-73.9937869673827,Residential,30,23.0,0.233,Low,22.0,68,2.6,0.0,10.6,Clear,1,0
2026-02-01 09:00:00,40.66417529069841,-73.98191321062139,Residential,30,22.3,0.257,Moderate,12.6,76,14.4,7.0,7.6,Rain,1,0
2026-02-01 09:15:00,40.664894095812045,-74.00101859024075,Residential,30,12.0,0.6,Heavy,11.9,72,25.0,10.9,2.9,Snow,1,0
2026-02-01 09:30:00,40.66184134656302,-74.00117737632583,Arterial,60,56.8,0.053,Low,17.7,40,5.8,0.0,14.6,Clear,1,0
2026-02-01 09:45:00,40.657402566853676,-73.9868802788245,Residential,30,20.7,0.31,Moderate,17.3,78,32.1,2.1,5.0,Rain,1,0
2026-02-01 10:00:00,40.65181253245988,-73.98321082454524,Highway,90,49.3,0.452,Moderate,26.8,22,23.9,0.0,1.0,Fog,1,0
2026-02-01 10:15:00,40.67068080682348,-73.96850637308951,Arterial,60,56.8,0.053,Low,19.5,74,22.8,0.0,8.1,Cloudy,1,0
2026-02-01 10:30:00,40.67422155298521,-73.97499497227815,Highway,90,80.2,0.109,Low,19.6,73,32.9,0.0,12.2,Clear,1,0
2026-02-01 10:45:00,40.66113129855038,-73.97572339956919,Highway,90,83.3,0.074,Low,14.0,77,14.5,0.0,9.6,Clear,1,0
2026-02-01 11:00:00,40.65970944339533,-74.00029622906538,City_Street,40,30.6,0.235,Low,21.7,94,8.3,7.5,5.2,Rain,1,0
2026-02-01 11:15:00,40.67245472422127,-73.98166262554055,Arterial,60,60.0,0.0,Low,25.8,54,32.6,0.0,11.0,Clear,1,0
2026-02-01 11:30:00,40.66477227545787,-73.99693771856553,Arterial,60,51.1,0.148,Low,24.3,81,16.0,0.0,11.5,Clear,1,0
2026-02-01 11:45:00,40.657791424517555,-73.9897556040082,Highway,90,37.5,0.583,Heavy,12.1,80,6.1,5.9,2.8,Snow,1,0
2026-02-01 12:00:00,40.66264677794028,-73.9750058540118,Highway,90,57.9,0.357,Moderate,24.1,54,30.7,0.0,10.8,Clear,1,0
2026-02-01 12:15:00,40.65918682293225,-73.97078662600444,Residential,30,23.7,0.21,Low,19.2,60,9.8,0.0,8.9,Cloudy,1,0
2026-02-01 12:30:00,40.67393947891381,-73.98116300501326,Arterial,60,41.1,0.315,Moderate,14.6,62,3.5,0.0,10.3,Clear,1,0
2026-02-01 12:45:00,40.6658325032612,-73.97904797484978,Arterial,60,50.4,0.16,Low,27.2,42,28.6,0.0,10.4,Cloudy,1,0
2026-02-01 13:00:00,40.66749810993385,-73.99013544977868,Highway,90,74.3,0.174,Low,11.4,49,17.6,0.0,11.1,Cloudy,1,0
2026-02-01 13:15:00,40.661484058613084,-73.97118525115337,Highway,90,37.6,0.582,Heavy,18.3,92,31.7,8.6,0.8,Snow,1,0
2026-02-01 13:30:00,40.67263318499716,-73.98497731380745,Highway,90,63.9,0.29,Moderate,20.3,42,26.9,0.0,10.7,Clear,1,0
2026-02-01 13:45:00,40.67028878940369,-73.96490051215294,Arterial,60,44.5,0.258,Moderate,21.1,68,21.2,0.0,14.7,Cloudy,1,0
2026-02-01 14:00:00,40.662998760327426,-74.0039858177017,City_Street,40,30.5,0.238,Low,12.1,76,20.4,0.0,13.1,Clear,1,0
2026-02-01 14:15:00,40.66445048697751,-73.99120998756257,Highway,90,60.1,0.332,Moderate,25.0,64,11.4,0.0,13.7,Cloudy,1,0
2026-02-01 14:30:00,40.666126545049025,-73.99246755646251,City_Street,40,27.2,0.32,Moderate,23.5,60,23.1,0.0,13.9,Clear,1,0
2026-02-01 14:45:00,40.667297588844605,-73.98013242769503,Highway,90,70.3,0.219,Low,16.5,64,25.9,0.0,8.5,Clear,1,0
2026-02-01 15:00:00,40.67062262224991,-73.99886125154158,Residential,30,24.8,0.173,Low,19.2,50,17.9,0.0,9.9,Cloudy,1,0
2026-02-01 15:15:00,40.672151093575664,-73.99286447283028,City_Street,40,28.7,0.282,Moderate,14.4,60,14.8,0.0,10.9,Cloudy,1,0
2026-02-01 15:30:00,40.68738238059142,-73.97592542913252,Arterial,60,43.6,0.273,Moderate,22.4,45,32.4,0.0,13.2,Clear,1,0
2026-02-01 15:45:00,40.663174195706006,-73.98406339022318,Residential,30,19.9,0.337,Moderate,23.2,43,23.5,0.0,14.0,Cloudy,1,0
2026-02-01 16:00:00,40.67455592921909,-73.97166380803516,City_Street,40,26.9,0.328,Moderate,25.3,56,2.2,0.0,11.0,Clear,1,0
2026-02-01 16:15:00,40.679633868485,-73.99272230169113,Arterial,60,47.7,0.205,Low,13.7,78,14.7,0.0,12.6,Clear,1,0
2026-02-01 16:30:00,40.668620971328366,-73.97754345472454,Highway,90,55.9,0.379,Moderate,18.0,94,7.8,4.9,4.4,Rain,1,0
2026-02-01 16:45:00,40.675502628703356,-73.97074412130993,City_Street,40,30.6,0.235,Low,19.3,42,8.2,0.0,14.2,Clear,1,0
2026-02-01 17:00:00,40.664649876564226,-73.98116198594262,City_Street,40,24.3,0.392,Moderate,15.8,70,30.1,3.9,7.2,Rain,1,0
2026-02-01 17:15:00,40.684282052937355,-73.96547086236882,Residential,30,20.2,0.327,Moderate,18.5,86,16.6,5.9,4.2,Rain,1,0
2026-02-01 17:30:00,40.67699644638737,-73.97782762512216,Arterial,60,51.5,0.142,Low,13.8,36,28.1,0.0,13.8,Clear,1,0
2026-02-01 17:45:00,40.66913268685267,-73.96476392398998,Highway,90,55.8,0.38,Moderate,18.5,76,20.6,7.3,7.3,Rain,1,0
2026-02-01 18:00:00,40.66834342810298,-73.96715532083466,Arterial,60,42.2,0.297,Moderate,22.1,86,14.3,0.0,13.0,Clear,1,0
2026-02-01 18:15:00,40.682620245417304,-73.96297781854963,Residential,30,22.0,0.267,Moderate,17.1,47,28.0,0.0,11.7,Cloudy,1,0
2026-02-01 18:30:00,40.67670309341488,-73.97317995070968,Highway,90,64.6,0.282,Moderate,13.5,49,19.1,0.0,12.5,Clear,1,0
2026-02-01 18:45:00,40.67004047253925,-73.98672098863571,Highway,90,75.9,0.157,Low,13.1,76,22.7,0.0,8.8,Clear,1,0
2026-02-01 19:00:00,40.681218593683525,-73.97650901164603,Residential,30,23.7,0.21,Low,13.9,73,17.8,5.5,7.8,Rain,1,0
2026-02-01 19:15:00,40.668561461053386,-73.98075758971522,Residential,30,23.4,0.22,Low,4.9,67,25.8,7.3,4.5,Rain,1,0
2026-02-01 19:30:00,40.68675117030118,-73.97379202247558,Highway,90,78.1,0.132,Low,18.3,53,3.3,0.0,9.7,Cloudy,1,0
2026-02-01 19:45:00,40.68050355382493,-73.96972722960051,Highway,90,62.7,0.303,Moderate,20.3,54,7.4,3.4,7.6,Rain,1,0
2026-02-01 20:00:00,40.67048021898854,-73.97238122827854,City_Street,40,35.5,0.113,Low,30.4,59,18.4,0.0,9.0,Clear,1,0
2026-02-01 20:15:00,40.680378740319156,-73.97366092508004,Highway,90,73.0,0.189,Low,12.5,71,14.1,0.0,10.9,Cloudy,1,0
2026-02-01 20:30:00,40.67662876688213,-73.96665589752996,City_Street,40,31.5,0.213,Low,12.9,83,31.0,2.8,6.4,Rain,1,0
2026-02-01 20:45:00,40.69416237957755,-73.96734828455664,Arterial,60,39.7,0.338,Moderate,14.1,75,10.1,4.8,5.3,Rain,1,0
2026-02-01 21:00:00,40.677332093858766,-73.9677188145309,Arterial,60,60.0,0.0,Low,13.6,62,17.6,0.0,9.2,Cloudy,1,0
2026-02-01 21:15:00,40.675267051804354,-73.98139623196614,Highway,90,87.5,0.028,Low,17.1,54,4.9,0.0,12.2,Clear,1,0
2026-02-01 21:30:00,40.66469009630014,-73.96212692763491,Highway,90,74.0,0.178,Low,28.9,61,18.6,0.0,9.6,Clear,1,0
2026-02-01 21:45:00,40.69117735767763,-73.97910806660481,Highway,90,56.5,0.372,Moderate,10.5,86,21.7,5.7,6.2,Rain,1,0
2026-02-01 22:00:00,40.66479674552011,-73.97362942779513,Residential,30,27.5,0.083,Low,22.8,80,21.6,0.0,14.1,Clear,1,0
2026-02-01 22:15:00,40.68354382301107,-73.98484150203427,Arterial,60,38.5,0.358,Moderate,19.1,24,27.8,0.0,0.9,Fog,1,0
2026-02-01 22:30:00,40.675011291359766,-73.97303444547917,Highway,90,40.8,0.547,Moderate,21.1,54,22.6,2.6,1.2,Snow,1,0
2026-02-01 22:45:00,40.672599447032646,-73.97642095305034,Residential,30,24.0,0.2,Low,28.0,88,15.5,0.0,9.5,Cloudy,1,0
2026-02-01 23:00:00,40.684060152204054,-73.95849007612586,Highway,90,78.7,0.126,Low,14.7,39,25.8,0.0,12.0,Cloudy,1,0
2026-02-01 23:15:00,40.68027478946062,-73.97542389542886,City_Street,40,40.0,0.0,Low,22.0,53,25.3,0.0,14.3,Clear,1,0
2026-02-01 23:30:00,40.68321446072331,-73.96922026573304,Highway,90,51.8,0.424,Moderate,24.6,38,11.9,0.0,0.3,Fog,1,0
2026-02-01 23:45:00,40.69458766242805,-73.96744188625408,Arterial,60,49.8,0.17,Low,8.8,59,14.7,1.6,6.8,Rain,1,0
2026-02-02 00:00:00,40.706752426859566,-73.96592237802004,Residential,30,24.1,0.197,Low,18.8,54,8.0,0.0,13.2,Cloudy,0,0
2026-02-02 00:15:00,40.67628428333602,-73.98110312341758,Highway,90,75.1,0.166,Low,16.6,76,10.5,0.0,9.0,Cloudy,0,0
2026-02-02 00:30:00,40.70205186865407,-73.96007222680949,Arterial,60,59.6,0.007,Low,16.5,46,32.3,0.0,14.2,Clear,0,0
2026-02-02 00:45:00,40.67617664600098,-73.98379010738721,City_Street,40,38.8,0.03,Low,19.3,51,24.7,0.0,8.4,Clear,0,0
2026-02-02 01:00:00,40.67561342985725,-73.9618442277172,Highway,90,71.7,0.203,Low,17.4,62,31.1,0.0,8.0,Cloudy,0,0
2026-02-02 01:15:00,40.675657351002485,-73.9618418853115,City_Street,40,40.0,0.0,Low,21.2,69,16.7,0.0,14.4,Clear,0,0
2026-02-02 01:30:00,40.678744609600315,-73.96496653035376,Arterial,60,57.6,0.04,Low,19.0,74,15.4,0.0,11.4,Cloudy,0,0
2026-02-02 01:45:00,40.68883563090629,-73.96380842825404,Highway,90,62.7,0.303,Moderate,16.0,65,14.8,5.6,4.8,Rain,0,0
2026-02-02 02:00:00,40.681529734183,-73.96215575377047,Residential,30,27.3,0.09,Low,30.4,78,11.8,0.0,10.2,Clear,0,0
2026-02-02 02:15:00,40.69249308894943,-73.95960766379459,City_Street,40,21.9,0.453,Moderate,19.8,48,18.1,0.0,1.4,Fog,0,0
2026-02-02 02:30:00,40.67578154563863,-73.96115488809718,City_Street,40,34.1,0.147,Low,30.8,57,23.9,0.0,11.8,Clear,0,0
2026-02-02 02:45:00,40.688958142546106,-73.97455805656993,City_Street,40,37.0,0.075,Low,21.3,63,21.9,0.0,8.4,Clear,0,0
2026-02-02 03:00:00,40.69045278510308,-73.96095874006797,Residential,30,15.5,0.483,Moderate,20.5,79,20.6,7.3,1.8,Snow,0,0
2026-02-02 03:15:00,40.68330915707077,-73.95807816035645,City_Street,40,36.9,0.078,Low,17.4,52,30.2,0.0,8.6,Clear,0,0
2026-02-02 03:30:00,40.67380601633299,-73.972989426135,City_Street,40,35.3,0.118,Low,17.0,72,2.5,0.0,14.9,Clear,0,0
2026-02-02 03:45:00,40.68413210763491,-73.95534283341968,Residential,30,30.0,0.0,Low,10.9,41,4.6,0.0,12.0,Clear,0,0
2026-02-02 04:00:00,40.68320975718512,-73.96602625648843,Residential,30,24.1,0.197,Low,13.5,75,19.9,0.0,14.0,Clear,0,0
2026-02-02 04:15:00,40.68034961303499,-73.9582644260076,Arterial,60,55.3,0.078,Low,21.3,57,18.0,0.0,12.4,Cloudy,0,0
2026-02-02 04:30:00,40.69726621164426,-73.95585090504589,Residential,30,30.0,0.0,Low,16.5,38,24.7,0.0,13.6,Clear,0,0
2026-02-02 04:45:00,40.68056360108242,-73.96181680322714,Arterial,60,60.0,0.0,Low,17.7,66,27.3,0.0,11.8,Cloudy,0,0
2026-02-02 05:00:00,40.671986995886904,-73.96068267100785,Residential,30,28.6,0.047,Low,18.1,60,17.3,0.0,12.4,Cloudy,0,0
2026-02-02 05:15:00,40.67948325692942,-73.96040483777969,City_Street,40,40.0,0.0,Low,28.3,35,29.9,0.0,10.0,Clear,0,0
2026-02-02 05:30:00,40.68409692895672,-73.96500710877413,Highway,90,81.6,0.093,Low,16.3,33,16.5,0.0,11.3,Clear,0,0
2026-02-02 05:45:00,40.68541302299964,-73.96946629449901,Highway,90,59.2,0.342,Moderate,10.0,44,33.5,3.3,4.0,Rain,0,0
2026-02-02 06:00:00,40.68402444221344,-73.97624214670104,City_Street,40,31.9,0.203,Low,8.8,66,28.2,0.0,14.7,Clear,0,0
2026-02-02 06:15:00,40.698408896084196,-73.96137625729479,Highway,90,71.1,0.21,Low,21.0,88,12.5,0.0,9.3,Cloudy,0,0
2026-02-02 06:30:00,40.6841285971299,-73.95574968633055,Residential,30,19.0,0.367,Moderate,23.5,71,25.1,7.7,6.2,Rain,0,0
2026-02-02 06:45:00,40.687170674049085,-73.95221600198695,City_Street,40,15.4,0.615,Heavy,21.4,61,32.9,4.5,1.2,Snow,0,0
2026-02-02 07:00:00,40.69668375049816,-73.9632635615095,Residential,30,7.2,0.76,Heavy,19.0,100,25.3,17.0,1.8,Heavy Rain,0,1
2026-02-02 07:15:00,40.699474025637095,-73.9662307855667,City_Street,40,18.0,0.55,Heavy,15.6,74,12.8,0.0,11.5,Clear,0,1
2026-02-02 07:30:00,40.69502200994615,-73.95132285099757,Highway,90,42.5,0.528,Moderate,23.9,29,6.2,0.0,9.1,Clear,0,1
2026-02-02 07:45:00,,,City_Street,40,9.7,0.758,Heavy,16.8,80,22.7,15.1,3.0,Heavy Rain,0,1
2026-02-02 08:00:00,40.687438495542764,-73.96602637081975,City_Street,40,11.6,0.71,Heavy,23.3,76,20.0,0.0,0.6,Fog,0,1
2026-02-02 08:15:00,40.677371956591195,-73.95345442885117,Arterial,60,30.7,0.488,Moderate,29.9,80,21.9,0.0,9.0,Clear,0,1
2026-02-02 08:30:00,40.6934355961067,-73.96294559861583,Highway,90,38.8,0.569,Heavy,16.3,72,9.4,0.0,14.0,Clear,0,1
2026-02-02 08:45:00,40.68988769415957,-73.94281338943357,Residential,30,13.6,0.547,Moderate,19.9,64,9.2,0.0,11.7,Clear,0,1
2026-02-02 09:00:00,40.70072343454459,-73.95789674835885,Arterial,60,20.6,0.657,Heavy,9.0,44,6.6,2.6,7.2,Rain,0,1
2026-02-02 09:15:00,40.70058035238477,-73.95457766127696,Arterial,60,24.3,0.595,Heavy,24.6,60,28.8,0.0,8.4,Cloudy,0,1
2026-02-02 09:30:00,40.699128486139195,-73.9616673125575,Residential,30,14.7,0.51,Moderate,22.7,35,23.0,0.0,13.3,Cloudy,0,1
2026-02-02 09:45:00,40.69588944835838,-73.96748391262284,Arterial,60,30.6,0.49,Moderate,14.9,76,14.1,0.0,12.6,Cloudy,0,1
2026-02-02 10:00:00,40.68222087600995,-73.95816679241322,City_Street,40,33.4,0.165,Low,12.5,63,13.2,5.6,7.5,Rain,0,0
2026-02-02 10:15:00,40.706072478390595,-73.95690010098507,Residential,30,24.0,0.2,Low,17.7,60,21.4,0.0,8.7,Cloudy,0,0
2026-02-02 10:30:00,40.7171730284122,-73.95161713474945,City_Street,40,19.5,0.512,Moderate,18.3,87,13.4,8.3,1.8,Snow,0,0
2026-02-02 10:45:00,40.684026771983255,-73.95606699284828,Highway,90,69.6,0.227,Low,25.8,49,27.7,0.0,8.6,Cloudy,0,0
2026-02-02 11:00:00,40.70202324362011,-73.95851088250336,Residential,30,24.1,0.197,Low,23.4,100,27.2,7.3,7.2,Rain,0,0
2026-02-02 11:15:00,40.71168188052415,-73.95402182838485,Residential,30,29.0,0.033,Low,13.9,59,21.0,0.0,12.9,Clear,0,0
2026-02-02 11:30:00,40.702359133595216,-73.95549666741918,Highway,90,76.9,0.146,Low,21.6,77,11.4,0.0,11.1,Cloudy,0,0
2026-02-02 11:45:00,40.71857640325933,-73.94818371123735,Highway,90,86.7,0.037,Low,22.4,45,14.0,0.0,14.6,Clear,0,0
2026-02-02 12:00:00,40.71290546146886,-73.95589603287036,Highway,90,77.3,0.141,Low,18.4,68,34.9,0.0,9.0,Clear,0,0
2026-02-02 12:15:00,40.69122595366042,-73.96813975866787,Residential,30,26.0,0.133,Low,17.9,37,3.4,0.0,12.9,Clear,0,0
2026-02-02 12:30:00,40.7014174834368,-73.96144223180845,Arterial,60,49.9,0.168,Low,15.1,66,25.8,4.8,6.2,Rain,0,0
2026-02-02 12:45:00,40.70500283023941,-73.95651568829457,City_Street,40,36.2,0.095,Low,14.9,54,4.4,0.0,11.5,Cloudy,0,0
2026-02-02 13:00:00,40.70147193242622,-73.96173569001824,Residential,30,27.0,0.1,Low,21.9,60,18.1,0.0,8.1,Cloudy,0,0
2026-02-02 13:15:00,40.71181544074998,-73.96689857289921,City_Street,40,36.4,0.09,Low,15.7,86,26.1,0.0,13.7,Clear,0,0
2026-02-02 13:30:00,40.70511833096487,-73.96557448496722,City_Street,40,24.8,0.38,Moderate,20.7,59,6.2,0.0,0.3,Fog,0,0
2026-02-02 13:45:00,40.69987672765117,-73.95393780865017,Arterial,60,54.9,0.085,Low,27.2,52,8.3,0.0,8.9,Cloudy,0,0
2026-02-02 14:00:00,40.71875797242646,-73.95915309680285,City_Street,40,37.7,0.057,Low,24.8,80,28.6,0.0,12.2,Cloudy,0,0
2026-02-02 14:15:00,40.71258848100134,-73.95283328841538,Arterial,60,52.9,0.118,Low,21.3,61,34.5,0.0,12.7,Clear,0,0
2026-02-02 14:30:00,40.709308967388154,-73.96138339552633,Arterial,60,46.3,0.228,Low,14.1,47,15.5,0.0,8.2,Clear,0,0
2026-02-02 14:45:00,40.702037084881695,-73.94799720889345,City_Street,40,33.4,0.165,Low,22.6,78,9.1,0.0,9.3,Clear,0,0
2026-02-02 15:00:00,40.705775756624675,-73.94373975466561,Residential,30,19.7,0.343,Moderate,24.4,26,29.5,0.0,1.3,Fog,0,0
2026-02-02 15:15:00,40.723901260899154,-73.94888319759568,Residential,30,29.3,0.023,Low,25.0,51,20.1,0.0,9.4,Clear,0,0
2026-02-02 15:30:00,40.715693501934425,-73.96323360816514,City_Street,40,34.8,0.13,Low,20.5,67,34.4,0.0,9.8,Clear,0,0
2026-02-02 15:45:00,40.714301616693525,-73.95214857238807,Arterial,60,51.8,0.137,Low,25.9,74,33.2,0.0,12.7,Clear,0,0
2026-02-02 16:00:00,40.708533680379176,-73.9533399266516,Residential,30,29.3,0.023,Low,28.4,68,24.3,0.0,10.8,Cloudy,0,0
2026-02-02 16:15:00,40.71002129697333,-73.95171529010675,City_Street,40,34.6,0.135,Low,13.1,45,32.3,0.0,10.7,Clear,0,0
2026-02-02 16:30:00,40.714564553441676,-73.95988938802667,Highway,90,78.5,0.128,Low,21.9,56,24.9,0.0,10.0,Clear,0,0
2026-02-02 16:45:00,40.72356890441903,-73.96246303932996,City_Street,40,32.9,0.177,Low,13.8,57,26.0,0.0,10.7,Clear,0,0
2026-02-02 17:00:00,,,City_Street,40,17.9,0.552,Heavy,16.6,58,26.0,0.0,9.2,Clear,0,1
2026-02-02 17:15:00,40.703583758920615,-73.95562128984804,Arterial,60,30.7,0.488,Moderate,18.8,55,31.0,0.0,8.6,Clear,0,1
2026-02-02 17:30:00,40.71653629117604,-73.954063054095,Highway,90,45.4,0.496,Moderate,17.6,61,18.6,0.0,11.0,Clear,0,1
2026-02-02 17:45:00,40.71492993337915,-73.95317233704782,Residential,30,11.9,0.603,Heavy,20.6,61,19.7,6.4,6.1,Rain,0,1
2026-02-02 18:00:00,40.70610975507305,-73.95411006868811,Arterial,60,24.6,0.59,Heavy,24.7,78,34.5,0.0,12.0,Cloudy,0,1
2026-02-02 18:15:00,40.71917067144003,-73.95237027330208,Residential,30,15.0,0.5,Moderate,24.0,47,8.0,0.0,9.1,Clear,0,1
2026-02-02 18:30:00,40.71896764891124,-73.96086417421293,City_Street,40,16.3,0.593,Heavy,15.3,73,24.0,0.0,10.2,Clear,0,1
2026-02-02 18:45:00,40.71153977197902,-73.95709380612347,City_Street,40,14.5,0.637,Heavy,14.7,94,20.2,7.7,7.7,Rain,0,1
2026-02-02 19:00:00,40.710997012016705,-73.9524297939321,Residential,30,12.4,0.587,Heavy,22.0,62,32.4,0.0,12.3,Clear,0,1
2026-02-02 19:15:00,40.70906150549616,-73.95457546728827,Highway,90,32.2,0.642,Heavy,27.4,60,26.0,0.0,0.2,Fog,0,1
2026-02-02 19:30:00,40.70655351069755,-73.96196114366451,City_Street,40,19.4,0.515,Moderate,21.9,71,23.5,0.0,11.0,Cloudy,0,1
2026-02-02 19:45:00,40.729456570608555,-73.97184768014606,Arterial,60,27.0,0.55,Heavy,25.7,71,7.4,0.0,10.3,Clear,0,1
2026-02-02 20:00:00,40.70732715153126,-73.9540170101471,Residential,30,29.8,0.007,Low,12.9,59,2.1,0.0,14.0,Clear,0,0
2026-02-02 20:15:00,40.722330773653574,-73.9531376796655,City_Street,40,25.6,0.36,Moderate,20.7,69,29.0,0.0,0.4,Fog,0,0
2026-02-02 20:30:00,40.719758707067314,-73.97379382728019,Highway,90,43.9,0.512,Moderate,17.1,55,22.9,4.3,1.1,Snow,0,0
2026-02-02 20:45:00,40.72425595447785,-73.97051555179651,Highway,90,71.2,0.209,Low,13.7,30,15.4,0.0,12.4,Clear,0,0
2026-02-02 21:00:00,40.721070752016566,-73.96436117608367,Arterial,60,48.1,0.198,Low,13.7,78,14.9,6.3,6.1,Rain,0,0
2026-02-02 21:15:00,40.71965572801257,-73.95388348276097,Residential,30,27.8,0.073,Low,18.0,65,18.2,0.0,10.3,Clear,0,0
2026-02-02 21:30:00,40.72198756979552,-73.96159927634099,City_Street,40,36.0,0.1,Low,16.9,46,10.4,0.0,12.9,Clear,0,0
2026-02-02 21:45:00,40.71296439859206,-73.9576478949049,Residential,30,24.8,0.173,Low,16.6,67,24.9,0.0,11.4,Clear,0,0
2026-02-02 22:00:00,40.72821367272076,-73.96018561983453,Residential,30,25.1,0.163,Low,11.5,73,14.9,2.1,7.1,Rain,0,0
2026-02-02 22:15:00,40.73010305082919,-73.94645192675199,Residential,30,30.0,0.0,Low,16.6,53,16.1,0.0,14.5,Clear,0,0
2026-02-02 22:30:00,40.72205974427462,-73.94921712060984,Arterial,60,42.4,0.293,Moderate,13.8,67,12.7,6.5,4.6,Rain,0,0
2026-02-02 22:45:00,40.722860186249854,-73.95911371319555,City_Street,40,25.6,0.36,Moderate,15.4,72,28.5,0.0,0.3,Fog,0,0
2026-02-02 23:00:00,40.7347535822495,-73.9564038272227,City_Street,40,24.3,0.392,Moderate,12.7,85,34.2,12.8,3.4,Heavy Rain,0,0
2026-02-02 23:15:00,40.74834833135591,-73.96116727950566,Highway,90,78.4,0.129,Low,15.9,37,7.7,0.0,11.5,Clear,0,0
2026-02-02 23:30:00,40.72445557419939,-73.97442641371886,Highway,90,41.0,0.544,Moderate,14.2,56,24.0,6.4,0.5,Snow,0,0
2026-02-02 23:45:00,40.7220086545649,-73.96417110517326,Residential,30,23.1,0.23,Low,13.8,33,10.1,0.0,13.0,Clear,0,0
2026-02-03 00:00:00,40.72556335433163,-73.9583168575142,Highway,90,90.0,0.0,Low,20.8,66,28.8,0.0,9.0,Clear,0,0
2026-02-03 00:15:00,40.71468558597927,-73.95846341345221,City_Street,40,39.7,0.007,Low,18.8,58,21.3,0.0,13.3,Cloudy,0,0
2026-02-03 00:30:00,40.71924758394002,-73.94666353058022,Highway,90,81.4,0.096,Low,17.0,72,23.0,0.0,12.9,Cloudy,0,0
2026-02-03 00:45:00,40.727456891910265,-73.95795454416569,Arterial,60,55.6,0.073,Low,17.2,63,4.8,0.0,11.0,Clear,0,0
2026-02-03 01:00:00,40.718455749191385,-73.95941907536798,City_Street,40,38.2,0.045,Low,21.5,42,11.1,0.0,9.3,Cloudy,0,0
2026-02-03 01:15:00,40.71241524817928,-73.96405304562762,Residential,30,21.9,0.27,Moderate,15.0,74,15.6,7.3,4.3,Rain,0,0
2026-02-03 01:30:00,40.729935872242535,-73.96282562814595,Arterial,60,37.9,0.368,Moderate,15.1,45,17.9,0.0,0.3,Fog,0,0
2026-02-03 01:45:00,40.73443204574187,-73.96637749655625,City_Street,40,36.9,0.078,Low,5.5,42,2.1,0.0,12.8,Clear,0,0
2026-02-03 02:00:00,40.73585414388917,-73.96363553770597,Residential,30,30.0,0.0,Low,24.0,35,4.1,0.0,13.7,Cloudy,0,0
2026-02-03 02:15:00,40.7176935366532,-73.96338591110477,Arterial,60,27.7,0.538,Moderate,13.2,100,9.4,18.6,1.8,Heavy Rain,0,0
2026-02-03 02:30:00,40.72295994249942,-73.95222397600155,City_Street,40,39.8,0.005,Low,22.2,71,2.7,0.0,15.0,Clear,0,0
2026-02-03 02:45:00,40.729425747715524,-73.9628706656878,Highway,90,88.7,0.014,Low,12.4,56,34.0,0.0,13.0,Cloudy,0,0
2026-02-03 03:00:00,40.742546348372834,-73.96425326187688,Residential,30,27.0,0.1,Low,32.0,46,25.6,0.0,10.3,Clear,0,0
2026-02-03 03:15:00,40.73097274495442,-73.96090618373492,Arterial,60,52.7,0.122,Low,20.8,57,14.1,0.0,10.3,Cloudy,0,0
2026-02-03 03:30:00,40.73370979744251,-73.9534305207639,Highway,90,88.7,0.014,Low,23.5,70,9.2,0.0,12.3,Cloudy,0,0
2026-02-03 03:45:00,40.73955833314023,-73.95316077592712,Residential,30,28.2,0.06,Low,5.2,100,6.6,0.0,13.7,Clear,0,0
2026-02-03 04:00:00,40.738632405441074,-73.97192007596,Arterial,60,48.8,0.187,Low,20.8,47,30.1,0.0,10.4,Clear,0,0
2026-02-03 04:15:00,40.72591480757723,-73.95944638092533,Highway,90,71.4,0.207,Low,24.5,84,4.7,0.0,14.0,Cloudy,0,0
2026-02-03 04:30:00,40.73800123532808,-73.96308031495509,Residential,30,28.2,0.06,Low,11.2,68,26.6,0.0,14.0,Cloudy,0,0
2026-02-03 04:45:00,40.72387718048321,-73.95637668223979,City_Street,40,37.9,0.052,Low,23.2,42,12.0,0.0,8.3,Cloudy,0,0
2026-02-03 05:00:00,40.75015049447372,-73.97256669135453,Residential,30,14.7,0.51,Moderate,11.8,99,6.6,18.5,1.3,Heavy Rain,0,0
2026-02-03 05:15:00,40.73279650420294,-73.96684478623554,Arterial,60,60.0,0.0,Low,23.8,62,30.3,0.0,13.5,Cloudy,0,0
2026-02-03 05:30:00,40.759515666805555,-73.96630023299493,Arterial,60,57.2,0.047,Low,20.4,86,24.5,0.0,9.2,Clear,0,0
2026-02-03 05:45:00,40.731939908837155,-73.94933305745276,Residential,30,30.0,0.0,Low,27.0,80,11.4,0.0,9.3,Clear,0,0
2026-02-03 06:00:00,40.736003576785976,-73.95852281420048,Residential,30,26.0,0.133,Low,27.0,59,28.0,0.0,13.1,Clear,0,0
2026-02-03 06:15:00,40.738674764740594,-73.96275995888529,Arterial,60,51.9,0.135,Low,13.8,45,12.9,0.0,9.0,Cloudy,0,0
2026-02-03 06:30:00,40.72557798703757,-73.94494746603404,City_Street,40,34.3,0.143,Low,26.0,50,8.1,0.0,14.9,Clear,0,0
2026-02-03 06:45:00,40.73898555860943,-73.95880725217631,City_Street,40,37.0,0.075,Low,22.2,65,32.8,0.0,12.4,Clear,0,0
2026-02-03 07:00:00,40.72234735194319,-73.95040064701618,Arterial,60,27.7,0.538,Moderate,16.4,39,21.5,0.0,9.1,Cloudy,0,1
2026-02-03 07:15:00,40.73230520162477,-73.96857923678454,Arterial,60,30.7,0.488,Moderate,27.8,73,19.6,0.0,12.9,Clear,0,1
2026-02-03 07:30:00,40.73571436346142,-73.95895917653444,Residential,30,15.2,0.493,Moderate,21.2,71,10.1,0.0,14.8,Clear,0,1
2026-02-03 07:45:00,40.756130249649075,-73.96398242127067,City_Street,40,19.9,0.503,Moderate,13.9,76,16.4,0.0,12.8,Cloudy,0,1
2026-02-03 08:00:00,40.74801829241864,-73.96823543005257,Residential,30,8.0,0.733,Heavy,26.4,26,23.5,0.0,0.9,Fog,0,1
2026-02-03 08:15:00,40.738554143986256,-73.97121641869683,Highway,90,42.0,0.533,Moderate,21.2,68,10.4,0.0,13.9,Clear,0,1
2026-02-03 08:30:00,40.745065234415605,-73.96153969773695,Residential,30,13.7,0.543,Moderate,20.7,86,22.0,0.0,10.3,Clear,0,1
2026-02-03 08:45:00,40.74611645760813,-73.97170742993015,City_Street,40,19.7,0.508,Moderate,26.1,63,29.8,0.0,9.9,Clear,0,1
2026-02-03 09:00:00,40.74610924226096,-73.9695349708719,City_Street,40,20.7,0.483,Moderate,17.2,40,31.4,0.0,14.0,Cloudy,0,1
2026-02-03 09:15:00,,,Highway,90,28.4,0.684,Heavy,-2.0,92,16.2,3.5,5.5,Rain,0,1
2026-02-03 09:30:00,40.749434639638814,-73.96018592736085,Residential,30,10.8,0.64,Heavy,24.5,57,6.1,0.0,1.3,Fog,0,1
2026-02-03 09:45:00,40.73370914028754,-73.97516061008488,Arterial,60,18.9,0.685,Heavy,13.7,67,33.8,5.4,7.2,Rain,0,1
2026-02-03 10:00:00,40.71754695687872,-73.9597206840406,City_Street,40,34.9,0.128,Low,13.5,56,11.3,0.0,10.8,Cloudy,0,0
2026-02-03 10:15:00,40.74952065234935,-73.96304810634534,Arterial,60,54.6,0.09,Low,18.9,34,14.6,0.0,12.9,Clear,0,0
2026-02-03 10:30:00,40.73771443883421,-73.96591912390795,Highway,90,36.2,0.598,Heavy,6.1,87,26.1,11.1,1.3,Snow,0,0
2026-02-03 10:45:00,40.74491968943546,-73.97982484864988,Highway,90,80.8,0.102,Low,19.6,59,21.1,0.0,8.9,Cloudy,0,0
2026-02-03 11:00:00,40.75282857819313,-73.98172988049144,Residential,30,23.9,0.203,Low,22.7,64,29.7,0.0,9.2,Clear,0,0
2026-02-03 11:15:00,40.7623936811128,-73.96515192451501,Arterial,60,48.4,0.193,Low,25.7,75,14.9,6.3,7.5,Rain,0,0
2026-02-03 11:30:00,40.75607263133215,-73.9671154333578,Arterial,60,49.8,0.17,Low,11.2,70,10.9,6.2,7.0,Rain,0,0
2026-02-03 11:45:00,40.7385857285332,-73.97132907871631,Highway,90,90.0,0.0,Low,15.4,70,14.8,0.0,14.1,Clear,0,0
2026-02-03 12:00:00,40.74380483575512,-73.97082862256009,City_Street,40,30.9,0.228,Low,18.2,51,9.8,0.0,12.8,Cloudy,0,0
2026-02-03 12:15:00,40.747011977061305,-73.98346438501201,City_Street,40,40.0,0.0,Low,22.5,45,22.6,0.0,10.6,Clear,0,0
2026-02-03 12:30:00,40.74897604351564,-73.97490943616413,Residential,30,23.6,0.213,Low,22.4,68,22.2,0.0,11.4,Clear,0,0
2026-02-03 12:45:00,40.75641180438483,-73.9704865602012,Highway,90,90.0,0.0,Low,21.2,35,6.9,0.0,10.0,Clear,0,0
2026-02-03 13:00:00,40.746614936364935,-73.95998791544024,Residential,30,17.9,0.403,Moderate,17.0,80,16.0,8.2,1.6,Heavy Rain,0,0
2026-02-03 13:15:00,40.75737816683157,-73.97870526698472,Arterial,60,58.0,0.033,Low,22.2,78,10.4,0.0,13.8,Clear,0,0
2026-02-03 13:30:00,40.741277705610926,-73.9804783690715,City_Street,40,27.2,0.32,Moderate,15.2,60,5.7,7.9,7.8,Rain,0,0
2026-02-03 13:45:00,40.743319041404696,-73.9773505748707,City_Street,40,33.0,0.175,Low,17.1,57,11.1,0.0,8.7,Clear,0,0
2026-02-03 14:00:00,40.76015818755835,-73.9973089963282,Residential,30,30.0,0.0,Low,9.3,60,3.9,0.0,10.3,Cloudy,0,0
2026-02-03 14:15:00,40.7515253877309,-73.96619047425415,Arterial,60,60.0,0.0,Low,5.9,59,14.6,0.0,12.9,Clear,0,0
2026-02-03 14:30:00,40.74075074354382,-73.98296505712507,Highway,90,65.0,0.278,Moderate,18.2,73,13.5,7.0,7.5,Rain,0,0
2026-02-03 14:45:00,40.76225771116591,-73.96464975187772,Arterial,60,50.5,0.158,Low,20.9,78,34.6,0.0,11.4,Clear,0,0
2026-02-03 15:00:00,40.75482090168593,-73.96675263506995,City_Street,40,26.2,0.345,Moderate,22.4,52,30.6,0.0,1.5,Fog,0,0
2026-02-03 15:15:00,40.74784659471849,-73.96817773226448,Residential,30,21.5,0.283,Moderate,20.4,68,9.3,5.8,6.6,Rain,0,0
2026-02-03 15:30:00,40.75223883076108,-73.9551760018641,City_Street,40,34.1,0.147,Low,18.0,51,24.3,0.0,10.5,Clear,0,0
2026-02-03 15:45:00,40.74696621348935,-73.97045932396765,Highway,90,79.7,0.114,Low,24.2,71,33.4,0.0,14.0,Cloudy,0,0
2026-02-03 16:00:00,40.74157155560883,-73.96809986344519,Residential,30,17.1,0.43,Moderate,25.1,48,21.6,0.0,1.0,Fog,0,0
2026-02-03 16:15:00,40.739736198077395,-73.98160946029064,Highway,90,76.5,0.15,Low,16.7,26,27.3,0.0,9.4,Cloudy,0,0
2026-02-03 16:30:00,40.75831769271405,-73.97821557214755,Residential,30,23.4,0.22,Low,19.9,45,14.9,0.0,8.1,Cloudy,0,0
2026-02-03 16:45:00,40.75507951625956,-73.98032372233303,City_Street,40,33.3,0.168,Low,14.4,77,8.5,4.2,6.4,Rain,0,0
2026-02-03 17:00:00,40.74967637320465,-73.9941653015312,Highway,90,43.0,0.522,Moderate,18.3,55,2.2,0.0,11.7,Clear,0,1
2026-02-03 17:15:00,40.7360315373091,-73.98002661863002,Highway,90,35.3,0.608,Heavy,21.5,57,29.2,0.0,14.9,Clear,0,1
2026-02-03 17:30:00,40.75515342280848,-73.97747656928587,Arterial,60,16.0,0.733,Heavy,12.6,66,23.1,10.5,2.8,Heavy Rain,0,1
2026-02-03 17:45:00,40.75356117980401,-73.99160203931551,Highway,90,36.2,0.598,Heavy,23.0,57,17.4,0.0,14.4,Clear,0,1
2026-02-03 18:00:00,40.75626296127909,-73.97364911408256,City_Street,40,15.4,0.615,Heavy,17.4,70,11.0,2.9,4.5,Rain,0,1
2026-02-03 18:15:00,40.768489851044045,-73.9884038061641,Residential,30,12.7,0.577,Heavy,23.5,81,4.2,0.0,8.6,Cloudy,0,1
2026-02-03 18:30:00,40.757000227163644,-73.98754561552198,City_Street,40,17.8,0.555,Heavy,25.2,40,28.8,0.0,8.4,Clear,0,1
2026-02-03 18:45:00,40.754085873706096,-73.96628072768367,Residential,30,9.8,0.673,Heavy,6.4,66,30.6,2.0,4.6,Rain,0,1
2026-02-03 19:00:00,40.77352382207656,-73.99383304320786,City_Street,40,18.8,0.53,Moderate,19.0,38,14.0,0.0,14.9,Clear,0,1
2026-02-03 19:15:00,40.77001818430503,-73.98280845877566,Highway,90,42.7,0.526,Moderate,13.3,68,3.7,0.0,11.4,Clear,0,1
2026-02-03 19:30:00,40.75722744251073,-73.97244769021005,Arterial,60,29.0,0.517,Moderate,13.8,55,10.7,0.0,8.7,Clear,0,1
2026-02-03 19:45:00,40.756868752275096,-73.98105779329019,Residential,30,14.5,0.517,Moderate,13.9,82,31.6,0.0,9.4,Clear,0,1
2026-02-03 20:00:00,40.75870135903584,-73.99709881888978,City_Street,40,32.6,0.185,Low,21.3,66,4.1,0.0,13.4,Clear,0,0
2026-02-03 20:15:00,40.77887304147956,-73.97846787853534,Highway,90,65.3,0.274,Moderate,15.1,88,9.7,5.3,7.4,Rain,0,0
2026-02-03 20:30:00,40.75587937443288,-73.99101023556945,City_Street,40,38.6,0.035,Low,25.2,59,2.1,0.0,14.8,Clear,0,0
2026-02-03 20:45:00,40.76162431663336,-73.9861824233486,Residential,30,24.1,0.197,Low,26.0,51,21.0,0.0,13.2,Clear,0,0
2026-02-03 21:00:00,40.746877043533466,-74.00059599415343,Residential,30,29.4,0.02,Low,13.5,58,19.7,0.0,13.6,Clear,0,0
2026-02-03 21:15:00,40.76655066994097,-73.9799488682695,Arterial,60,53.8,0.103,Low,16.2,62,23.6,0.0,8.8,Clear,0,0
2026-02-03 21:30:00,40.75251351257281,-73.97428776095937,City_Street,40,32.4,0.19,Low,25.5,68,4.6,0.0,14.7,Clear,0,0
2026-02-03 21:45:00,40.75771516547532,-73.97498698257762,City_Street,40,31.8,0.205,Low,6.7,54,22.5,7.4,6.7,Rain,0,0
2026-02-03 22:00:00,40.7627979813874,-73.99403956767313,Arterial,60,29.5,0.508,Moderate,16.8,71,22.2,4.7,2.9,Snow,0,0
2026-02-03 22:15:00,40.76226057152965,-73.98971022088611,Residential,30,27.5,0.083,Low,14.7,54,18.8,0.0,13.8,Clear,0,0
2026-02-03 22:30:00,40.742712396829155,-73.97811493147485,Residential,30,20.1,0.33,Moderate,14.8,60,26.1,5.0,6.5,Rain,0,0
2026-02-03 22:45:00,40.75335791982896,-74.00141708386063,City_Street,40,16.5,0.588,Heavy,18.2,96,10.5,7.9,1.8,Snow,0,0
2026-02-03 23:00:00,40.76013844195576,-73.9860109617353,Residential,30,25.4,0.153,Low,24.7,38,22.6,0.0,14.4,Cloudy,0,0
2026-02-03 23:15:00,40.7510152149451,-73.98269638914594,Arterial,60,47.2,0.213,Low,17.9,61,25.5,0.0,13.2,Clear,0,0
2026-02-03 23:30:00,40.747884544883924,-73.98145095778754,Arterial,60,47.1,0.215,Low,26.8,68,19.1,0.0,13.5,Cloudy,0,0
2026-02-03 23:45:00,40.76079940245864,-73.99413384142294,Arterial,60,57.8,0.037,Low,13.9,47,14.3,0.0,13.5,Clear,0,0
2026-02-04 00:00:00,40.76672539910933,-73.98719015694425,Residential,30,23.0,0.233,Low,22.9,75,30.6,0.0,13.3,Cloudy,0,0
2026-02-04 00:15:00,40.76243887381774,-73.98459783725215,Arterial,60,54.7,0.088,Low,18.2,66,19.0,0.0,12.5,Clear,0,0
2026-02-04 00:30:00,40.75567219003431,-73.97933413127558,Residential,30,20.9,0.303,Moderate,17.8,65,24.1,1.7,7.2,Rain,0,0
2026-02-04 00:45:00,40.76179907078462,-73.99622346833824,Residential,30,30.0,0.0,Low,22.5,66,17.0,0.0,8.9,Cloudy,0,0
2026-02-04 01:00:00,40.763001622969426,-73.98631949524218,City_Street,40,33.3,0.168,Low,23.9,67,23.2,0.0,12.9,Clear,0,0
2026-02-04 01:15:00,40.761462769111645,-73.99203684771179,City_Street,40,29.4,0.265,Moderate,7.8,88,19.0,2.5,7.7,Rain,0,0
2026-02-04 01:30:00,40.77169575476012,-73.98655327382454,Residential,30,29.2,0.027,Low,18.1,30,31.3,0.0,12.0,Cloudy,0,0
2026-02-04 01:45:00,40.75322736573558,-73.98641437570565,Arterial,60,40.0,0.333,Moderate,19.0,60,6.5,1.3,7.2,Rain,0,0
2026-02-04 02:00:00,40.7574007467766,-73.99094997396925,Highway,90,82.3,0.086,Low,26.3,39,25.2,0.0,11.6,Clear,0,0
2026-02-04 02:15:00,40.768197295868475,-73.99945890358501,Highway,90,84.5,0.061,Low,13.8,67,22.3,0.0,13.8,Cloudy,0,0
2026-02-04 02:30:00,40.748813009409545,-73.9951664298156,Residential,30,14.8,0.507,Moderate,15.7,64,22.0,10.7,1.6,Snow,0,0
2026-02-04 02:45:00,40.765563024689264,-73.99494791470973,Residential,30,28.9,0.037,Low,20.6,61,9.3,0.0,12.6,Cloudy,0,0
2026-02-04 03:00:00,40.760434117307476,-73.98903165616717,Arterial,60,43.9,0.268,Moderate,18.7,52,18.1,4.8,6.9,Rain,0,0
2026-02-04 03:15:00,40.751512880524594,-74.00327817080706,City_Street,40,38.4,0.04,Low,20.1,77,8.7,0.0,11.7,Cloudy,0,0
2026-02-04 03:30:00,40.7726497202501,-74.01312392822928,Arterial,60,45.9,0.235,Low,14.0,60,26.1,0.0,9.2,Clear,0,0
2026-02-04 03:45:00,40.755190986483846,-73.988777483801,Residential,30,30.0,0.0,Low,17.9,63,19.1,0.0,11.4,Clear,0,0
2026-02-04 04:00:00,,,City_Street,40,33.6,0.16,Low,25.1,53,19.9,0.0,8.7,Clear,0,0
2026-02-04 04:15:00,40.7630867418389,-74.0002369908751,Arterial,60,53.8,0.103,Low,26.7,60,32.3,0.0,11.8,Cloudy,0,0
2026-02-04 04:30:00,40.75446722985404,-74.01108168939213,Residential,30,23.9,0.203,Low,17.0,59,4.0,0.0,10.4,Cloudy,0,0
2026-02-04 04:45:00,40.77177685583314,-74.00237222131031,Highway,90,73.1,0.188,Low,26.5,42,3.4,0.0,10.2,Clear,0,0
2026-02-04 05:00:00,40.7680249999713,-73.99304813169545,Highway,90,90.0,0.0,Low,30.1,70,27.8,0.0,10.6,Cloudy,0,0
2026-02-04 05:15:00,40.74943069879542,-74.01154756346027,Highway,90,83.2,0.076,Low,23.8,50,2.2,0.0,11.5,Cloudy,0,0
2026-02-04 05:30:00,40.762272622659864,-74.0049196291315,Highway,90,76.5,0.15,Low,16.6,83,12.0,0.0,8.4,Clear,0,0
2026-02-04 05:45:00,40.76417956280629,-73.9978291028712,Residential,30,25.3,0.157,Low,14.6,61,33.5,0.0,11.2,Clear,0,0
2026-02-04 06:00:00,40.76379907321115,-73.98261731424869,City_Street,40,31.0,0.225,Low,25.8,22,32.5,0.0,11.1,Clear,0,0
2026-02-04 06:15:00,40.75975391166975,-74.00996650776553,Highway,90,71.1,0.21,Low,26.9,45,32.3,0.0,11.6,Cloudy,0,0
2026-02-04 06:30:00,40.75847843561795,-73.99685363734054,Highway,90,80.3,0.108,Low,14.9,34,9.4,0.0,13.6,Clear,0,0
2026-02-04 06:45:00,40.75873142194666,-74.00805760899495,Arterial,60,32.2,0.463,Moderate,18.1,71,31.9,0.0,0.5,Fog,0,0
2026-02-04 07:00:00,40.77006690298168,-74.01399705914669,Arterial,60,27.7,0.538,Moderate,18.7,53,3.0,0.0,14.1,Cloudy,0,1
2026-02-04 07:15:00,40.75067302929124,-73.99808075986685,Arterial,60,23.0,0.617,Heavy,14.4,40,23.9,5.9,7.1,Rain,0,1
2026-02-04 07:30:00,40.76131906911756,-74.00086686165163,City_Street,40,16.2,0.595,Heavy,20.1,49,17.7,0.0,10.7,Cloudy,0,1
2026-02-04 07:45:00,40.77009504478869,-74.00464616743324,Arterial,60,23.6,0.607,Heavy,18.1,72,19.9,0.0,9.8,Cloudy,0,1
2026-02-04 08:00:00,40.76289041954092,-74.00025375805961,Highway,90,31.4,0.651,Heavy,12.4,69,29.6,0.0,0.8,Fog,0,1
2026-02-04 08:15:00,40.75472489879908,-74.01574753537487,City_Street,40,18.6,0.535,Moderate,22.3,52,13.3,0.0,11.8,Clear,0,1
2026-02-04 08:30:00,40.77376653264362,-74.00958518917531,Arterial,60,30.2,0.497,Moderate,22.0,42,28.1,0.0,8.1,Clear,0,1
2026-02-04 08:45:00,40.76047484283172,-74.00653875906697,Arterial,60,15.7,0.738,Heavy,13.1,87,3.1,17.2,1.7,Heavy Rain,0,1
2026-02-04 09:00:00,40.75813017265915,-73.9920182511792,Arterial,60,21.0,0.65,Heavy,11.9,67,34.2,2.2,5.7,Rain,0,1
2026-02-04 09:15:00,40.751842926077934,-74.00572222194124,Highway,90,39.1,0.566,Heavy,15.1,41,7.7,0.0,13.4,Clear,0,1
2026-02-04 09:30:00,40.76171980117686,-73.99286378473526,Residential,30,13.7,0.543,Moderate,24.8,59,9.2,0.0,9.5,Clear,0,1
2026-02-04 09:45:00,40.78044702734528,-73.99993788756274,Highway,90,42.8,0.524,Moderate,20.1,32,11.8,0.0,9.4,Cloudy,0,1
2026-02-04 10:00:00,40.759498676123535,-74.01841167053237,Arterial,60,58.3,0.028,Low,14.6,81,17.0,0.0,9.2,Cloudy,0,0
2026-02-04 10:15:00,40.74730508605768,-74.01597182045097,Residential,30,23.6,0.213,Low,25.0,73,10.4,0.0,14.7,Clear,0,0
2026-02-04 10:30:00,40.77495636459294,-74.00782685401202,City_Street,40,32.0,0.2,Low,16.8,37,7.8,0.0,8.0,Clear,0,0
2026-02-04 10:45:00,40.76453731774305,-74.00244356059822,City_Street,40,31.3,0.218,Low,7.5,55,27.5,0.0,10.2,Clear,0,0
2026-02-04 11:00:00,40.76465318484865,-74.01719736401353,Residential,30,11.8,0.607,Heavy,17.4,70,23.2,6.0,2.2,Snow,0,0
2026-02-04 11:15:00,40.7667079177526,-74.02167424771687,Arterial,60,50.2,0.163,Low,25.6,62,29.0,0.0,12.8,Clear,0,0
2026-02-04 11:30:00,40.75161895117596,-73.99969831832752,City_Street,40,36.1,0.097,Low,20.7,60,22.7,0.0,10.4,Clear,0,0
2026-02-04 11:45:00,40.77258568970502,-74.0091755480421,Residential,30,19.3,0.357,Moderate,23.1,56,26.5,0.0,0.3,Fog,0,0
2026-02-04 12:00:00,40.763632404554606,-74.0198581825805,Arterial,60,50.7,0.155,Low,11.5,52,11.7,0.0,8.5,Clear,0,0
2026-02-04 12:15:00,40.77230882894914,-74.02001340769678,City_Street,40,16.1,0.597,Heavy,18.3,66,26.5,8.3,1.1,Snow,0,0
2026-02-04 12:30:00,40.76931749086312,-74.0104845862235,Arterial,60,43.4,0.277,Moderate,16.7,45,24.9,6.3,4.1,Rain,0,0
2026-02-04 12:45:00,40.76112547812512,-74.01236915802836,Residential,30,23.1,0.23,Low,19.2,86,17.4,0.0,13.3,Cloudy,0,0
2026-02-04 13:00:00,40.7634424691177,-74.01894371308322,Arterial,60,49.4,0.177,Low,19.0,43,14.7,0.0,10.7,Clear,0,0
2026-02-04 13:15:00,40.74987501917582,-74.01450357142778,City_Street,40,34.5,0.137,Low,16.2,50,29.1,0.0,12.4,Clear,0,0
2026-02-04 13:30:00,40.7593708445171,-74.01349370312552,City_Street,40,28.1,0.297,Moderate,20.3,82,8.4,7.7,5.0,Rain,0,0
2026-02-04 13:45:00,40.76226600865014,-74.01789288645983,Residential,30,28.9,0.037,Low,23.7,90,29.4,0.0,9.6,Clear,0,0
2026-02-04 14:00:00,40.74700722016082,-74.0183317188116,City_Street,40,40.0,0.0,Low,12.7,45,19.0,0.0,9.1,Cloudy,0,0
2026-02-04 14:15:00,,,Residential,30,24.1,0.197,Low,21.9,60,14.3,0.0,12.6,Clear,0,0
2026-02-04 14:30:00,40.771328478207934,-74.00642620400482,Highway,90,52.2,0.42,Moderate,19.9,40,14.6,0.0,1.4,Fog,0,0
2026-02-04 14:45:00,40.76872140635338,-74.0207200149588,Highway,90,87.4,0.029,Low,30.4,96,13.3,0.0,13.2,Clear,0,0
2026-02-04 15:00:00,40.76024962319581,-74.00807116558356,Residential,30,24.6,0.18,Low,17.1,71,14.9,0.0,10.6,Clear,0,0
2026-02-04 15:15:00,40.75379636278945,-74.01281865920113,Arterial,60,41.8,0.303,Moderate,24.5,52,28.6,0.0,0.9,Fog,0,0
2026-02-04 15:30:00,40.74728434196864,-74.0118507610086,Arterial,60,38.8,0.353,Moderate,14.4,41,6.7,0.0,1.4,Fog,0,0
2026-02-04 15:45:00,40.75426010915424,-74.02906534499478,Residential,30,24.1,0.197,Low,18.9,75,21.3,0.0,14.7,Clear,0,0
2026-02-04 16:00:00,40.758198794304334,-74.01219548767219,Highway,90,80.0,0.111,Low,20.5,88,6.5,0.0,9.2,Clear,0,0
2026-02-04 16:15:00,40.74690309427336,-74.02019198071886,City_Street,40,38.7,0.032,Low,10.3,63,17.0,0.0,8.3,Clear,0,0
2026-02-04 16:30:00,40.76996350278632,-74.02049845009641,City_Street,40,40.0,0.0,Low,27.4,43,12.9,0.0,12.5,Clear,0,0
2026-02-04 16:45:00,40.76482431214855,-74.02165394179526,City_Street,40,36.9,0.078,Low,13.2,67,7.1,0.0,11.9,Clear,0,0
2026-02-04 17:00:00,40.774135794873835,-74.02812697135212,Residential,30,12.1,0.597,Heavy,18.8,31,4.4,0.0,8.1,Clear,0,1
2026-02-04 17:15:00,,,City_Street,40,15.7,0.608,Heavy,20.1,60,6.8,0.0,14.0,Clear,0,1
2026-02-04 17:30:00,40.749604503844516,-74.015008361507,Residential,30,14.1,0.53,Moderate,12.3,50,13.7,0.0,9.5,Clear,0,1
2026-02-04 17:45:00,40.7607256840366,-73.99965662366506,Residential,30,14.1,0.53,Moderate,22.6,49,32.2,0.0,10.9,Clear,0,1
2026-02-04 18:00:00,40.765584695798225,-74.02877548636519,City_Street,40,16.1,0.597,Heavy,31.8,38,13.5,0.0,13.3,Clear,0,1
2026-02-04 18:15:00,40.75494816486578,-74.01249158972173,City_Street,40,19.8,0.505,Moderate,21.3,51,32.3,0.0,9.2,Clear,0,1
2026-02-04 18:30:00,40.75234662601746,-74.01723109364445,Arterial,60,28.2,0.53,Moderate,9.6,64,16.3,0.0,11.0,Clear,0,1
2026-02-04 18:45:00,40.768346272930366,-74.02812247329585,Residential,30,13.5,0.55,Heavy,17.2,68,18.2,0.0,11.0,Clear,0,1
2026-02-04 19:00:00,40.760627362922406,-74.02825051659127,Residential,30,14.6,0.513,Moderate,21.6,62,10.6,0.0,8.1,Clear,0,1
2026-02-04 19:15:00,40.76852965905321,-74.02438904389993,City_Street,40,19.2,0.52,Moderate,13.4,52,34.5,0.0,10.6,Cloudy,0,1
2026-02-04 19:30:00,40.76752874195387,-74.03801151592153,City_Street,40,20.7,0.483,Moderate,14.9,32,30.4,0.0,10.9,Cloudy,0,1
2026-02-04 19:45:00,40.76232295824302,-74.02394716265792,Residential,30,12.3,0.59,Heavy,13.0,95,2.9,0.0,13.9,Clear,0,1
2026-02-04 20:00:00,40.74995376813057,-74.02274145665478,Residential,30,25.4,0.153,Low,12.2,46,28.1,0.0,10.4,Clear,0,0
2026-02-04 20:15:00,40.75744570168077,-74.04149191026198,Arterial,60,60.0,0.0,Low,14.9,53,14.7,0.0,14.0,Clear,0,0
2026-02-04 20:30:00,40.75672519545192,-74.01676023849181,Residential,30,30.0,0.0,Low,11.4,76,15.6,0.0,8.3,Clear,0,0
2026-02-04 20:45:00,40.76986521935005,-74.02728954838095,Arterial,60,60.0,0.0,Low,9.4,62,23.3,0.0,10.5,Clear,0,0
2026-02-04 21:00:00,40.76179325357883,-74.02393218668364,Residential,30,23.4,0.22,Low,23.0,61,5.5,0.0,14.1,Clear,0,0
2026-02-04 21:15:00,40.76269280530358,-74.01798277130037,Residential,30,24.7,0.177,Low,16.1,85,28.2,0.0,13.8,Clear,0,0
2026-02-04 21:30:00,40.761821152993924,-74.03080179593184,Arterial,60,47.7,0.205,Low,22.7,69,24.1,0.0,13.1,Clear,0,0
2026-02-04 21:45:00,,,City_Street,40,34.4,0.14,Low,24.6,85,5.6,0.0,12.0,Clear,0,0
2026-02-04 22:00:00,40.751928975999974,-74.02965298945644,Arterial,60,56.0,0.067,Low,16.7,77,22.7,0.0,11.2,Cloudy,0,0
2026-02-04 22:15:00,40.752016246108994,-74.03683464218875,Highway,90,71.7,0.203,Low,18.7,45,9.3,0.0,9.6,Clear,0,0
2026-02-04 22:30:00,40.75274942176003,-74.03550953397816,City_Street,40,25.3,0.367,Moderate,15.4,77,24.7,0.0,1.0,Fog,0,0
2026-02-04 22:45:00,40.75643164778311,-74.03425350061364,Arterial,60,50.0,0.167,Low,7.7,54,34.5,0.0,9.7,Clear,0,0
2026-02-04 23:00:00,40.75431883443512,-74.03359740525981,Highway,90,62.1,0.31,Moderate,20.2,69,23.8,3.2,6.4,Rain,0,0
2026-02-04 23:15:00,40.74674431807487,-74.02448311741169,Residential,30,28.9,0.037,Low,16.5,46,26.4,0.0,12.3,Cloudy,0,0
2026-02-04 23:30:00,40.75330812844586,-74.03542995744095,Residential,30,30.0,0.0,Low,23.2,85,10.6,0.0,10.3,Clear,0,0
2026-02-04 23:45:00,40.75254546007628,-74.02713386541636,Highway,90,89.8,0.002,Low,21.0,59,22.9,0.0,14.1,Clear,0,0
2026-02-05 00:00:00,40.75310480159689,-74.03592962116444,Highway,90,86.6,0.038,Low,25.1,71,14.6,0.0,8.2,Clear,0,0
2026-02-05 00:15:00,40.74049657493244,-74.03248702966641,Arterial,60,57.9,0.035,Low,11.0,60,18.3,0.0,14.9,Clear,0,0
2026-02-05 00:30:00,40.76693284564003,-74.03596718072683,Highway,90,53.2,0.409,Moderate,21.1,41,9.0,0.0,1.2,Fog,0,0
2026-02-05 00:45:00,40.76518038174322,-74.04215911601749,Arterial,60,51.5,0.142,Low,17.1,48,14.0,0.0,10.9,Cloudy,0,0
2026-02-05 01:00:00,40.74242544808961,-74.03846471031194,Highway,90,50.9,0.434,Moderate,18.4,83,28.0,18.5,3.2,Heavy Rain,0,0
2026-02-05 01:15:00,40.743382722789754,-74.02235588490682,Highway,90,70.8,0.213,Low,22.6,82,9.0,0.0,8.3,Cloudy,0,0
2026-02-05 01:30:00,40.75021937614565,-74.04187732976202,City_Street,40,37.1,0.073,Low,17.9,67,32.2,0.0,14.9,Clear,0,0
2026-02-05 01:45:00,40.76128153283329,-74.03270987434541,Residential,30,22.0,0.267,Moderate,17.0,89,18.6,2.5,6.2,Rain,0,0
2026-02-05 02:00:00,40.75416042401097,-74.0327476702557,Arterial,60,45.5,0.242,Low,9.2,47,30.3,1.5,4.6,Rain,0,0
2026-02-05 02:15:00,40.73921137427857,-74.03130179734204,Highway,90,80.0,0.111,Low,22.1,57,19.8,0.0,10.2,Clear,0,0
2026-02-05 02:30:00,40.74778622767087,-74.04475308856695,Residential,30,26.6,0.113,Low,17.8,37,11.9,0.0,13.0,Clear,0,0
2026-02-05 02:45:00,40.73832528007816,-74.03643284718154,Arterial,60,49.9,0.168,Low,17.5,67,4.2,0.0,12.0,Clear,0,0
2026-02-05 03:00:00,40.75510505043992,-74.04704567488515,Residential,30,29.2,0.027,Low,22.2,56,16.3,0.0,8.9,Clear,0,0
2026-02-05 03:15:00,40.75438859060393,-74.04105787946709,Residential,30,23.5,0.217,Low,12.4,52,6.4,0.0,12.3,Clear,0,0
2026-02-05 03:30:00,40.75011889605265,-74.02767592930229,Residential,30,14.1,0.53,Moderate,18.6,78,4.7,8.5,1.0,Heavy Rain,0,0
2026-02-05 03:45:00,40.754827821693546,-74.03437707562765,Highway,90,83.0,0.078,Low,24.2,66,8.7,0.0,13.3,Clear,0,0
2026-02-05 04:00:00,40.74730011141136,-74.05563383259074,City_Street,40,17.7,0.557,Heavy,15.1,67,21.7,5.4,1.2,Snow,0,0
2026-02-05 04:15:00,40.74504033951513,-74.05020564732015,Residential,30,28.9,0.037,Low,18.6,60,32.4,0.0,14.2,Clear,0,0
2026-02-05 04:30:00,40.73570394615744,-74.03400968968826,Residential,30,27.2,0.093,Low,18.1,62,15.5,0.0,11.6,Clear,0,0
2026-02-05 04:45:00,40.74710357898389,-74.05562571946558,Residential,30,30.0,0.0,Low,10.8,51,10.3,0.0,11.0,Cloudy,0,0
2026-02-05 05:00:00,40.74498137388963,-74.02952564425163,Arterial,60,60.0,0.0,Low,23.9,95,25.8,0.0,12.0,Clear,0,0
2026-02-05 05:15:00,40.756050891161834,-74.03737586565036,Highway,90,82.1,0.088,Low,21.4,52,23.7,0.0,10.2,Cloudy,0,0
2026-02-05 05:30:00,40.72975534281192,-74.03875154565483,Highway,90,63.0,0.3,Moderate,2.8,48,25.4,7.1,6.2,Rain,0,0
2026-02-05 05:45:00,40.7496849873643,-74.04771057186738,Residential,30,25.5,0.15,Low,24.7,64,18.9,0.0,12.9,Clear,0,0
2026-02-05 06:00:00,40.75188159864926,-74.0530536700093,City_Street,40,30.7,0.233,Low,17.3,75,3.7,0.0,13.7,Clear,0,0
2026-02-05 06:15:00,40.741442233019384,-74.04398561710121,Highway,90,41.8,0.536,Moderate,15.9,63,20.4,13.4,2.5,Heavy Rain,0,0
2026-02-05 06:30:00,40.734001801316104,-74.04395247091173,Highway,90,75.5,0.161,Low,17.8,80,20.2,5.8,6.2,Rain,0,0
2026-02-05 06:45:00,40.732856741765175,-74.04110290372321,Arterial,60,46.6,0.223,Low,13.3,90,6.7,5.4,5.1,Rain,0,0
2026-02-05 07:00:00,40.7305156870149,-74.05156233660685,Highway,90,38.8,0.569,Heavy,19.3,77,7.3,0.0,9.2,Clear,0,1
2026-02-05 07:15:00,40.741361415353836,-74.0487783758874,Highway,90,30.3,0.663,Heavy,16.4,39,7.9,1.6,5.9,Rain,0,1
2026-02-05 07:30:00,40.739684573934376,-74.04748819090148,Residential,30,15.5,0.483,Moderate,22.0,44,20.6,0.0,11.7,Cloudy,0,1
2026-02-05 07:45:00,40.752115862498975,-74.05782887900081,City_Street,40,19.7,0.508,Moderate,19.3,48,28.0,0.0,12.3,Clear,0,1
2026-02-05 08:00:00,40.74025441438531,-74.04823906186425,Residential,30,10.1,0.663,Heavy,26.7,65,23.6,0.0,0.4,Fog,0,1
2026-02-05 08:15:00,40.749817011103595,-74.04860687633305,Highway,90,41.9,0.534,Moderate,15.5,70,30.4,0.0,9.4,Clear,0,1
2026-02-05 08:30:00,40.75043360328824,-74.03769318200067,Highway,90,27.0,0.7,Heavy,17.8,87,2.2,20.2,2.6,Heavy Rain,0,1
2026-02-05 08:45:00,40.73939327739375,-74.05011538238138,Highway,90,43.9,0.512,Moderate,12.6,46,25.2,0.0,12.7,Clear,0,1
2026-02-05 09:00:00,40.73059036032551,-74.05598983481737,Highway,90,29.8,0.669,Heavy,14.6,73,4.7,1.6,7.8,Rain,0,1
2026-02-05 09:15:00,40.7537068987885,-74.04592164273267,Arterial,60,26.4,0.56,Heavy,16.1,43,31.1,0.0,11.8,Clear,0,1
2026-02-05 09:30:00,40.738656918081375,-74.05134797508543,Residential,30,12.8,0.573,Heavy,13.7,73,19.7,0.0,12.6,Cloudy,0,1
2026-02-05 09:45:00,40.74761608280693,-74.05719995543645,City_Street,40,12.6,0.685,Heavy,14.4,78,10.3,2.7,5.6,Rain,0,1
2026-02-05 10:00:00,40.72718771537814,-74.04337605847081,City_Street,40,35.5,0.113,Low,16.4,84,17.7,0.0,8.9,Clear,0,0
2026-02-05 10:15:00,40.73415294268425,-74.05248612255625,Arterial,60,29.6,0.507,Moderate,18.4,80,7.3,8.9,2.8,Snow,0,0
2026-02-05 10:30:00,40.7501598142375,-74.05388301986474,Residential,30,20.4,0.32,Moderate,6.9,35,34.1,0.0,0.4,Fog,0,0
2026-02-05 10:45:00,40.73200150899634,-74.05383333293055,Highway,90,70.9,0.212,Low,8.3,51,16.6,0.0,9.2,Cloudy,0,0
2026-02-05 11:00:00,40.73435370608911,-74.03942939244864,Highway,90,72.0,0.2,Low,21.6,66,21.3,0.0,10.5,Clear,0,0
2026-02-05 11:15:00,40.74382690384723,-74.05736377772986,Arterial,60,46.0,0.233,Low,12.2,59,32.7,0.0,13.6,Clear,0,0
2026-02-05 11:30:00,40.71754452856031,-74.0623888018377,Arterial,60,32.1,0.465,Moderate,12.7,95,12.5,15.9,1.6,Heavy Rain,0,0
2026-02-05 11:45:00,40.72952186582303,-74.04903918637777,Arterial,60,60.0,0.0,Low,25.1,70,10.3,0.0,12.2,Cloudy,0,0
2026-02-05 12:00:00,40.73440237327409,-74.05924897320358,Arterial,60,54.6,0.09,Low,20.6,57,26.5,0.0,14.0,Clear,0,0
2026-02-05 12:15:00,40.736774298433055,-74.0453867996215,City_Street,40,29.8,0.255,Moderate,9.7,53,34.0,3.7,4.0,Rain,0,0
2026-02-05 12:30:00,40.73424426977056,-74.05624845293748,Highway,90,70.9,0.212,Low,14.7,52,5.8,0.0,10.1,Clear,0,0
2026-02-05 12:45:00,40.73675256124284,-74.0475998424355,City_Street,40,23.8,0.405,Moderate,33.8,51,22.5,0.0,0.7,Fog,0,0
2026-02-05 13:00:00,40.73644959386727,-74.06345374979954,Arterial,60,55.2,0.08,Low,15.1,76,2.2,0.0,9.0,Clear,0,0
2026-02-05 13:15:00,40.726562702079654,-74.04935835723167,Highway,90,68.1,0.243,Low,10.0,72,20.7,2.7,7.0,Rain,0,0
2026-02-05 13:30:00,40.729919664570204,-74.05005445537863,Highway,90,85.3,0.052,Low,9.0,63,12.7,0.0,12.0,Clear,0,0
2026-02-05 13:45:00,40.75181166269044,-74.0452662084919,Highway,90,46.6,0.482,Moderate,12.7,73,11.5,6.0,2.8,Snow,0,0
2026-02-05 14:00:00,40.7343479201052,-74.04501256269647,City_Street,40,19.5,0.512,Moderate,15.8,61,34.2,8.7,2.2,Heavy Rain,0,0
2026-02-05 14:15:00,40.73096907041497,-74.05331805454529,Residential,30,28.1,0.063,Low,24.3,72,23.5,0.0,8.1,Cloudy,0,0
2026-02-05 14:30:00,40.734657017901085,-74.06681296589507,Residential,30,25.1,0.163,Low,26.9,65,11.2,0.0,11.9,Clear,0,0
2026-02-05 14:45:00,40.72114388358348,-74.03543980603135,Arterial,60,39.0,0.35,Moderate,21.4,47,14.1,6.0,5.0,Rain,0,0
2026-02-05 15:00:00,40.73972802878967,-74.03590925951809,Highway,90,90.0,0.0,Low,24.7,26,28.4,0.0,8.6,Clear,0,0
2026-02-05 15:15:00,40.73244174543532,-74.05098437820986,Arterial,60,46.8,0.22,Low,16.6,55,6.5,0.0,13.1,Clear,0,0
2026-02-05 15:30:00,40.72803318918682,-74.05535626013321,City_Street,40,33.9,0.153,Low,16.1,42,4.7,7.2,5.5,Rain,0,0
2026-02-05 15:45:00,40.74180179276826,-74.04872896940444,City_Street,40,23.0,0.425,Moderate,12.6,69,10.7,8.3,1.4,Heavy Rain,0,0
2026-02-05 16:00:00,40.73015666155726,-74.0610416836665,Residential,30,20.0,0.333,Moderate,16.2,82,4.4,5.7,4.2,Rain,0,0
2026-02-05 16:15:00,40.733010374307575,-74.04216799532108,Arterial,60,56.6,0.057,Low,9.9,72,21.6,0.0,11.1,Clear,0,0
2026-02-05 16:30:00,40.725636469541556,-74.06195043965668,Arterial,60,32.4,0.46,Moderate,14.0,60,17.9,8.9,2.9,Heavy Rain,0,0
2026-02-05 16:45:00,40.73116365420366,-74.05595161933425,Arterial,60,35.9,0.402,Moderate,14.4,100,6.4,24.5,1.7,Heavy Rain,0,0
2026-02-05 17:00:00,40.722663541637935,-74.03589614446487,Highway,90,37.4,0.584,Heavy,8.1,51,18.3,0.0,8.4,Cloudy,0,1
2026-02-05 17:15:00,40.729895142897966,-74.05208056153789,Arterial,60,30.0,0.5,Moderate,31.2,67,3.8,0.0,9.1,Clear,0,1
2026-02-05 17:30:00,40.725912702657,-74.04700363888116,City_Street,40,19.1,0.522,Moderate,30.0,40,11.2,0.0,10.7,Cloudy,0,1
2026-02-05 17:45:00,40.72728292301227,-74.0551779850243,City_Street,40,17.5,0.562,Heavy,13.7,37,21.2,0.0,13.4,Cloudy,0,1
2026-02-05 18:00:00,40.72948066087568,-74.0488503866569,Arterial,60,11.7,0.805,Severe,13.4,61,27.8,8.3,2.0,Snow,0,1
2026-02-05 18:15:00,40.7284387531838,-74.06107186508285,City_Street,40,14.5,0.637,Heavy,13.0,80,30.4,5.7,6.4,Rain,0,1
2026-02-05 18:30:00,40.71780885201371,-74.07151372974447,Arterial,60,30.4,0.493,Moderate,26.3,41,3.6,0.0,11.8,Cloudy,0,1
2026-02-05 18:45:00,40.70913052021256,-74.06382559795134,Residential,30,12.1,0.597,Heavy,25.9,51,21.3,0.0,10.9,Clear,0,1
2026-02-05 19:00:00,40.72702121946275,-74.04750707823489,Arterial,60,28.9,0.518,Moderate,19.4,51,6.4,0.0,13.9,Cloudy,0,1
2026-02-05 19:15:00,40.720702879684076,-74.05292374178354,Residential,30,13.6,0.547,Moderate,15.4,67,6.2,0.0,11.8,Clear,0,1
2026-02-05 19:30:00,40.720330696694575,-74.07205938036964,Residential,30,11.9,0.603,Heavy,13.8,57,13.0,0.0,14.6,Cloudy,0,1
2026-02-05 19:45:00,40.72204217877118,-74.03838764554614,Highway,90,18.9,0.79,Heavy,12.6,85,34.7,3.7,2.4,Snow,0,1
2026-02-05 20:00:00,40.71318230636698,-74.04824336164467,Residential,30,25.0,0.167,Low,16.5,58,32.3,0.0,10.2,Clear,0,0
2026-02-05 20:15:00,40.7263608635379,-74.05487052189471,City_Street,40,32.5,0.188,Low,15.7,57,17.2,4.2,6.0,Rain,0,0
2026-02-05 20:30:00,40.72363104839952,-74.05308227675543,City_Street,40,39.6,0.01,Low,19.6,71,25.3,0.0,12.7,Cloudy,0,0
2026-02-05 20:45:00,40.73364290215364,-74.04365224096475,Arterial,60,28.4,0.527,Moderate,10.7,47,31.4,8.7,2.9,Snow,0,0
2026-02-05 21:00:00,40.71247037784381,-74.05877058007346,Arterial,60,58.9,0.018,Low,13.2,88,19.5,0.0,9.0,Clear,0,0
2026-02-05 21:15:00,40.71374336170122,-74.03974191114395,City_Street,40,34.9,0.128,Low,11.6,86,6.9,0.0,11.9,Clear,0,0
2026-02-05 21:30:00,,,Highway,90,59.6,0.338,Moderate,10.2,75,5.8,6.6,6.1,Rain,0,0
2026-02-05 21:45:00,40.72155460415408,-74.06126183830848,City_Street,40,30.2,0.245,Low,18.6,65,25.4,6.0,7.3,Rain,0,0
2026-02-05 22:00:00,40.71100226904455,-74.05292062708598,City_Street,40,28.3,0.292,Moderate,22.8,94,28.0,0.0,0.7,Fog,0,0
2026-02-05 22:15:00,,,Arterial,60,30.9,0.485,Moderate,18.1,65,28.4,11.3,2.0,Snow,0,0
2026-02-05 22:30:00,40.70820411347987,-74.06180854299018,City_Street,40,37.5,0.062,Low,21.8,61,16.6,0.0,14.3,Clear,0,0
2026-02-05 22:45:00,40.70779380292952,-74.06560780189261,Arterial,60,60.0,0.0,Low,19.6,70,24.2,0.0,8.7,Clear,0,0
2026-02-05 23:00:00,40.71941574138435,-74.06380112207505,Arterial,60,46.0,0.233,Low,9.0,69,20.3,0.0,12.7,Clear,0,0
2026-02-05 23:15:00,40.70085969454765,-74.05059039934771,Arterial,60,50.4,0.16,Low,21.4,38,2.4,0.0,13.2,Clear,0,0
2026-02-05 23:30:00,40.7175010640994,-74.06153650104648,Arterial,60,43.1,0.282,Moderate,15.6,59,29.0,3.2,4.7,Rain,0,0
2026-02-05 23:45:00,40.708447718435025,-74.0469619422884,Arterial,60,48.3,0.195,Low,21.8,58,15.5,0.0,14.9,Cloudy,0,0
2026-02-06 00:00:00,40.708998621018736,-74.0491904138641,City_Street,40,35.0,0.125,Low,17.7,49,8.4,0.0,8.3,Clear,0,0
2026-02-06 00:15:00,,,Arterial,60,54.1,0.098,Low,23.4,40,4.9,0.0,10.0,Cloudy,0,0
2026-02-06 00:30:00,40.70418828790212,-74.07828116446585,City_Street,40,19.1,0.522,Moderate,11.8,100,3.6,22.9,3.7,Heavy Rain,0,0
2026-02-06 00:45:00,40.70508835069813,-74.05499939422276,Arterial,60,51.5,0.142,Low,21.2,62,29.9,0.0,13.3,Cloudy,0,0
2026-02-06 01:00:00,40.71843018248775,-74.04238203713699,City_Street,40,28.3,0.292,Moderate,24.9,52,27.3,0.0,0.7,Fog,0,0
2026-02-06 01:15:00,40.71975652656174,-74.05969542023274,City_Street,40,25.1,0.372,Moderate,20.1,64,29.6,0.0,0.9,Fog,0,0
2026-02-06 01:30:00,40.70297639275874,-74.06380150580007,Highway,90,77.1,0.143,Low,16.0,58,13.2,0.0,11.0,Clear,0,0
2026-02-06 01:45:00,40.71322695589141,-74.04808955357656,City_Street,40,35.6,0.11,Low,20.4,50,14.2,0.0,9.9,Cloudy,0,0
2026-02-06 02:00:00,40.70852019851653,-74.0706252008711,City_Street,40,36.8,0.08,Low,16.4,66,12.2,0.0,14.5,Clear,0,0
2026-02-06 02:15:00,40.71809781657336,-74.06697170685185,Arterial,60,27.1,0.548,Moderate,12.7,93,22.7,5.0,0.8,Snow,0,0
2026-02-06 02:30:00,40.70741193425592,-74.0442819708468,Arterial,60,52.8,0.12,Low,20.4,46,22.2,0.0,13.0,Clear,0,0
2026-02-06 02:45:00,40.696806198396345,-74.0658667473496,Arterial,60,55.7,0.072,Low,21.0,48,11.7,0.0,12.8,Clear,0,0
2026-02-06 03:00:00,40.714757954994504,-74.0589854888492,Highway,90,61.0,0.322,Moderate,17.2,91,25.8,4.9,4.1,Rain,0,0
2026-02-06 03:15:00,40.6929527293191,-74.0611963599289,Arterial,60,55.3,0.078,Low,14.2,66,23.1,0.0,10.1,Clear,0,0
2026-02-06 03:30:00,,,City_Street,40,20.1,0.497,Moderate,20.8,79,17.1,10.4,2.5,Snow,0,0
2026-02-06 03:45:00,40.701822922012894,-74.06198105026766,City_Street,40,29.4,0.265,Moderate,13.4,80,15.5,5.7,4.3,Rain,0,0
2026-02-06 04:00:00,40.71530840548397,-74.05144641988919,Residential,30,28.1,0.063,Low,19.4,79,4.3,0.0,9.8,Clear,0,0
2026-02-06 04:15:00,40.699632301419705,-74.05322946440573,Highway,90,90.0,0.0,Low,22.3,67,13.1,0.0,8.9,Cloudy,0,0
2026-02-06 04:30:00,40.7159949797236,-74.03610169205353,City_Street,40,20.0,0.5,Moderate,8.8,54,18.9,4.0,0.9,Snow,0,0
2026-02-06 04:45:00,40.701731208176014,-74.04512587272562,Residential,30,28.9,0.037,Low,14.2,53,10.0,0.0,11.9,Clear,0,0
2026-02-06 05:00:00,40.71349427374131,-74.05693989461196,City_Street,40,33.8,0.155,Low,15.8,64,11.1,0.0,12.0,Cloudy,0,0
2026-02-06 05:15:00,40.71413696624681,-74.0549218809208,City_Street,40,33.5,0.162,Low,20.7,58,7.7,0.0,11.7,Cloudy,0,0
2026-02-06 05:30:00,40.70923391874339,-74.06214833513647,City_Street,40,32.5,0.188,Low,23.1,65,4.6,4.3,4.3,Rain,0,0
2026-02-06 05:45:00,40.71282163908325,-74.04700715930903,City_Street,40,40.0,0.0,Low,26.1,79,5.6,0.0,13.2,Cloudy,0,0
2026-02-06 06:00:00,40.699630359968765,-74.05641302558259,Highway,90,64.8,0.28,Moderate,13.9,74,17.7,6.4,5.7,Rain,0,0
2026-02-06 06:15:00,40.713482067185154,-74.0682547662531,City_Street,40,39.4,0.015,Low,21.3,63,32.4,0.0,12.4,Clear,0,0
2026-02-06 06:30:00,40.69933681029498,-74.05668529506801,Highway,90,74.9,0.168,Low,7.4,58,29.3,0.0,9.6,Cloudy,0,0
2026-02-06 06:45:00,40.71639775644913,-74.05083960424112,Arterial,60,46.0,0.233,Low,25.5,64,19.3,0.0,10.2,Cloudy,0,0
2026-02-06 07:00:00,40.69316815612315,-74.05045007791918,City_Street,40,17.3,0.568,Heavy,23.1,86,27.3,0.0,11.2,Cloudy,0,1
2026-02-06 07:15:00,40.692414192536056,-74.0495641740818,Arterial,60,15.2,0.747,Heavy,10.6,78,28.5,6.6,1.7,Snow,0,1
2026-02-06 07:30:00,40.68771377241029,-74.0621523096741,Arterial,60,26.0,0.567,Heavy,18.9,55,18.3,0.0,13.5,Clear,0,1
2026-02-06 07:45:00,40.70426424152005,-74.06219964408922,Highway,90,40.1,0.554,Heavy,26.3,27,8.1,0.0,9.1,Clear,0,1
2026-02-06 08:00:00,40.70588300641626,-74.06420511241569,Arterial,60,25.1,0.582,Heavy,23.0,67,7.2,0.0,11.8,Clear,0,1
2026-02-06 08:15:00,40.69483248196373,-74.05329026667856,Arterial,60,26.3,0.562,Heavy,14.8,38,13.9,0.0,14.4,Clear,0,1
2026-02-06 08:30:00,,,Arterial,60,23.1,0.615,Heavy,18.3,38,6.2,0.0,11.3,Clear,0,1
2026-02-06 08:45:00,40.705628646871304,-74.06773264403448,Highway,90,36.3,0.597,Heavy,24.1,65,30.4,0.0,14.1,Cloudy,0,1
2026-02-06 09:00:00,40.68832225778399,-74.04930092227698,Residential,30,11.6,0.613,Heavy,10.5,85,11.8,7.2,5.9,Rain,0,1
2026-02-06 09:15:00,40.70044846001759,-74.04540114044278,Arterial,60,24.0,0.6,Heavy,15.5,69,2.5,0.0,12.9,Clear,0,1
2026-02-06 09:30:00,40.706296349214,-74.05097504317719,City_Street,40,15.2,0.62,Heavy,19.3,87,22.7,3.5,7.1,Rain,0,1
2026-02-06 09:45:00,40.67975409900195,-74.0591657003688,Highway,90,34.8,0.613,Heavy,23.3,55,19.5,0.0,10.3,Clear,0,1
2026-02-06 10:00:00,40.69921950377634,-74.05567554072879,Highway,90,61.7,0.314,Moderate,15.6,60,29.1,7.6,6.7,Rain,0,0
2026-02-06 10:15:00,40.70419415345881,-74.04859540524613,Residential,30,19.4,0.353,Moderate,17.0,65,14.1,7.5,5.3,Rain,0,0
2026-02-06 10:30:00,40.68117309453657,-74.05555509531456,Residential,30,25.4,0.153,Low,18.3,69,2.7,0.0,9.0,Clear,0,0
2026-02-06 10:45:00,40.70113251714469,-74.03888046461795,City_Street,40,35.1,0.122,Low,19.7,54,29.1,0.0,11.4,Clear,0,0
2026-02-06 11:00:00,40.686178525771766,-74.05009615876745,Highway,90,86.4,0.04,Low,19.8,42,29.6,0.0,14.7,Cloudy,0,0
2026-02-06 11:15:00,40.68630106692256,-74.04967695365428,City_Street,40,36.8,0.08,Low,16.2,61,32.7,0.0,9.6,Cloudy,0,0
2026-02-06 11:30:00,40.68622233676108,-74.0505629638346,Highway,90,42.5,0.528,Moderate,13.4,84,24.3,14.7,1.7,Heavy Rain,0,0
2026-02-06 11:45:00,40.67190967920305,-74.0429207287286,Arterial,60,48.2,0.197,Low,15.0,61,28.1,0.0,11.1,Clear,0,0
2026-02-06 12:00:00,40.69014872540992,-74.04512288903977,Arterial,60,48.7,0.188,Low,24.0,77,10.3,0.0,13.1,Clear,0,0
2026-02-06 12:15:00,40.67437855262672,-74.04480364235992,Highway,90,73.3,0.186,Low,13.2,73,10.1,3.3,6.3,Rain,0,0
2026-02-06 12:30:00,40.68274601649255,-74.04692552884723,Highway,90,90.0,0.0,Low,24.3,71,8.6,0.0,14.1,Clear,0,0
2026-02-06 12:45:00,40.681733623293006,-74.0474556253582,Residential,30,18.9,0.37,Moderate,25.1,36,33.1,0.0,0.8,Fog,0,0
2026-02-06 13:00:00,40.67554447306728,-74.05049155860831,City_Street,40,28.3,0.292,Moderate,22.1,100,6.9,0.0,1.2,Fog,0,0
2026-02-06 13:15:00,40.668228945497056,-74.05580718252801,City_Street,40,31.9,0.203,Low,19.3,45,15.4,0.0,9.8,Clear,0,0
2026-02-06 13:30:00,40.67837419895307,-74.03443810004735,Arterial,60,40.7,0.322,Moderate,13.7,48,21.2,7.1,4.1,Rain,0,0
2026-02-06 13:45:00,40.68297272200526,-74.05959524527078,City_Street,40,34.6,0.135,Low,24.3,52,16.3,0.0,14.2,Cloudy,0,0
2026-02-06 14:00:00,40.67693025364871,-74.03248576890059,Residential,30,30.0,0.0,Low,30.6,57,19.9,0.0,13.9,Clear,0,0
2026-02-06 14:15:00,40.676492177649855,-74.05125150184166,Residential,30,28.6,0.047,Low,13.1,70,28.9,0.0,9.5,Cloudy,0,0
2026-02-06 14:30:00,40.6637899340775,-74.04962501177917,Highway,90,71.9,0.201,Low,20.6,37,25.9,0.0,8.2,Cloudy,0,0
2026-02-06 14:45:00,40.68392619420486,-74.05252233699274,City_Street,40,35.8,0.105,Low,25.1,60,33.0,0.0,14.1,Clear,0,0
2026-02-06 15:00:00,40.67078831115673,-74.03491621740093,Highway,90,79.0,0.122,Low,14.3,68,3.3,0.0,8.6,Clear,0,0
2026-02-06 15:15:00,40.68901643068415,-74.0474849082039,City_Street,40,33.7,0.157,Low,15.7,61,30.1,0.0,8.7,Clear,0,0
2026-02-06 15:30:00,40.69499781156885,-74.03877394604481,Residential,30,24.5,0.183,Low,18.9,74,11.7,0.0,8.0,Clear,0,0
2026-02-06 15:45:00,40.68656621689288,-74.04536991448755,Arterial,60,41.9,0.302,Moderate,27.3,69,20.2,0.0,1.4,Fog,0,0
2026-02-06 16:00:00,40.698797054724096,-74.04637056254296,Highway,90,90.0,0.0,Low,28.5,50,12.1,0.0,14.0,Cloudy,0,0
2026-02-06 16:15:00,,,City_Street,40,33.8,0.155,Low,17.0,72,13.1,0.0,8.6,Cloudy,0,0
2026-02-06 16:30:00,40.68857218069867,-74.03680085034057,Highway,90,82.3,0.086,Low,21.9,30,7.8,0.0,10.4,Cloudy,0,0
2026-02-06 16:45:00,40.67896052554207,-74.03239013503392,Highway,90,76.0,0.156,Low,22.0,52,20.5,0.0,13.8,Clear,0,0
2026-02-06 17:00:00,40.65940850672749,-74.0288607071895,Arterial,60,29.4,0.51,Moderate,23.0,86,9.8,0.0,13.7,Clear,0,1
2026-02-06 17:15:00,40.677927432801404,-74.04239016524298,Highway,90,20.8,0.769,Heavy,25.0,84,5.4,9.3,0.5,Snow,0,1
2026-02-06 17:30:00,40.67855911089214,-74.05237589932835,City_Street,40,19.4,0.515,Moderate,24.7,64,34.8,0.0,14.5,Clear,0,1
2026-02-06 17:45:00,40.69132647473698,-74.04040659629618,Residential,30,14.0,0.533,Moderate,16.8,55,6.5,0.0,8.7,Cloudy,0,1
2026-02-06 18:00:00,40.67872267040093,-74.03140407980062,Highway,90,31.9,0.646,Heavy,26.7,70,23.1,0.0,1.1,Fog,0,1
2026-02-06 18:15:00,40.691306231954,-74.05542284615159,Highway,90,36.1,0.599,Heavy,22.5,64,32.4,0.0,9.3,Clear,0,1
2026-02-06 18:30:00,40.665334220803956,-74.04570767158886,Residential,30,13.6,0.547,Moderate,19.4,60,12.1,0.0,12.6,Cloudy,0,1
2026-02-06 18:45:00,40.66133294498678,-74.02779333599317,Highway,90,44.8,0.502,Moderate,19.9,64,13.9,0.0,12.4,Clear,0,1
2026-02-06 19:00:00,40.68686820513307,-74.03958702578704,Highway,90,36.9,0.59,Heavy,19.2,20,23.1,0.0,13.6,Cloudy,0,1
2026-02-06 19:15:00,40.68486150641667,-74.03734810610214,City_Street,40,12.9,0.677,Heavy,25.3,56,3.0,0.0,0.5,Fog,0,1
2026-02-06 19:30:00,40.68595072852799,-74.05445922981278,Highway,90,36.3,0.597,Heavy,25.6,38,14.2,0.0,13.0,Clear,0,1
2026-02-06 19:45:00,40.67185024122397,-74.04560977606998,Highway,90,31.2,0.653,Heavy,15.0,83,22.2,3.9,7.7,Rain,0,1
2026-02-06 20:00:00,40.667048914021805,-74.05140509346927,Highway,90,72.1,0.199,Low,20.7,64,13.9,0.0,8.6,Clear,0,0
2026-02-06 20:15:00,40.666696590682584,-74.03184154187636,Arterial,60,32.8,0.453,Moderate,6.7,59,34.1,0.0,1.4,Fog,0,0
2026-02-06 20:30:00,40.676613004904254,-74.04877873528962,Residential,30,25.4,0.153,Low,17.2,55,30.6,0.0,10.0,Clear,0,0
2026-02-06 20:45:00,40.664874489679285,-74.02922906150445,Arterial,60,32.8,0.453,Moderate,6.8,100,25.6,22.2,2.0,Heavy Rain,0,0
2026-02-06 21:00:00,40.674435414728634,-74.03721331993808,Arterial,60,60.0,0.0,Low,18.8,42,25.5,0.0,13.5,Clear,0,0
2026-02-06 21:15:00,40.68286655424633,-74.0376217051353,Arterial,60,54.3,0.095,Low,19.4,49,2.7,0.0,11.7,Clear,0,0
2026-02-06 21:30:00,40.687338846446615,-74.02992307636976,Residential,30,27.8,0.073,Low,19.7,62,25.2,0.0,13.9,Clear,0,0
2026-02-06 21:45:00,40.66612442180358,-74.0298412469147,Highway,90,44.9,0.501,Moderate,14.7,54,20.9,9.2,3.9,Heavy Rain,0,0
2026-02-06 22:00:00,40.66001486282308,-74.03492954934772,Arterial,60,54.0,0.1,Low,23.4,51,24.2,0.0,10.8,Clear,0,0
2026-02-06 22:15:00,40.667842539744925,-74.03644180877701,Arterial,60,60.0,0.0,Low,27.8,51,16.4,0.0,9.9,Clear,0,0
2026-02-06 22:30:00,40.68022561022348,-74.02788889756741,Arterial,60,59.3,0.012,Low,15.6,51,8.8,0.0,10.7,Cloudy,0,0
2026-02-06 22:45:00,40.6741865275768,-74.03833908988659,Arterial,60,37.6,0.373,Moderate,12.4,82,8.6,4.3,5.0,Rain,0,0
2026-02-06 23:00:00,40.66915863756629,-74.04508174928951,Highway,90,78.2,0.131,Low,26.0,89,24.0,0.0,8.6,Cloudy,0,0
2026-02-06 23:15:00,40.67116114427052,-74.02913000516595,Residential,30,28.2,0.06,Low,22.9,67,10.7,0.0,11.9,Clear,0,0
2026-02-06 23:30:00,40.665582404456714,-74.03538262615676,Arterial,60,47.3,0.212,Low,17.7,50,26.1,7.2,7.7,Rain,0,0
2026-02-06 23:45:00,40.65794815533535,-74.04336274269455,Arterial,60,51.6,0.14,Low,21.6,57,28.8,0.0,14.7,Clear,0,0
2026-02-07 00:00:00,40.66692886686707,-74.03455115484478,Arterial,60,38.3,0.362,Moderate,7.2,65,20.4,3.5,5.1,Rain,1,0
2026-02-07 00:15:00,40.665223647130354,-74.04137662771237,City_Street,40,32.8,0.18,Low,19.9,61,7.4,0.0,14.5,Clear,1,0
2026-02-07 00:30:00,40.67120337150261,-74.03253202652152,Highway,90,84.2,0.064,Low,19.1,74,34.1,0.0,13.3,Cloudy,1,0
2026-02-07 00:45:00,40.67554284961446,-74.03214317178121,Highway,90,66.7,0.259,Moderate,22.8,100,29.4,7.6,6.4,Rain,1,0
2026-02-07 01:00:00,40.66332500044822,-74.04359712703848,Highway,90,71.2,0.209,Low,31.2,77,21.9,0.0,13.0,Clear,1,0
2026-02-07 01:15:00,40.67683441603099,-74.02524855167975,Arterial,60,35.2,0.413,Moderate,24.0,53,33.6,0.0,1.1,Fog,1,0
2026-02-07 01:30:00,40.67171634414754,-74.04547123743735,City_Street,40,35.7,0.107,Low,27.2,85,7.9,0.0,14.3,Clear,1,0
2026-02-07 01:45:00,40.67094081213699,-74.03466703691234,Arterial,60,28.3,0.528,Moderate,22.7,100,11.1,11.9,0.7,Snow,1,0
2026-02-07 02:00:00,40.668382309681334,-74.03664027664588,Highway,90,71.6,0.204,Low,9.3,70,34.1,5.5,4.3,Rain,1,0
2026-02-07 02:15:00,40.65691316634248,-74.02196319272872,Arterial,60,33.0,0.45,Moderate,13.4,41,12.5,0.0,1.3,Fog,1,0
2026-02-07 02:30:00,40.66572665052138,-74.02295773878593,Residential,30,19.8,0.34,Moderate,11.1,52,16.6,0.0,0.3,Fog,1,0
2026-02-07 02:45:00,40.67360036754509,-74.02778837324452,Highway,90,69.2,0.231,Low,19.1,53,19.7,0.0,8.6,Clear,1,0
2026-02-07 03:00:00,40.67078132171741,-74.03548706307095,Residential,30,20.2,0.327,Moderate,18.0,65,26.7,4.2,6.1,Rain,1,0
2026-02-07 03:15:00,40.658156686535925,-74.0177260566917,Residential,30,27.6,0.08,Low,17.9,54,19.2,0.0,12.4,Clear,1,0
2026-02-07 03:30:00,40.66823301248054,-74.02370194779489,City_Street,40,15.4,0.615,Heavy,14.5,51,18.0,5.4,2.9,Snow,1,0
2026-02-07 03:45:00,40.66713467378039,-74.02835838203119,Arterial,60,48.8,0.187,Low,16.2,70,8.3,5.7,7.0,Rain,1,0
2026-02-07 04:00:00,40.68096083352837,-74.03613591052837,Residential,30,26.8,0.107,Low,10.2,65,16.7,0.0,13.6,Cloudy,1,0
2026-02-07 04:15:00,40.65414475571846,-74.0248626055112,Arterial,60,27.8,0.537,Moderate,23.6,74,12.7,8.2,2.5,Heavy Rain,1,0
2026-02-07 04:30:00,40.668459929273446,-74.01685393849748,City_Street,40,33.6,0.16,Low,20.1,55,18.6,3.7,6.1,Rain,1,0
2026-02-07 04:45:00,40.66253078973991,-74.02657007188245,Residential,30,23.9,0.203,Low,12.8,64,24.3,4.5,6.1,Rain,1,0
2026-02-07 05:00:00,40.67667295700112,-74.0286807207527,Arterial,60,58.4,0.027,Low,23.9,80,23.0,0.0,10.2,Clear,1,0
2026-02-07 05:15:00,40.64341693701277,-74.02886445646088,City_Street,40,34.6,0.135,Low,18.5,80,24.5,0.0,8.5,Clear,1,0
2026-02-07 05:30:00,40.664795981566066,-74.02164218327614,Highway,90,85.3,0.052,Low,14.2,56,9.3,0.0,14.9,Clear,1,0
2026-02-07 05:45:00,40.672193994140365,-74.02410787842412,Arterial,60,55.3,0.078,Low,16.4,22,5.3,0.0,9.4,Cloudy,1,0
2026-02-07 06:00:00,40.66279720326171,-74.01102516027035,City_Street,40,31.1,0.222,Low,15.1,78,25.4,0.0,11.4,Clear,1,0
2026-02-07 06:15:00,40.675250191996106,-74.02436677507485,Arterial,60,60.0,0.0,Low,7.1,65,32.4,0.0,12.0,Clear,1,0
2026-02-07 06:30:00,40.66542091365936,-74.01824209840306,Highway,90,76.2,0.153,Low,21.0,81,26.4,7.9,4.2,Rain,1,0
2026-02-07 06:45:00,40.672720971911396,-74.01190724379484,Highway,90,84.5,0.061,Low,22.9,65,3.4,0.0,8.3,Clear,1,0
2026-02-07 07:00:00,40.65842153836856,-74.00688733696147,Arterial,60,49.1,0.182,Low,20.3,40,18.2,0.0,10.6,Clear,1,0
2026-02-07 07:15:00,40.6719467404335,-74.02157680403218,Arterial,60,53.2,0.113,Low,22.9,25,19.7,0.0,14.8,Clear,1,0
2026-02-07 07:30:00,40.66882703723057,-74.00630570460355,Residential,30,26.0,0.133,Low,22.4,53,23.6,0.0,10.6,Clear,1,0
2026-02-07 07:45:00,40.66042098126536,-74.01780606963341,Residential,30,28.8,0.04,Low,22.4,73,29.3,0.0,11.2,Clear,1,0
2026-02-07 08:00:00,40.66556409979714,-74.00580833998963,City_Street,40,18.4,0.54,Moderate,16.3,81,11.9,17.1,3.3,Heavy Rain,1,0
2026-02-07 08:15:00,40.67012573936307,-74.03432479021646,Arterial,60,56.3,0.062,Low,15.0,53,12.8,0.0,10.2,Clear,1,0
2026-02-07 08:30:00,40.67223187433143,-74.02474636295983,Arterial,60,30.1,0.498,Moderate,13.1,91,7.8,9.3,1.2,Snow,1,0
2026-02-07 08:45:00,40.6686192892098,-73.99906962426606,City_Street,40,21.6,0.46,Moderate,14.6,78,23.5,17.1,2.7,Heavy Rain,1,0
2026-02-07 09:00:00,40.66973260639088,-74.02140169305052,Arterial,60,49.4,0.177,Low,29.0,22,4.0,0.0,8.9,Cloudy,1,0
2026-02-07 09:15:00,40.68196232508929,-74.01318435796226,Arterial,60,56.0,0.067,Low,17.1,30,17.6,0.0,10.3,Cloudy,1,0
2026-02-07 09:30:00,40.65970747860054,-74.00672635318409,City_Street,40,34.6,0.135,Low,19.3,79,33.8,0.0,10.8,Cloudy,1,0
2026-02-07 09:45:00,40.664834112348366,-74.02141331049842,City_Street,40,36.5,0.088,Low,23.9,39,22.9,0.0,14.0,Clear,1,0
2026-02-07 10:00:00,40.65422364779684,-74.02307898076972,City_Street,40,23.8,0.405,Moderate,6.3,49,32.7,0.0,0.9,Fog,1,0
2026-02-07 10:15:00,40.66662039672908,-74.01256474446261,Residential,30,25.5,0.15,Low,20.1,53,31.0,0.0,15.0,Cloudy,1,0
2026-02-07 10:30:00,40.66315684785189,-74.0004064887956,Arterial,60,60.0,0.0,Low,24.5,66,2.7,0.0,11.3,Clear,1,0
2026-02-07 10:45:00,40.68120968441783,-74.01423148009678,Highway,90,77.0,0.144,Low,25.6,83,7.7,0.0,11.7,Cloudy,1,0
2026-02-07 11:00:00,40.66045753562754,-74.00665064314859,Highway,90,76.3,0.152,Low,19.2,79,23.5,0.0,13.0,Clear,1,0
2026-02-07 11:15:00,40.65499001504041,-74.02675905527008,Arterial,60,50.4,0.16,Low,27.1,56,8.3,0.0,12.5,Cloudy,1,0
2026-02-07 11:30:00,40.656622209805114,-74.00620220908615,Highway,90,61.3,0.319,Moderate,10.5,73,14.7,6.2,5.1,Rain,1,0
2026-02-07 11:45:00,40.664509215662896,-74.00084968854836,Highway,90,53.0,0.411,Moderate,19.6,61,19.7,0.0,0.3,Fog,1,0
2026-02-07 12:00:00,40.66102031152233,-74.01260320696989,Residential,30,21.3,0.29,Moderate,17.6,47,13.1,0.0,14.5,Clear,1,0
2026-02-07 12:15:00,40.64820596268001,-74.01185543151676,City_Street,40,33.2,0.17,Low,20.6,68,2.2,0.0,9.0,Cloudy,1,0
2026-02-07 12:30:00,40.673294741227295,-74.00892316323953,Arterial,60,42.4,0.293,Moderate,17.3,42,13.7,0.0,10.5,Clear,1,0
2026-02-07 12:45:00,40.673621123067434,-74.01052863196944,Residential,30,25.4,0.153,Low,21.2,59,12.2,0.0,8.0,Clear,1,0
2026-02-07 13:00:00,40.66877791064618,-74.015212297199,City_Street,40,31.3,0.218,Low,21.6,61,33.0,0.0,11.6,Clear,1,0
2026-02-07 13:15:00,40.65614891218288,-74.01181781084868,Arterial,60,29.6,0.507,Moderate,6.7,50,9.5,0.0,0.9,Fog,1,0
2026-02-07 13:30:00,40.66999115504974,-74.0111670077467,City_Street,40,26.6,0.335,Moderate,20.4,82,8.3,0.0,14.4,Clear,1,0
2026-02-07 13:45:00,40.66371921370553,-74.0126011147248,Highway,90,66.3,0.263,Moderate,19.6,37,32.5,0.0,10.3,Clear,1,0
2026-02-07 14:00:00,40.654966840498915,-74.01133609811238,Highway,90,60.6,0.327,Moderate,15.4,55,12.3,3.0,4.8,Rain,1,0
2026-02-07 14:15:00,40.65964441745456,-74.00837325590518,Arterial,60,25.1,0.582,Heavy,4.6,68,2.0,7.2,2.3,Snow,1,0
2026-02-07 14:30:00,40.66734475292269,-74.01152094428973,City_Street,40,27.0,0.325,Moderate,20.9,88,13.5,0.0,8.8,Clear,1,0
2026-02-07 14:45:00,40.6562107549459,-74.00781838052075,Highway,90,62.8,0.302,Moderate,17.4,61,19.5,0.0,11.1,Cloudy,1,0
2026-02-07 15:00:00,40.65639910262844,-73.98673461735396,Arterial,60,51.0,0.15,Low,17.7,58,12.5,0.0,13.9,Cloudy,1,0
2026-02-07 15:15:00,40.6464244616848,-74.01118035238213,Arterial,60,22.8,0.62,Heavy,15.9,63,30.8,4.0,1.5,Snow,1,0
2026-02-07 15:30:00,40.66734800537858,-74.00557929761402,Arterial,60,40.3,0.328,Moderate,11.8,81,26.2,0.0,10.4,Clear,1,0
2026-02-07 15:45:00,40.66773379864078,-74.01012027846032,Residential,30,24.0,0.2,Low,27.8,56,5.7,0.0,8.2,Clear,1,0
2026-02-07 16:00:00,40.64792180343557,-74.01335436942362,Residential,30,21.1,0.297,Moderate,16.8,71,25.0,0.0,9.6,Clear,1,0
2026-02-07 16:15:00,40.66287547602499,-73.98470749830302,Highway,90,40.5,0.55,Heavy,31.4,69,30.7,0.0,0.5,Fog,1,0
2026-02-07 16:30:00,40.66294854239905,-74.00632057883135,Highway,90,61.1,0.321,Moderate,25.1,45,3.5,0.0,14.2,Clear,1,0
2026-02-07 16:45:00,40.651065693129134,-73.99841582400089,Residential,30,18.4,0.387,Moderate,18.2,55,34.1,4.5,7.6,Rain,1,0
2026-02-07 17:00:00,40.671216883143856,-74.01124096057757,Residential,30,14.1,0.53,Moderate,21.8,51,12.7,0.0,0.6,Fog,1,0
2026-02-07 17:15:00,40.6700798834925,-74.00592222093238,Highway,90,60.2,0.331,Moderate,21.0,28,4.0,0.0,10.1,Cloudy,1,0
2026-02-07 17:30:00,40.667972989461994,-74.00531755759808,Highway,90,60.5,0.328,Moderate,27.7,48,25.8,0.0,12.1,Clear,1,0
2026-02-07 17:45:00,40.654730679493724,-73.99010628421004,City_Street,40,30.6,0.235,Low,15.6,43,9.0,0.0,13.6,Clear,1,0
2026-02-07 18:00:00,40.67224396274304,-73.98608763886558,Highway,90,77.3,0.141,Low,21.6,39,24.4,0.0,11.1,Cloudy,1,0
2026-02-07 18:15:00,40.656660252955234,-74.00842949517349,Highway,90,62.4,0.307,Moderate,21.9,41,14.8,0.0,13.0,Cloudy,1,0
2026-02-07 18:30:00,40.66524522408644,-73.99260984515698,Arterial,60,36.8,0.387,Moderate,25.0,48,26.9,2.9,5.9,Rain,1,0
2026-02-07 18:45:00,40.66097930803909,-73.98512038772019,Highway,90,75.0,0.167,Low,19.8,53,34.6,0.0,10.3,Clear,1,0
2026-02-07 19:00:00,40.66442914756722,-73.99571255480373,City_Street,40,32.6,0.185,Low,14.5,85,5.0,1.5,7.1,Rain,1,0
2026-02-07 19:15:00,40.677038511470656,-73.99960456121056,Residential,30,17.7,0.41,Moderate,19.5,68,22.4,0.0,0.3,Fog,1,0
2026-02-07 19:30:00,40.675577350446005,-73.99963444911913,Residential,30,24.8,0.173,Low,15.8,53,8.6,0.0,12.7,Clear,1,0
2026-02-07 19:45:00,40.672886803553666,-74.00365608726291,City_Street,40,24.0,0.4,Moderate,14.2,69,14.3,0.0,0.4,Fog,1,0
2026-02-07 20:00:00,40.64715408256909,-73.99346646440281,Residential,30,30.0,0.0,Low,18.6,61,13.9,0.0,14.6,Cloudy,1,0
2026-02-07 20:15:00,40.675671107054015,-73.98173192670595,Highway,90,70.6,0.216,Low,16.6,70,33.3,1.5,7.8,Rain,1,0
2026-02-07 20:30:00,40.68052141793716,-73.99087434365737,Residential,30,29.1,0.03,Low,34.7,37,14.8,0.0,14.6,Cloudy,1,0
2026-02-07 20:45:00,40.674070268368276,-73.98968426798328,City_Street,40,39.4,0.015,Low,18.5,64,25.3,0.0,10.6,Clear,1,0
2026-02-07 21:00:00,40.65867805558891,-73.98476260817792,City_Street,40,31.4,0.215,Low,16.6,57,11.2,0.0,11.3,Cloudy,1,0
2026-02-07 21:15:00,40.654563444875635,-74.00054762261905,Residential,30,26.7,0.11,Low,20.6,61,9.8,0.0,14.4,Cloudy,1,0
2026-02-07 21:30:00,40.673672237916236,-73.9795973796852,Arterial,60,32.3,0.462,Moderate,21.9,84,32.4,21.6,3.1,Heavy Rain,1,0
2026-02-07 21:45:00,40.6640665245743,-73.98287165253043,Arterial,60,50.0,0.167,Low,18.6,86,20.4,0.0,9.6,Cloudy,1,0
2026-02-07 22:00:00,40.670019982615045,-73.99238691741681,Highway,90,67.5,0.25,Moderate,19.3,67,12.1,4.9,5.9,Rain,1,0
2026-02-07 22:15:00,40.65776238564182,-73.99497568289823,City_Street,40,33.3,0.168,Low,12.3,72,17.4,0.0,10.2,Cloudy,1,0
2026-02-07 22:30:00,40.6560803490646,-73.98062285598674,City_Street,40,37.8,0.055,Low,14.3,65,9.0,0.0,10.8,Clear,1,0
2026-02-07 22:45:00,40.660614103381675,-73.98824203366577,Residential,30,23.0,0.233,Low,19.8,55,12.5,0.0,10.0,Cloudy,1,0
2026-02-07 23:00:00,40.664920411495196,-73.97732401629318,City_Street,40,35.9,0.103,Low,15.0,62,27.9,0.0,10.6,Clear,1,0
2026-02-07 23:15:00,40.682908542340336,-73.98776628770689,City_Street,40,36.4,0.09,Low,18.2,51,29.5,0.0,11.4,Clear,1,0
2026-02-07 23:30:00,40.65822874962917,-73.98150513724651,Residential,30,21.5,0.283,Moderate,7.9,65,16.2,1.0,7.9,Rain,1,0
2026-02-07 23:45:00,40.682642555090574,-74.0016941519696,Highway,90,70.2,0.22,Low,22.0,62,17.5,0.0,13.4,Cloudy,1,0
2026-02-08 00:00:00,40.66756768135668,-73.9989393731535,Highway,90,81.3,0.097,Low,16.1,59,10.1,0.0,8.7,Cloudy,1,0
2026-02-08 00:15:00,40.667277512092646,-73.97955170251205,Arterial,60,59.7,0.005,Low,26.5,84,17.7,0.0,12.0,Clear,1,0
2026-02-08 00:30:00,40.675704917244296,-73.99418540055449,Arterial,60,40.7,0.322,Moderate,28.9,77,8.1,0.0,1.1,Fog,1,0
2026-02-08 00:45:00,40.670871180060786,-73.97981180885373,Arterial,60,44.4,0.26,Moderate,15.5,75,30.1,1.8,4.9,Rain,1,0
2026-02-08 01:00:00,40.66631387970675,-73.97877323817586,Arterial,60,38.8,0.353,Moderate,20.0,66,12.0,2.1,4.2,Rain,1,0
2026-02-08 01:15:00,40.658583743380255,-73.99796281453911,Residential,30,25.3,0.157,Low,15.3,71,19.2,5.4,5.0,Rain,1,0
2026-02-08 01:30:00,40.66374574186336,-74.00033822673873,Highway,90,69.3,0.23,Low,18.7,77,32.7,0.0,13.8,Clear,1,0
2026-02-08 01:45:00,40.66519127055588,-73.97880279430152,Highway,90,62.3,0.308,Moderate,23.1,48,32.4,0.0,1.0,Fog,1,0
2026-02-08 02:00:00,40.67265782218627,-73.9724044146389,Residential,30,24.0,0.2,Low,27.0,42,27.4,0.0,8.9,Clear,1,0
2026-02-08 02:15:00,40.682181736336425,-73.9831993205117,City_Street,40,31.1,0.222,Low,12.7,77,34.3,4.2,6.5,Rain,1,0
2026-02-08 02:30:00,40.66280389847434,-73.98135954565876,City_Street,40,39.8,0.005,Low,23.1,72,5.9,0.0,10.0,Clear,1,0
2026-02-08 02:45:00,40.67325640999856,-73.98467419893196,Arterial,60,58.0,0.033,Low,28.7,64,8.3,0.0,11.2,Cloudy,1,0
2026-02-08 03:00:00,40.668111381291865,-73.99695839064984,Highway,90,84.1,0.066,Low,31.8,54,24.0,0.0,13.4,Cloudy,1,0
2026-02-08 03:15:00,40.67388142378077,-73.98428363120661,Highway,90,73.6,0.182,Low,15.5,76,16.3,0.0,12.8,Clear,1,0
2026-02-08 03:30:00,40.669730150876866,-73.98093793135445,Arterial,60,35.5,0.408,Moderate,21.6,48,3.5,0.0,0.9,Fog,1,0
2026-02-08 03:45:00,40.66314806030716,-73.98084391705142,Arterial,60,60.0,0.0,Low,13.1,58,4.7,0.0,12.9,Clear,1,0
2026-02-08 04:00:00,40.66887986118619,-73.97970127389164,Highway,90,43.2,0.52,Moderate,15.5,97,19.8,24.4,1.3,Heavy Rain,1,0
2026-02-08 04:15:00,40.66855936935498,-73.98166941528265,City_Street,40,31.1,0.222,Low,27.1,56,34.0,0.0,10.3,Cloudy,1,0
2026-02-08 04:30:00,40.666363413805406,-73.97075536895733,City_Street,40,38.8,0.03,Low,23.7,64,24.2,0.0,12.9,Clear,1,0
2026-02-08 04:45:00,40.68286605263577,-73.97581667703133,Residential,30,28.6,0.047,Low,14.5,64,27.9,0.0,8.9,Clear,1,0
2026-02-08 05:00:00,40.66809094002717,-73.98069866922603,Residential,30,29.4,0.02,Low,10.8,45,29.8,0.0,9.5,Clear,1,0
2026-02-08 05:15:00,40.677441717410005,-73.97737771453747,City_Street,40,33.5,0.162,Low,27.2,61,25.2,0.0,8.0,Clear,1,0
2026-02-08 05:30:00,40.690837587534986,-73.97964228252988,Residential,30,24.3,0.19,Low,21.3,72,6.8,0.0,11.2,Cloudy,1,0
2026-02-08 05:45:00,40.67858569482186,-73.95993807900612,City_Street,40,31.0,0.225,Low,19.6,52,28.3,0.0,14.8,Clear,1,0
2026-02-08 06:00:00,40.675455766244454,-73.98826048515593,City_Street,40,39.2,0.02,Low,7.2,47,6.1,0.0,14.0,Clear,1,0
2026-02-08 06:15:00,40.67523309971755,-73.97006921151838,Arterial,60,59.6,0.007,Low,19.9,49,11.4,0.0,13.8,Clear,1,0
2026-02-08 06:30:00,40.65868320104852,-73.97874119153197,Arterial,60,59.5,0.008,Low,24.1,64,23.4,0.0,13.3,Clear,1,0
2026-02-08 06:45:00,40.66886573836786,-73.99255745930574,Residential,30,25.0,0.167,Low,18.3,27,22.6,0.0,10.1,Clear,1,0
2026-02-08 07:00:00,40.67597003703521,-73.97435143310763,Arterial,60,49.1,0.182,Low,22.5,82,34.9,0.0,13.0,Clear,1,0
2026-02-08 07:15:00,40.68613827325265,-73.97118484767256,Arterial,60,50.2,0.163,Low,24.5,83,10.6,0.0,14.9,Cloudy,1,0
2026-02-08 07:30:00,40.68221676859077,-73.98239388581003,Highway,90,76.4,0.151,Low,23.8,63,16.8,0.0,9.8,Cloudy,1,0
2026-02-08 07:45:00,40.66399750426805,-73.97088516349433,City_Street,40,28.3,0.292,Moderate,19.4,55,2.7,0.0,0.8,Fog,1,0
2026-02-08 08:00:00,40.65978775507354,-73.96639783553175,City_Street,40,38.0,0.05,Low,19.8,60,23.9,0.0,14.0,Clear,1,0
2026-02-08 08:15:00,40.67833052637788,-73.97699180319978,Arterial,60,50.3,0.162,Low,17.1,63,32.9,0.0,8.1,Cloudy,1,0
2026-02-08 08:30:00,40.687044469583945,-73.96517397997098,Residential,30,19.0,0.367,Moderate,20.8,69,10.6,3.0,5.0,Rain,1,0
2026-02-08 08:45:00,40.67903716981349,-73.96413866529659,Residential,30,29.5,0.017,Low,16.7,68,7.0,0.0,14.5,Clear,1,0
2026-02-08 09:00:00,40.67308819572921,-73.96587798127094,City_Street,40,36.7,0.082,Low,21.6,35,5.2,0.0,14.0,Clear,1,0
2026-02-08 09:15:00,40.67015131537041,-73.97038597312232,Arterial,60,49.3,0.178,Low,8.4,47,5.8,1.8,4.3,Rain,1,0
2026-02-08 09:30:00,40.684592704331735,-73.96881258087106,Arterial,60,33.3,0.445,Moderate,15.7,55,5.9,0.0,1.2,Fog,1,0
2026-02-08 09:45:00,40.674338679170376,-73.99621966465223,City_Street,40,32.9,0.177,Low,30.0,62,27.6,0.0,8.2,Cloudy,1,0
2026-02-08 10:00:00,40.679451232750935,-73.97290284448873,Highway,90,56.9,0.368,Moderate,22.5,64,20.8,0.0,1.1,Fog,1,0
2026-02-08 10:15:00,40.67461639162359,-73.97154558857177,Arterial,60,48.2,0.197,Low,14.0,71,13.7,0.0,11.2,Clear,1,0
2026-02-08 10:30:00,40.67054586236308,-73.9786360577722,Arterial,60,25.8,0.57,Heavy,15.0,62,34.0,8.8,1.1,Snow,1,0
2026-02-08 10:45:00,40.680318292629714,-73.96413452773864,Arterial,60,56.5,0.058,Low,21.8,52,20.0,0.0,14.9,Clear,1,0
2026-02-08 11:00:00,40.66773113523347,-73.97481222611914,City_Street,40,31.4,0.215,Low,21.5,27,34.2,0.0,9.4,Clear,1,0
2026-02-08 11:15:00,40.668700533219564,-73.96973549180754,City_Street,40,32.9,0.177,Low,17.9,60,17.4,3.3,4.8,Rain,1,0
2026-02-08 11:30:00,40.690440980332696,-73.9674140787633,Highway,90,81.8,0.091,Low,24.6,63,21.5,0.0,11.5,Clear,1,0
2026-02-08 11:45:00,40.67973933479787,-73.96980585297602,Highway,90,87.2,0.031,Low,29.3,88,32.5,0.0,11.2,Clear,1,0
2026-02-08 12:00:00,40.687528365122056,-73.97882104685941,Residential,30,24.8,0.173,Low,19.4,54,13.2,0.0,8.6,Clear,1,0
2026-02-08 12:15:00,40.67710579365237,-73.98187548903407,Residential,30,20.2,0.327,Moderate,20.6,73,32.5,0.0,13.5,Clear,1,0
2026-02-08 12:30:00,40.693935094144294,-73.97498143607925,Highway,90,77.0,0.144,Low,18.0,64,33.6,0.0,12.5,Cloudy,1,0
2026-02-08 12:45:00,40.67313776879819,-73.9852606701618,City_Street,40,34.0,0.15,Low,27.6,87,29.4,0.0,11.0,Clear,1,0
2026-02-08 13:00:00,40.68284588260574,-73.9702178416519,Highway,90,57.4,0.362,Moderate,27.2,35,21.8,0.0,11.6,Cloudy,1,0
2026-02-08 13:15:00,40.67674463979988,-73.96039948030838,Arterial,60,44.2,0.263,Moderate,27.1,24,6.0,0.0,13.5,Clear,1,0
2026-02-08 13:30:00,40.67970357684052,-73.9615506709126,City_Street,40,30.5,0.238,Low,16.5,58,13.7,0.0,11.3,Cloudy,1,0
2026-02-08 13:45:00,40.687251996774926,-73.96723136994203,Highway,90,53.8,0.402,Moderate,24.2,66,5.0,0.0,1.4,Fog,1,0
2026-02-08 14:00:00,40.68580906917183,-73.97217583812423,Highway,90,72.5,0.194,Low,28.0,50,14.8,0.0,9.5,Cloudy,1,0
2026-02-08 14:15:00,40.67977148886957,-73.98112878693618,Residential,30,18.4,0.387,Moderate,15.7,62,30.2,3.6,4.2,Rain,1,0
2026-02-08 14:30:00,40.6703679236395,-73.96835885866862,Residential,30,19.3,0.357,Moderate,21.4,63,32.2,0.0,14.5,Cloudy,1,0
2026-02-08 14:45:00,40.676811444262846,-73.96798358120596,Highway,90,57.6,0.36,Moderate,22.5,51,33.8,0.0,14.5,Cloudy,1,0
2026-02-08 15:00:00,40.68304235521369,-73.96633336096237,Residential,30,21.3,0.29,Moderate,19.0,55,31.4,0.0,14.4,Clear,1,0
2026-02-08 15:15:00,40.6891276217671,-73.9671769228053,Highway,90,34.8,0.613,Heavy,14.0,83,29.0,9.6,0.6,Snow,1,0
2026-02-08 15:30:00,40.67765791337636,-73.96502194071381,City_Street,40,21.6,0.46,Moderate,19.7,77,5.7,7.3,6.7,Rain,1,0
2026-02-08 15:45:00,40.68328529141566,-73.96030213482766,City_Street,40,29.7,0.258,Moderate,20.5,30,32.2,0.0,11.1,Clear,1,0
2026-02-08 16:00:00,40.68655434897883,-73.94151044754781,Residential,30,25.5,0.15,Low,16.9,46,6.5,0.0,14.2,Clear,1,0
2026-02-08 16:15:00,40.673163818784616,-73.9670586643296,Arterial,60,51.3,0.145,Low,18.7,60,8.2,0.0,10.9,Clear,1,0
2026-02-08 16:30:00,40.6868129017295,-73.95197531227029,Arterial,60,42.3,0.295,Moderate,5.6,92,8.7,4.6,4.9,Rain,1,0
2026-02-08 16:45:00,40.682503247169905,-73.97879103313703,Arterial,60,33.0,0.45,Moderate,18.4,70,4.4,5.1,6.1,Rain,1,0
2026-02-08 17:00:00,40.69655657316699,-73.97416028401359,Highway,90,48.4,0.462,Moderate,17.8,100,5.7,7.6,6.0,Rain,1,0
2026-02-08 17:15:00,40.68900181142307,-73.9653192915568,Arterial,60,23.3,0.612,Heavy,11.6,89,23.4,15.8,1.4,Heavy Rain,1,0
2026-02-08 17:30:00,40.68950835597739,-73.95704961366336,Residential,30,25.3,0.157,Low,16.8,58,25.2,0.0,9.9,Clear,1,0
2026-02-08 17:45:00,40.68213635471024,-73.96168452675032,Residential,30,14.4,0.52,Moderate,14.1,100,28.6,13.6,2.9,Heavy Rain,1,0
2026-02-08 18:00:00,40.68192477277485,-73.94951100224958,Highway,90,59.1,0.343,Moderate,21.4,39,29.8,0.0,15.0,Clear,1,0
2026-02-08 18:15:00,40.68433372527998,-73.95494722824867,City_Street,40,26.1,0.347,Moderate,21.2,63,7.3,0.0,10.1,Clear,1,0
2026-02-08 18:30:00,40.69440163275624,-73.95951483659645,Residential,30,18.0,0.4,Moderate,14.0,48,4.3,1.8,6.9,Rain,1,0
2026-02-08 18:45:00,40.67589962596895,-73.95639623737907,City_Street,40,29.8,0.255,Moderate,23.0,61,16.5,0.0,13.3,Cloudy,1,0
2026-02-08 19:00:00,40.68937692510202,-73.96103669150877,Arterial,60,56.0,0.067,Low,26.2,81,20.0,0.0,13.5,Clear,1,0
2026-02-08 19:15:00,40.68218075781164,-73.95153321815205,Highway,90,90.0,0.0,Low,23.3,60,23.8,0.0,14.9,Cloudy,1,0
2026-02-08 19:30:00,40.675868103822296,-73.96308821284079,Residential,30,30.0,0.0,Low,23.7,86,2.8,0.0,10.7,Cloudy,1,0
2026-02-08 19:45:00,40.70013476411482,-73.97743632497487,Highway,90,35.1,0.61,Heavy,13.8,26,19.4,6.4,1.2,Snow,1,0
2026-02-08 20:00:00,40.695210389640415,-73.95500284276237,Arterial,60,41.5,0.308,Moderate,24.4,61,5.4,0.0,0.9,Fog,1,0
2026-02-08 20:15:00,40.68425484989423,-73.95147380051783,Arterial,60,40.2,0.33,Moderate,14.0,100,31.5,7.5,6.7,Rain,1,0
2026-02-08 20:30:00,40.69062781537556,-73.97523648686293,Highway,90,61.2,0.32,Moderate,20.2,48,7.6,0.0,1.2,Fog,1,0
2026-02-08 20:45:00,40.70007770797429,-73.97116553091362,Residential,30,24.7,0.177,Low,5.7,58,14.5,6.6,6.0,Rain,1,0
2026-02-08 21:00:00,40.68070304471157,-73.96697098367709,Residential,30,25.2,0.16,Low,19.2,74,22.9,0.0,11.5,Clear,1,0
2026-02-08 21:15:00,40.695925418231475,-73.95827919867185,Highway,90,90.0,0.0,Low,23.0,40,3.3,0.0,14.2,Cloudy,1,0
2026-02-08 21:30:00,40.701270341359,-73.95275947438748,Highway,90,88.8,0.013,Low,11.2,57,28.6,0.0,13.2,Clear,1,0
2026-02-08 21:45:00,40.69672878519267,-73.95830765998073,Residential,30,26.2,0.127,Low,27.8,58,25.4,0.0,10.7,Cloudy,1,0
2026-02-08 22:00:00,40.70415684806053,-73.96136999428771,Highway,90,80.8,0.102,Low,22.3,44,14.6,0.0,9.7,Clear,1,0
2026-02-08 22:15:00,40.714303300410215,-73.96356467894606,City_Street,40,28.9,0.278,Moderate,14.5,40,33.2,5.4,4.3,Rain,1,0
2026-02-08 22:30:00,40.69777269460295,-73.95477490564393,Arterial,60,60.0,0.0,Low,30.2,50,2.9,0.0,9.2,Clear,1,0
2026-02-08 22:45:00,40.69078968587904,-73.95239813231665,Highway,90,73.9,0.179,Low,16.1,74,24.8,4.0,6.3,Rain,1,0
2026-02-08 23:00:00,40.69942468473293,-73.95851578863592,Arterial,60,51.7,0.138,Low,31.2,69,15.6,0.0,11.5,Clear,1,0
2026-02-08 23:15:00,40.6987601893912,-73.95952551688609,City_Street,40,15.5,0.613,Heavy,15.1,65,25.0,2.6,1.5,Snow,1,0
2026-02-08 23:30:00,40.7099448654782,-73.96874324885013,City_Street,40,38.0,0.05,Low,18.2,49,31.7,0.0,10.3,Clear,1,0
2026-02-08 23:45:00,40.698687731725315,-73.95281704510428,City_Street,40,39.1,0.022,Low,17.2,27,3.6,0.0,14.3,Clear,1,0
2026-02-09 00:00:00,40.71808993013918,-73.95379083357692,Arterial,60,59.0,0.017,Low,25.3,47,26.1,0.0,12.2,Clear,0,0
2026-02-09 00:15:00,40.69993476750941,-73.96000763822857,City_Street,40,32.7,0.182,Low,14.0,48,15.3,0.0,9.5,Cloudy,0,0
2026-02-09 00:30:00,40.703553330518226,-73.95936755511741,City_Street,40,33.5,0.162,Low,14.0,58,3.7,0.0,14.1,Cloudy,0,0
2026-02-09 00:45:00,40.708978958976644,-73.96126502388815,Arterial,60,54.5,0.092,Low,19.9,40,15.5,0.0,11.4,Clear,0,0
2026-02-09 01:00:00,40.698767374571624,-73.95222613700865,Arterial,60,34.9,0.418,Moderate,22.9,59,5.0,0.0,0.2,Fog,0,0
2026-02-09 01:15:00,40.70380053718052,-73.96317864898327,Arterial,60,46.5,0.225,Low,19.7,60,27.8,0.0,9.5,Clear,0,0
2026-02-09 01:30:00,40.703931025716685,-73.95175914377066,City_Street,40,39.2,0.02,Low,24.1,23,25.7,0.0,11.8,Clear,0,0
2026-02-09 01:45:00,40.69664259448189,-73.95057116025384,City_Street,40,28.4,0.29,Moderate,18.7,49,10.2,6.6,4.2,Rain,0,0
2026-02-09 02:00:00,40.703017728895595,-73.96188656817148,Residential,30,12.3,0.59,Heavy,18.1,86,24.1,12.0,1.6,Snow,0,0
2026-02-09 02:15:00,40.703721340338085,-73.96114658223406,City_Street,40,31.3,0.218,Low,22.2,29,17.8,0.0,13.1,Clear,0,0
2026-02-09 02:30:00,40.69671116897019,-73.95201794129136,Highway,90,50.2,0.442,Moderate,22.0,57,26.0,0.0,0.3,Fog,0,0
2026-02-09 02:45:00,40.70276284033305,-73.96244223729497,Residential,30,25.3,0.157,Low,23.9,42,13.9,0.0,8.7,Clear,0,0
2026-02-09 03:00:00,40.706452766784984,-73.9497113711535,Residential,30,20.9,0.303,Moderate,18.0,33,20.3,7.1,7.8,Rain,0,0
2026-02-09 03:15:00,40.71477720080529,-73.95903576815951,Arterial,60,34.6,0.423,Moderate,15.7,87,7.0,0.0,0.9,Fog,0,0
2026-02-09 03:30:00,40.71700421589662,-73.96906575448422,Residential,30,27.3,0.09,Low,17.0,71,21.9,0.0,14.4,Clear,0,0
2026-02-09 03:45:00,40.70984677756107,-73.95019541043156,Highway,90,72.9,0.19,Low,18.3,78,34.8,0.0,8.6,Cloudy,0,0
2026-02-09 04:00:00,40.7069732588988,-73.95909676678443,Highway,90,69.1,0.232,Low,21.5,57,29.9,0.0,14.6,Clear,0,0
2026-02-09 04:15:00,40.70510712659199,-73.96966919010163,City_Street,40,33.6,0.16,Low,31.8,43,34.7,0.0,9.6,Cloudy,0,0
2026-02-09 04:30:00,40.70283852052191,-73.96091304815528,Residential,30,23.4,0.22,Low,14.8,66,26.8,0.0,9.6,Clear,0,0
2026-02-09 04:45:00,40.703801478495606,-73.95760963409725,City_Street,40,29.7,0.258,Moderate,17.0,64,18.7,1.7,7.3,Rain,0,0
2026-02-09 05:00:00,40.70223302098934,-73.95356449580561,Residential,30,25.6,0.147,Low,20.3,71,22.1,0.0,12.1,Clear,0,0
2026-02-09 05:15:00,40.70313521952283,-73.96476638031841,Highway,90,39.3,0.563,Heavy,12.3,64,18.6,6.9,0.9,Snow,0,0
2026-02-09 05:30:00,40.716058008598075,-73.9615686634357,Highway,90,85.7,0.048,Low,17.6,63,29.5,0.0,13.9,Cloudy,0,0
2026-02-09 05:45:00,40.730634207569686,-73.95775342060332,Highway,90,71.0,0.211,Low,14.4,32,32.5,0.0,8.4,Cloudy,0,0
2026-02-09 06:00:00,40.70724893796201,-73.95515324570357,City_Street,40,34.4,0.14,Low,26.8,58,16.2,0.0,10.8,Clear,0,0
2026-02-09 06:15:00,40.709140850741264,-73.95660006458697,Highway,90,90.0,0.0,Low,14.4,63,14.3,0.0,13.3,Cloudy,0,0
2026-02-09 06:30:00,40.710297434890215,-73.94765705573288,Highway,90,66.0,0.267,Moderate,13.8,66,10.9,7.4,5.8,Rain,0,0
2026-02-09 06:45:00,40.71232556436735,-73.94785531611738,Residential,30,24.0,0.2,Low,9.3,51,5.1,2.1,5.9,Rain,0,0
2026-02-09 07:00:00,40.707641790169085,-73.95928179107881,Arterial,60,23.3,0.612,Heavy,10.2,47,25.6,0.0,13.0,Clear,0,1
2026-02-09 07:15:00,40.70583413804603,-73.96457323219616,Residential,30,13.7,0.543,Moderate,22.7,52,16.6,0.0,10.9,Clear,0,1
2026-02-09 07:30:00,40.7186393738312,-73.95475555321869,City_Street,40,13.4,0.665,Heavy,14.9,68,7.8,0.0,0.4,Fog,0,1
2026-02-09 07:45:00,40.70930828585881,-73.95372600378397,Arterial,60,25.7,0.572,Heavy,15.1,50,26.7,0.0,14.1,Cloudy,0,1
2026-02-09 08:00:00,40.7193526876399,-73.96648638335378,City_Street,40,17.8,0.555,Heavy,21.9,73,7.5,0.0,14.7,Clear,0,1
2026-02-09 08:15:00,40.71625279586399,-73.94810196114372,Highway,90,44.1,0.51,Moderate,19.2,71,24.6,0.0,9.1,Clear,0,1
2026-02-09 08:30:00,40.724860484160914,-73.96193260610903,Arterial,60,30.0,0.5,Moderate,30.9,64,33.5,0.0,13.8,Clear,0,1
2026-02-09 08:45:00,40.709327920639105,-73.95755309564635,Residential,30,15.4,0.487,Moderate,24.4,40,34.5,0.0,13.4,Clear,0,1
2026-02-09 09:00:00,40.72091933783379,-73.95626372485542,Arterial,60,14.1,0.765,Heavy,3.8,66,15.8,11.0,1.7,Snow,0,1
2026-02-09 09:15:00,40.71346762270417,-73.9592441559012,Highway,90,33.4,0.629,Heavy,15.9,66,23.2,4.6,4.6,Rain,0,1
2026-02-09 09:30:00,40.72537890116918,-73.95293707479532,Highway,90,38.3,0.574,Heavy,21.9,42,22.9,0.0,9.8,Clear,0,1
2026-02-09 09:45:00,40.7353814696816,-73.95575564334088,Highway,90,35.3,0.608,Heavy,17.4,64,12.7,6.2,4.9,Rain,0,1
2026-02-09 10:00:00,40.73757787911106,-73.96999933529405,Residential,30,23.0,0.233,Low,16.5,65,24.9,0.0,12.0,Clear,0,0
2026-02-09 10:15:00,40.70435276366679,-73.94971434648257,City_Street,40,33.8,0.155,Low,23.8,65,19.8,0.0,8.7,Clear,0,0
2026-02-09 10:30:00,40.708284888743435,-73.95794394527384,Highway,90,89.5,0.006,Low,20.9,45,9.5,0.0,10.6,Cloudy,0,0
2026-02-09 10:45:00,,,Highway,90,48.5,0.461,Moderate,8.7,55,15.4,9.3,3.4,Heavy Rain,0,0
2026-02-09 11:00:00,40.71698854011517,-73.96051095658123,Highway,90,73.3,0.186,Low,20.4,64,18.1,0.0,9.2,Clear,0,0
2026-02-09 11:15:00,40.723920129460566,-73.9592521992521,City_Street,40,26.3,0.343,Moderate,29.2,65,24.7,0.0,1.2,Fog,0,0
2026-02-09 11:30:00,40.718288578915384,-73.95046314518146,City_Street,40,36.1,0.097,Low,20.9,63,19.9,0.0,14.8,Clear,0,0
2026-02-09 11:45:00,40.718525397179555,-73.97153710162986,Arterial,60,27.7,0.538,Moderate,16.0,64,32.9,5.6,0.7,Snow,0,0
2026-02-09 12:00:00,40.71127943700989,-73.96173727602475,Residential,30,23.3,0.223,Low,28.3,64,15.5,0.0,11.5,Clear,0,0
2026-02-09 12:15:00,40.726174515508816,-73.95697440068243,Residential,30,24.9,0.17,Low,8.3,79,5.7,5.7,7.4,Rain,0,0
2026-02-09 12:30:00,40.73376822936405,-73.97119468270034,Arterial,60,58.5,0.025,Low,34.3,76,5.3,0.0,8.1,Cloudy,0,0
2026-02-09 12:45:00,40.71651929981882,-73.9608396234314,City_Street,40,31.4,0.215,Low,18.6,67,22.6,0.0,8.5,Clear,0,0
2026-02-09 13:00:00,40.719273269266075,-73.95922524639327,Highway,90,89.8,0.002,Low,15.7,70,23.5,0.0,14.4,Clear,0,0
2026-02-09 13:15:00,40.725728836238815,-73.94994178242061,Arterial,60,60.0,0.0,Low,15.6,52,11.5,0.0,10.7,Cloudy,0,0
2026-02-09 13:30:00,40.72032862621965,-73.96072693078389,Residential,30,21.8,0.273,Moderate,18.3,54,24.0,5.3,4.4,Rain,0,0
2026-02-09 13:45:00,40.71592428501082,-73.97492213767069,City_Street,40,31.7,0.208,Low,22.1,52,24.6,0.0,9.9,Clear,0,0
2026-02-09 14:00:00,40.73928520255915,-73.95775814480724,City_Street,40,33.4,0.165,Low,14.7,74,5.9,3.7,4.1,Rain,0,0
2026-02-09 14:15:00,40.72893829576818,-73.96412840644795,City_Street,40,37.1,0.073,Low,24.8,60,28.0,0.0,12.3,Clear,0,0
2026-02-09 14:30:00,40.72304343281244,-73.95382747079117,Residential,30,16.8,0.44,Moderate,14.7,58,16.9,0.0,1.4,Fog,0,0
2026-02-09 14:45:00,40.72262988026537,-73.97091104489571,Highway,90,71.7,0.203,Low,21.8,35,9.9,0.0,11.6,Cloudy,0,0
2026-02-09 15:00:00,40.725523933750104,-73.95193431989743,City_Street,40,33.6,0.16,Low,16.5,54,16.2,0.0,8.7,Clear,0,0
2026-02-09 15:15:00,40.7383135766713,-73.95881844901857,Residential,30,24.1,0.197,Low,19.7,50,26.6,0.0,12.4,Cloudy,0,0
2026-02-09 15:30:00,40.72711488622657,-73.95172930722899,Residential,30,24.0,0.2,Low,19.1,74,23.2,0.0,11.9,Clear,0,0
2026-02-09 15:45:00,40.7370939735174,-73.96869370907851,Residential,30,25.1,0.163,Low,18.3,43,2.1,0.0,9.0,Cloudy,0,0
2026-02-09 16:00:00,40.728246660155456,-73.95230413242247,City_Street,40,34.7,0.132,Low,16.7,92,32.4,0.0,8.3,Clear,0,0
2026-02-09 16:15:00,40.73275950536234,-73.96443259354146,City_Street,40,31.9,0.203,Low,13.5,43,30.0,2.2,6.5,Rain,0,0
2026-02-09 16:30:00,40.74212654729475,-73.95080278889121,City_Street,40,39.1,0.022,Low,21.0,74,7.7,0.0,10.7,Clear,0,0
2026-02-09 16:45:00,40.745133484615955,-73.96754944291727,Residential,30,24.4,0.187,Low,16.9,76,24.0,5.6,5.6,Rain,0,0
2026-02-09 17:00:00,40.735450707632545,-73.9588213841218,Arterial,60,27.7,0.538,Moderate,27.8,47,19.9,0.0,12.2,Cloudy,0,1
2026-02-09 17:15:00,40.73565274843263,-73.95163935115892,Residential,30,12.5,0.583,Heavy,15.8,78,29.4,3.9,6.1,Rain,0,1
2026-02-09 17:30:00,40.74348518854816,-73.9548906119154,Arterial,60,22.1,0.632,Heavy,15.4,67,9.7,1.1,4.3,Rain,0,1
2026-02-09 17:45:00,40.740074540894234,-73.96054603480474,City_Street,40,18.4,0.54,Moderate,21.2,56,23.6,0.0,11.2,Clear,0,1
2026-02-09 18:00:00,40.74562439057563,-73.94918652041277,Highway,90,39.0,0.567,Heavy,20.8,77,23.8,0.0,14.9,Cloudy,0,1
2026-02-09 18:15:00,40.72953566466474,-73.9587577656571,Arterial,60,29.3,0.512,Moderate,15.5,62,21.7,0.0,12.0,Cloudy,0,1
2026-02-09 18:30:00,40.72914806651121,-73.95921097114098,Highway,90,41.8,0.536,Moderate,25.1,51,17.2,0.0,8.7,Clear,0,1
2026-02-09 18:45:00,40.729721928451234,-73.94902117796003,Highway,90,43.9,0.512,Moderate,23.4,64,29.5,0.0,13.3,Clear,0,1
2026-02-09 19:00:00,40.73824909588219,-73.97238008499319,Highway,90,38.5,0.572,Heavy,24.5,42,17.0,0.0,8.5,Cloudy,0,1
2026-02-09 19:15:00,40.728922723976645,-73.970753622732,Arterial,60,25.4,0.577,Heavy,10.8,42,3.3,0.0,9.9,Clear,0,1
2026-02-09 19:30:00,40.740393369000195,-73.97186051539614,Arterial,60,25.3,0.578,Heavy,13.2,80,20.3,1.7,7.2,Rain,0,1
2026-02-09 19:45:00,40.73362345163538,-73.96340052672103,Arterial,60,16.1,0.732,Heavy,17.0,66,22.8,0.0,0.3,Fog,0,1
2026-02-09 20:00:00,40.746973190109465,-73.95435937434867,City_Street,40,32.9,0.177,Low,19.3,55,8.1,0.0,12.9,Cloudy,0,0
2026-02-09 20:15:00,40.74690436242134,-73.95517958212449,City_Street,40,32.5,0.188,Low,19.2,76,5.0,0.0,14.3,Clear,0,0
2026-02-09 20:30:00,40.73415946907572,-73.96349169840323,City_Street,40,39.5,0.012,Low,17.2,52,5.4,0.0,11.9,Clear,0,0
2026-02-09 20:45:00,40.74266987851884,-73.970134080924,Residential,30,27.4,0.087,Low,21.8,38,19.2,0.0,11.6,Clear,0,0
2026-02-09 21:00:00,40.74510451509535,-73.97262639205721,Residential,30,24.0,0.2,Low,16.5,80,31.7,4.4,7.4,Rain,0,0
2026-02-09 21:15:00,40.7426522448703,-73.96749363726964,City_Street,40,33.7,0.157,Low,16.1,100,16.7,2.8,6.6,Rain,0,0
2026-02-09 21:30:00,40.73223581664352,-73.96793402132073,Arterial,60,33.2,0.447,Moderate,20.8,51,27.3,0.0,0.6,Fog,0,0
2026-02-09 21:45:00,40.754564558346836,-73.97403598379928,Arterial,60,59.6,0.007,Low,19.8,51,18.3,0.0,11.9,Cloudy,0,0
2026-02-09 22:00:00,40.74144919400529,-73.96693640909244,Residential,30,28.2,0.06,Low,9.3,64,7.4,0.0,12.5,Clear,0,0
2026-02-09 22:15:00,40.74259044716042,-73.95814140626288,City_Street,40,38.3,0.043,Low,14.9,53,20.2,0.0,11.7,Clear,0,0
2026-02-09 22:30:00,40.741271622410856,-73.9637255057289,Arterial,60,47.6,0.207,Low,20.8,46,21.7,0.0,13.0,Cloudy,0,0
2026-02-09 22:45:00,40.73944412607421,-73.99089041913837,Arterial,60,56.8,0.053,Low,24.8,42,2.5,0.0,11.8,Clear,0,0
2026-02-09 23:00:00,40.747873370798665,-73.97762238430775,Arterial,60,34.5,0.425,Moderate,13.4,100,18.8,19.0,3.7,Heavy Rain,0,0
2026-02-09 23:15:00,40.751970094396206,-73.95913984534796,Residential,30,29.5,0.017,Low,15.2,46,19.2,0.0,10.3,Cloudy,0,0
2026-02-09 23:30:00,40.7401193715921,-73.98276717346324,Arterial,60,32.6,0.457,Moderate,19.7,65,30.8,0.0,1.2,Fog,0,0
2026-02-09 23:45:00,40.73413974282072,-73.97753077307532,Residential,30,29.9,0.003,Low,15.3,54,22.6,0.0,11.9,Cloudy,0,0
2026-02-10 00:00:00,40.7570248318243,-73.9696605671319,Residential,30,25.9,0.137,Low,14.4,73,4.9,0.0,14.2,Clear,0,0
2026-02-10 00:15:00,40.75826013237997,-73.95922622514573,City_Street,40,30.8,0.23,Low,17.0,33,6.9,0.0,12.6,Cloudy,0,0
2026-02-10 00:30:00,40.75932081086146,-73.96198647075617,Residential,30,26.7,0.11,Low,28.0,66,17.6,0.0,9.4,Clear,0,0
2026-02-10 00:45:00,40.74369964138953,-73.98232323638074,City_Street,40,24.3,0.392,Moderate,21.7,100,26.0,24.9,3.1,Heavy Rain,0,0
2026-02-10 01:00:00,40.73762760129901,-73.95581951110418,Arterial,60,49.5,0.175,Low,37.3,33,20.4,0.0,9.7,Clear,0,0
2026-02-10 01:15:00,40.747841317451616,-73.97757968982256,Highway,90,78.8,0.124,Low,22.9,46,21.1,0.0,14.1,Clear,0,0
2026-02-10 01:30:00,40.7450036186115,-73.96138312098338,City_Street,40,39.7,0.007,Low,13.3,49,28.6,0.0,11.1,Cloudy,0,0
2026-02-10 01:45:00,40.75152935704687,-73.9741081066973,City_Street,40,33.9,0.153,Low,22.2,52,18.7,0.0,12.9,Clear,0,0
2026-02-10 02:00:00,40.734280665130065,-73.97206465521941,Arterial,60,48.7,0.188,Low,11.8,62,3.4,0.0,14.8,Clear,0,0
2026-02-10 02:15:00,40.73979818335995,-73.96196843816665,Arterial,60,58.9,0.018,Low,24.6,57,13.9,0.0,12.8,Cloudy,0,0
2026-02-10 02:30:00,40.744805520920615,-73.9742892644372,Residential,30,29.7,0.01,Low,12.7,34,11.2,0.0,12.7,Clear,0,0
2026-02-10 02:45:00,40.777864283765126,-73.97295312933385,Arterial,60,48.6,0.19,Low,19.0,58,31.2,0.0,13.9,Cloudy,0,0
2026-02-10 03:00:00,40.75615017856951,-73.9710625626526,City_Street,40,36.6,0.085,Low,16.8,66,4.9,0.0,11.6,Cloudy,0,0
2026-02-10 03:15:00,40.734845122547945,-73.97416689777995,Arterial,60,48.1,0.198,Low,16.0,47,26.1,0.0,14.7,Clear,0,0
2026-02-10 03:30:00,40.75450442878821,-73.96751384243169,Arterial,60,42.4,0.293,Moderate,14.7,57,17.8,1.0,4.1,Rain,0,0
2026-02-10 03:45:00,40.73933931757619,-73.97510411367587,City_Street,40,31.2,0.22,Low,11.2,36,27.0,0.0,14.1,Clear,0,0
2026-02-10 04:00:00,40.77566438975962,-73.98964598560461,Arterial,60,54.8,0.087,Low,17.8,64,33.1,0.0,12.2,Cloudy,0,0
2026-02-10 04:15:00,40.752246240423304,-73.96929580483145,Residential,30,23.0,0.233,Low,15.5,42,18.9,0.0,14.7,Clear,0,0
2026-02-10 04:30:00,40.74834416762282,-73.97507126733183,Highway,90,62.7,0.303,Moderate,21.6,43,22.9,0.0,0.7,Fog,0,0
2026-02-10 04:45:00,40.745756709711394,-73.9704902034559,Highway,90,75.1,0.166,Low,11.0,46,2.1,7.5,5.7,Rain,0,0
2026-02-10 05:00:00,40.749886259848644,-73.97089456415533,Arterial,60,50.9,0.152,Low,22.3,65,26.4,0.0,9.7,Cloudy,0,0
2026-02-10 05:15:00,40.7521883864558,-73.97049056229295,Highway,90,68.9,0.234,Low,18.7,34,30.7,0.0,12.4,Cloudy,0,0
2026-02-10 05:30:00,40.752881164956214,-73.97274178749434,Highway,90,70.9,0.212,Low,29.0,61,24.4,0.0,8.9,Cloudy,0,0
2026-02-10 05:45:00,40.75637608179035,-74.00308635674905,City_Street,40,39.2,0.02,Low,18.4,71,13.0,0.0,12.3,Cloudy,0,0
2026-02-10 06:00:00,40.755416222306714,-73.97489275137569,Arterial,60,60.0,0.0,Low,25.4,60,8.3,0.0,11.6,Cloudy,0,0
2026-02-10 06:15:00,40.75488697135017,-73.9751259767161,Residential,30,30.0,0.0,Low,22.4,82,29.8,0.0,10.6,Clear,0,0
2026-02-10 06:30:00,,,City_Street,40,29.7,0.258,Moderate,11.4,64,5.4,3.2,5.2,Rain,0,0
2026-02-10 06:45:00,40.75904967063296,-73.97332180026308,Highway,90,51.8,0.424,Moderate,14.9,36,3.6,0.0,1.2,Fog,0,0
2026-02-10 07:00:00,40.77243848749692,-73.97085056011608,Residential,30,11.8,0.607,Heavy,24.9,59,16.7,0.0,10.3,Clear,0,1
2026-02-10 07:15:00,40.75412920976048,-73.99045591240558,Arterial,60,29.5,0.508,Moderate,6.9,58,31.0,0.0,8.2,Cloudy,0,1
2026-02-10 07:30:00,40.75590082379792,-73.9804021657765,Residential,30,12.7,0.577,Heavy,17.9,67,28.8,0.0,8.4,Clear,0,1
2026-02-10 07:45:00,40.75364189932655,-73.99530376774253,Highway,90,34.5,0.617,Heavy,6.3,62,32.3,0.0,10.1,Cloudy,0,1
2026-02-10 08:00:00,40.74465338046786,-73.9689188353603,Highway,90,41.4,0.54,Moderate,23.3,50,31.1,0.0,13.3,Clear,0,1
2026-02-10 08:15:00,40.75750498204646,-73.98522660754504,Highway,90,35.2,0.609,Heavy,19.0,83,16.0,0.0,12.2,Clear,0,1
2026-02-10 08:30:00,40.75881842006195,-73.97348393778833,Arterial,60,23.6,0.607,Heavy,18.4,58,8.8,0.0,9.4,Cloudy,0,1
2026-02-10 08:45:00,40.77064645561952,-73.97704907644602,Arterial,60,27.0,0.55,Heavy,27.5,78,8.8,0.0,12.1,Clear,0,1
2026-02-10 09:00:00,40.761398833504686,-73.97002200294493,Highway,90,31.9,0.646,Heavy,12.5,80,33.7,0.0,1.1,Fog,0,1
2026-02-10 09:15:00,40.759860103007234,-73.96956742175668,Residential,30,12.1,0.597,Heavy,19.0,57,32.8,0.0,9.3,Clear,0,1
2026-02-10 09:30:00,40.77596809218687,-73.9777242180725,Arterial,60,28.2,0.53,Moderate,14.4,74,22.0,0.0,14.8,Cloudy,0,1
2026-02-10 09:45:00,40.75154586808048,-73.97742968704296,Highway,90,45.1,0.499,Moderate,27.7,73,12.4,0.0,12.6,Clear,0,1
2026-02-10 10:00:00,40.75850445112202,-73.98308939478422,Arterial,60,56.1,0.065,Low,10.0,75,33.4,0.0,9.5,Clear,0,0
2026-02-10 10:15:00,40.75646634975746,-73.98692418439876,Highway,90,66.5,0.261,Moderate,8.9,58,20.2,7.3,4.3,Rain,0,0
2026-02-10 10:30:00,40.75182423813076,-73.98903340671711,City_Street,40,38.7,0.032,Low,22.1,67,24.0,0.0,9.0,Clear,0,0
2026-02-10 10:45:00,40.75416461120495,-73.99685034391327,Highway,90,73.5,0.183,Low,27.8,51,33.9,0.0,12.9,Clear,0,0
2026-02-10 11:00:00,40.76516949520723,-73.97913067327828,Residential,30,24.0,0.2,Low,22.4,65,12.5,0.0,14.8,Clear,0,0
2026-02-10 11:15:00,40.759812694727266,-73.98318341526956,City_Street,40,20.9,0.478,Moderate,22.4,84,10.0,16.0,1.7,Heavy Rain,0,0
2026-02-10 11:30:00,40.766457226445134,-73.98389583769823,Arterial,60,55.3,0.078,Low,23.6,32,3.0,0.0,11.6,Cloudy,0,0
2026-02-10 11:45:00,40.76758983484329,-74.00397330102489,Highway,90,74.6,0.171,Low,26.5,47,3.8,0.0,12.8,Clear,0,0
2026-02-10 12:00:00,40.77675316529631,-74.00181729742827,Highway,90,69.6,0.227,Low,16.4,56,14.1,0.0,13.2,Clear,0,0
2026-02-10 12:15:00,40.76205446789874,-73.98371697642762,City_Street,40,38.3,0.043,Low,16.7,69,27.9,0.0,13.1,Clear,0,0
2026-02-10 12:30:00,40.76133144485845,-73.97916919388794,City_Street,40,36.2,0.095,Low,17.4,63,22.7,0.0,14.7,Cloudy,0,0
2026-02-10 12:45:00,40.76574843658719,-73.97625588082026,Arterial,60,47.5,0.208,Low,19.3,46,4.7,1.9,8.0,Rain,0,0
2026-02-10 13:00:00,40.76726973871619,-73.97724645008778,City_Street,40,16.0,0.6,Heavy,18.0,68,32.8,8.7,2.9,Snow,0,0
2026-02-10 13:15:00,40.75146064276527,-73.98389787868102,Arterial,60,51.5,0.142,Low,19.9,62,14.7,0.0,15.0,Clear,0,0
2026-02-10 13:30:00,40.759091837773234,-73.9928535578075,Highway,90,87.9,0.023,Low,15.1,87,32.6,0.0,14.5,Clear,0,0
2026-02-10 13:45:00,40.75542068703775,-73.9755824798073,Residential,30,23.5,0.217,Low,27.5,70,34.6,0.0,10.6,Cloudy,0,0
2026-02-10 14:00:00,40.75945920262979,-73.99201303855632,City_Street,40,40.0,0.0,Low,17.7,72,34.2,0.0,13.1,Clear,0,0
2026-02-10 14:15:00,40.74646839977172,-73.98714714261848,Residential,30,19.0,0.367,Moderate,8.7,70,9.7,1.8,7.4,Rain,0,0
2026-02-10 14:30:00,40.76715752716164,-74.00347251737759,Arterial,60,55.0,0.083,Low,14.7,75,20.8,0.0,11.3,Clear,0,0
2026-02-10 14:45:00,40.75011291193126,-73.99541023892716,Residential,30,27.4,0.087,Low,21.3,37,12.4,0.0,12.8,Clear,0,0
2026-02-10 15:00:00,40.75143018420158,-73.9887120390896,Arterial,60,46.5,0.225,Low,21.0,64,15.8,0.0,14.6,Clear,0,0
2026-02-10 15:15:00,40.75342930147746,-73.99890195180663,Highway,90,77.7,0.137,Low,17.9,49,34.9,0.0,11.7,Cloudy,0,0
2026-02-10 15:30:00,40.77421548829491,-73.99484512038842,Highway,90,76.7,0.148,Low,27.8,57,21.5,0.0,12.7,Clear,0,0
2026-02-10 15:45:00,40.75444829436305,-73.99638310831621,Highway,90,70.2,0.22,Low,13.6,48,25.6,5.0,4.7,Rain,0,0
2026-02-10 16:00:00,40.753441444724984,-74.01111773264913,Residential,30,25.9,0.137,Low,24.8,50,12.2,0.0,12.5,Cloudy,0,0
2026-02-10 16:15:00,40.76446433705044,-73.99591337037661,City_Street,40,40.0,0.0,Low,21.1,64,5.0,0.0,13.5,Clear,0,0
2026-02-10 16:30:00,40.74743309529005,-73.99572366121464,Highway,90,78.7,0.126,Low,19.1,69,6.7,0.0,9.1,Clear,0,0
2026-02-10 16:45:00,,,Arterial,60,56.5,0.058,Low,21.3,81,22.5,0.0,13.7,Cloudy,0,0
2026-02-10 17:00:00,40.76191044150082,-74.00223064149868,Highway,90,39.0,0.567,Heavy,24.9,27,11.1,0.0,9.3,Clear,0,1
2026-02-10 17:15:00,40.77200450692418,-73.98079743049406,City_Street,40,16.3,0.593,Heavy,13.2,36,16.2,0.0,13.3,Clear,0,1
2026-02-10 17:30:00,40.77216266435248,-73.99499754481423,Residential,30,11.0,0.633,Heavy,15.4,62,22.9,1.6,8.0,Rain,0,1
2026-02-10 17:45:00,40.74779053323194,-73.9823314819125,City_Street,40,19.1,0.522,Moderate,15.8,53,8.6,0.0,9.8,Cloudy,0,1
2026-02-10 18:00:00,40.751693493023176,-73.99183404092359,Highway,90,46.4,0.484,Moderate,19.1,43,26.5,0.0,14.3,Clear,0,1
2026-02-10 18:15:00,40.77689422792234,-73.99335267423115,Highway,90,39.6,0.56,Heavy,19.5,74,8.6,0.0,8.5,Cloudy,0,1
2026-02-10 18:30:00,40.766594165849185,-74.02069525687789,City_Street,40,11.6,0.71,Heavy,11.8,100,3.9,16.7,2.3,Heavy Rain,0,1
2026-02-10 18:45:00,40.76431142124573,-74.00451719775602,City_Street,40,11.2,0.72,Heavy,14.3,81,24.8,0.0,0.7,Fog,0,1
2026-02-10 19:00:00,40.77313614883508,-74.02231970448399,City_Street,40,19.6,0.51,Moderate,7.5,29,14.1,0.0,12.4,Cloudy,0,1
2026-02-10 19:15:00,40.7624128569777,-74.01645918064492,Arterial,60,24.2,0.597,Heavy,19.6,70,31.3,6.9,6.2,Rain,0,1
2026-02-10 19:30:00,40.76207265651247,-73.99219263970254,Arterial,60,30.0,0.5,Moderate,17.8,60,20.8,0.0,14.7,Cloudy,0,1
2026-02-10 19:45:00,40.763719333779235,-74.0020686477777,Arterial,60,30.4,0.493,Moderate,23.8,65,26.3,0.0,8.9,Clear,0,1
2026-02-10 20:00:00,40.75696507432554,-73.9987348967285,Highway,90,83.4,0.073,Low,14.1,74,32.8,0.0,14.8,Clear,0,0
2026-02-10 20:15:00,40.77961165841601,-74.00495671572243,Residential,30,25.5,0.15,Low,19.7,58,8.1,0.0,10.1,Cloudy,0,0
2026-02-10 20:30:00,40.75874452469677,-74.00957936633905,Highway,90,83.3,0.074,Low,16.3,55,29.3,0.0,11.0,Clear,0,0
2026-02-10 20:45:00,40.76447777778311,-74.00996184421223,Highway,90,70.9,0.212,Low,23.0,71,27.0,7.6,5.7,Rain,0,0
2026-02-10 21:00:00,40.758062982568426,-74.00523252694738,Arterial,60,52.7,0.122,Low,21.6,72,27.3,0.0,12.8,Cloudy,0,0
2026-02-10 21:15:00,40.75169436152238,-74.01155672218933,Arterial,60,57.4,0.043,Low,18.9,47,25.0,0.0,14.8,Clear,0,0
2026-02-10 21:30:00,40.75679619672734,-74.00989796975975,City_Street,40,38.8,0.03,Low,16.0,35,33.5,0.0,13.3,Clear,0,0
2026-02-10 21:45:00,40.75665964735014,-74.00577198713931,Arterial,60,25.5,0.575,Heavy,5.7,93,3.6,7.4,1.7,Snow,0,0
2026-02-10 22:00:00,40.755206608784796,-74.02052187270893,City_Street,40,20.7,0.483,Moderate,27.2,100,7.4,22.7,1.4,Heavy Rain,0,0
2026-02-10 22:15:00,40.75564982009672,-74.02738537729985,Arterial,60,60.0,0.0,Low,16.9,47,34.6,0.0,8.8,Clear,0,0
2026-02-10 22:30:00,40.753164670553595,-74.00900190303821,Residential,30,14.5,0.517,Moderate,11.1,72,29.4,13.3,2.4,Heavy Rain,0,0
2026-02-10 22:45:00,40.76510994381179,-74.00470177359881,Arterial,60,60.0,0.0,Low,18.5,35,32.8,0.0,10.1,Cloudy,0,0
2026-02-10 23:00:00,,,Highway,90,86.2,0.042,Low,8.2,40,13.8,0.0,12.5,Clear,0,0
2026-02-10 23:15:00,40.763966404211196,-74.00412038151424,Highway,90,90.0,0.0,Low,15.7,68,25.9,0.0,13.3,Cloudy,0,0
2026-02-10 23:30:00,40.76707379641031,-74.01522244258507,Arterial,60,46.7,0.222,Low,23.8,56,28.0,0.0,9.1,Cloudy,0,0
2026-02-10 23:45:00,40.7465135485669,-73.9991303629714,Highway,90,90.0,0.0,Low,22.0,68,23.9,0.0,11.7,Clear,0,0
2026-02-11 00:00:00,40.7551897538461,-74.00415659557558,Residential,30,25.7,0.143,Low,25.7,56,6.3,0.0,11.1,Cloudy,0,0
2026-02-11 00:15:00,40.77067727839115,-74.02720613357182,Residential,30,20.4,0.32,Moderate,10.0,51,29.7,4.8,7.6,Rain,0,0
2026-02-11 00:30:00,40.75009740146286,-74.01597670046445,Arterial,60,50.8,0.153,Low,32.9,78,27.8,0.0,14.1,Clear,0,0
2026-02-11 00:45:00,40.75930211162759,-74.00543722837773,Residential,30,26.8,0.107,Low,27.5,71,13.6,0.0,10.4,Clear,0,0
2026-02-11 01:00:00,40.7543666461043,-74.01498132897754,Highway,90,71.7,0.203,Low,25.1,48,20.0,0.0,10.0,Clear,0,0
2026-02-11 01:15:00,40.76329252569879,-74.01617502125397,Highway,90,75.9,0.157,Low,22.9,54,4.1,0.0,14.0,Clear,0,0
2026-02-11 01:30:00,40.755813176293756,-74.01113972672474,Highway,90,73.5,0.183,Low,19.7,36,18.1,0.0,9.7,Cloudy,0,0
2026-02-11 01:45:00,40.76771719183629,-74.03730198063532,City_Street,40,32.3,0.193,Low,29.5,54,28.1,0.0,14.8,Clear,0,0
2026-02-11 02:00:00,40.755421643640354,-74.01050980320818,Highway,90,35.6,0.604,Heavy,2.3,73,14.7,10.0,1.2,Snow,0,0
2026-02-11 02:15:00,40.76199095989922,-74.02105865415339,Arterial,60,59.9,0.002,Low,30.4,68,31.0,0.0,12.1,Clear,0,0
2026-02-11 02:30:00,40.76152274072229,-74.0065440015713,Arterial,60,48.7,0.188,Low,14.8,91,30.4,6.6,5.2,Rain,0,0
2026-02-11 02:45:00,40.76101872274975,-74.00697760100036,Highway,90,77.3,0.141,Low,19.3,58,32.1,0.0,8.1,Cloudy,0,0
2026-02-11 03:00:00,40.75934681707241,-74.01017456413149,Highway,90,69.1,0.232,Low,22.7,72,22.9,0.0,8.9,Clear,0,0
2026-02-11 03:15:00,40.74493270935371,-74.02608298749115,City_Street,40,40.0,0.0,Low,20.1,47,13.1,0.0,11.8,Clear,0,0
2026-02-11 03:30:00,40.763059391501706,-74.01190535225045,Highway,90,70.1,0.221,Low,19.9,63,25.8,0.0,14.9,Clear,0,0
2026-02-11 03:45:00,40.76972232057396,-74.00955317183119,Residential,30,24.2,0.193,Low,20.4,79,15.6,0.0,12.3,Cloudy,0,0
2026-02-11 04:00:00,40.756168044003225,-74.01594824152563,Arterial,60,59.7,0.005,Low,21.6,38,11.2,0.0,9.1,Clear,0,0
2026-02-11 04:15:00,40.766187895495705,-74.01983641617886,Highway,90,79.3,0.119,Low,26.6,20,16.3,0.0,9.8,Cloudy,0,0
2026-02-11 04:30:00,40.75490863103786,-74.02175559421907,Arterial,60,27.0,0.55,Heavy,11.2,94,21.0,2.8,1.0,Snow,0,0
2026-02-11 04:45:00,40.754401286520384,-74.00620610145295,Arterial,60,60.0,0.0,Low,19.8,41,23.2,0.0,13.4,Cloudy,0,0
2026-02-11 05:00:00,40.772927739192156,-74.0353003622993,City_Street,40,40.0,0.0,Low,16.1,60,32.6,0.0,10.0,Clear,0,0
2026-02-11 05:15:00,40.76409933854689,-74.02642268102458,Arterial,60,60.0,0.0,Low,24.4,50,4.0,0.0,11.6,Cloudy,0,0
2026-02-11 05:30:00,40.75695088377094,-74.01646046970649,Residential,30,28.3,0.057,Low,22.4,44,7.2,0.0,9.7,Cloudy,0,0
2026-02-11 05:45:00,40.741404832802466,-74.01791095854412,Arterial,60,58.0,0.033,Low,16.5,32,22.7,0.0,13.2,Cloudy,0,0
2026-02-11 06:00:00,40.753781693106234,-74.01682649207079,Arterial,60,60.0,0.0,Low,26.2,34,17.0,0.0,10.8,Clear,0,0
2026-02-11 06:15:00,40.75273049990141,-74.00643892407471,Highway,90,76.8,0.147,Low,21.1,66,4.3,0.0,10.4,Clear,0,0
2026-02-11 06:30:00,40.7744297321802,-74.01848033014447,Highway,90,76.9,0.146,Low,18.8,37,24.1,0.0,8.1,Cloudy,0,0
2026-02-11 06:45:00,40.74418630131689,-74.01532849400495,Arterial,60,48.7,0.188,Low,15.9,55,19.4,0.0,9.0,Cloudy,0,0
2026-02-11 07:00:00,40.75499024654701,-74.01335177304551,Residential,30,11.7,0.61,Heavy,17.0,47,9.9,0.0,12.4,Clear,0,1
2026-02-11 07:15:00,40.768482756579836,-74.03624177658615,Arterial,60,26.7,0.555,Heavy,24.7,52,15.7,0.0,10.8,Clear,0,1
2026-02-11 07:30:00,40.75689469721344,-74.01428346912739,Arterial,60,26.5,0.558,Heavy,25.4,73,29.0,0.0,13.6,Clear,0,1
2026-02-11 07:45:00,40.75239176731763,-74.01314078346951,City_Street,40,8.4,0.79,Heavy,18.3,58,14.3,5.2,2.3,Snow,0,1
2026-02-11 08:00:00,40.75276108901542,-74.02917292317606,Arterial,60,18.5,0.692,Heavy,8.6,100,8.4,17.7,3.7,Heavy Rain,0,1
2026-02-11 08:15:00,40.75682984353908,-74.03222942597652,Highway,90,36.0,0.6,Heavy,21.3,40,6.4,0.0,12.6,Cloudy,0,1
2026-02-11 08:30:00,40.75445294047212,-74.0151342134536,City_Street,40,16.5,0.588,Heavy,19.7,54,20.9,0.0,14.4,Clear,0,1
2026-02-11 08:45:00,40.75515067232736,-74.02680120745103,Residential,30,13.3,0.557,Heavy,12.3,51,23.2,0.0,14.1,Clear,0,1
2026-02-11 09:00:00,40.746754061345946,-74.04645081784768,Arterial,60,30.9,0.485,Moderate,20.4,54,10.4,0.0,9.2,Clear,0,1
2026-02-11 09:15:00,40.75669538640141,-74.02561441361078,City_Street,40,15.5,0.613,Heavy,19.5,100,27.3,5.0,6.3,Rain,0,1
2026-02-11 09:30:00,40.761775808300165,-74.05143703311458,Highway,90,41.0,0.544,Moderate,24.5,69,6.1,0.0,11.7,Cloudy,0,1
2026-02-11 09:45:00,40.752880105186655,-74.0185679604851,Arterial,60,24.3,0.595,Heavy,21.0,80,4.8,0.0,10.3,Clear,0,1
2026-02-11 10:00:00,40.74682208823997,-74.0305356692509,City_Street,40,40.0,0.0,Low,22.6,75,31.5,0.0,8.7,Cloudy,0,0
2026-02-11 10:15:00,40.74336845280079,-74.03818344189429,Highway,90,83.8,0.069,Low,18.4,60,28.0,0.0,12.6,Cloudy,0,0
2026-02-11 10:30:00,40.760940800748344,-74.03007389977628,Arterial,60,51.4,0.143,Low,22.3,56,30.7,0.0,14.9,Cloudy,0,0
2026-02-11 10:45:00,40.75913137087028,-74.03512867912511,Arterial,60,55.4,0.077,Low,24.2,72,11.1,0.0,11.7,Clear,0,0
2026-02-11 11:00:00,40.75879362055372,-74.03916740661431,Residential,30,12.6,0.58,Heavy,7.3,81,11.1,8.2,3.0,Snow,0,0
2026-02-11 11:15:00,40.75813747937612,-74.03887391477659,Arterial,60,55.7,0.072,Low,23.4,58,8.4,0.0,8.5,Clear,0,0
2026-02-11 11:30:00,40.748638048062176,-74.02794439160614,Highway,90,72.8,0.191,Low,17.7,28,26.5,0.0,10.0,Clear,0,0
2026-02-11 11:45:00,40.7722099944913,-74.02409629192991,City_Street,40,32.2,0.195,Low,20.2,69,27.2,0.0,14.7,Clear,0,0
2026-02-11 12:00:00,40.752777952592126,-74.02407710814653,Highway,90,90.0,0.0,Low,29.0,20,26.8,0.0,12.8,Clear,0,0
2026-02-11 12:15:00,40.758797735925974,-74.04100922010788,Residential,30,17.4,0.42,Moderate,16.5,55,12.9,0.0,1.3,Fog,0,0
2026-02-11 12:30:00,40.74813760093755,-74.04176816033109,Highway,90,90.0,0.0,Low,13.2,64,12.7,0.0,10.2,Clear,0,0
2026-02-11 12:45:00,40.76194671660108,-74.03817245300473,Arterial,60,57.5,0.042,Low,20.4,88,7.7,0.0,9.3,Clear,0,0
2026-02-11 13:00:00,40.75017426425159,-74.04040086227687,Arterial,60,51.1,0.148,Low,19.5,46,15.0,0.0,8.6,Clear,0,0
2026-02-11 13:15:00,40.751077672449384,-74.04354483714089,Highway,90,87.0,0.033,Low,17.2,66,20.8,0.0,14.2,Cloudy,0,0
2026-02-11 13:30:00,40.76680046150965,-74.03506394918547,Highway,90,80.9,0.101,Low,22.4,54,16.9,0.0,11.4,Clear,0,0
2026-02-11 13:45:00,40.75569842158776,-74.02033456296596,Highway,90,72.4,0.196,Low,18.7,75,34.9,0.0,8.7,Clear,0,0
2026-02-11 14:00:00,40.759631604243324,-74.06466433177395,City_Street,40,28.1,0.297,Moderate,16.6,56,18.9,0.0,0.4,Fog,0,0
2026-02-11 14:15:00,40.75518078646328,-74.04216753538206,Residential,30,29.8,0.007,Low,15.3,43,9.4,0.0,10.4,Cloudy,0,0
2026-02-11 14:30:00,40.74618919272772,-74.01320668298001,Highway,90,82.2,0.087,Low,23.6,72,18.7,0.0,14.7,Clear,0,0
2026-02-11 14:45:00,40.74008840886824,-74.0414743708219,City_Street,40,33.7,0.157,Low,7.6,53,34.1,2.3,5.4,Rain,0,0
2026-02-11 15:00:00,40.74337700010782,-74.04183865754662,Highway,90,77.5,0.139,Low,15.3,41,7.4,0.0,10.0,Clear,0,0
2026-02-11 15:15:00,40.73809301376097,-74.02390867088398,City_Street,40,40.0,0.0,Low,18.1,23,23.1,0.0,12.4,Cloudy,0,0
2026-02-11 15:30:00,40.7522740366255,-74.03023132967995,Arterial,60,23.1,0.615,Heavy,9.9,100,4.6,11.7,2.9,Snow,0,0
2026-02-11 15:45:00,40.759645821829075,-74.03486154363827,Arterial,60,58.7,0.022,Low,24.6,74,7.0,0.0,8.7,Clear,0,0
2026-02-11 16:00:00,40.74676055179229,-74.04812430658811,City_Street,40,40.0,0.0,Low,13.2,50,31.9,0.0,13.2,Clear,0,0
2026-02-11 16:15:00,40.75034664501945,-74.04648681409378,Residential,30,23.9,0.203,Low,9.0,49,29.6,0.0,13.8,Cloudy,0,0
2026-02-11 16:30:00,40.744110099291625,-74.04085505085008,Arterial,60,49.3,0.178,Low,22.0,64,26.3,5.8,6.1,Rain,0,0
2026-02-11 16:45:00,40.74272573964268,-74.03229125193548,Highway,90,87.0,0.033,Low,29.4,85,4.7,0.0,12.9,Cloudy,0,0
2026-02-11 17:00:00,40.74959236815953,-74.03293572488664,Arterial,60,28.4,0.527,Moderate,17.9,77,34.8,0.0,9.7,Clear,0,1
2026-02-11 17:15:00,40.756203146689295,-74.04161072040878,Highway,90,33.5,0.628,Heavy,7.7,100,15.5,7.3,5.4,Rain,0,1
2026-02-11 17:30:00,40.747448565054256,-74.0348715421426,Residential,30,13.4,0.553,Heavy,24.8,39,20.8,0.0,13.3,Clear,0,1
2026-02-11 17:45:00,40.73979181295772,-74.04289212388287,Arterial,60,25.1,0.582,Heavy,18.6,56,23.8,0.0,8.0,Clear,0,1
2026-02-11 18:00:00,40.76329136688446,-74.05041838079693,City_Street,40,12.6,0.685,Heavy,4.6,77,16.6,4.0,5.3,Rain,0,1
2026-02-11 18:15:00,40.75369300614566,-74.05465877600844,Residential,30,13.1,0.563,Heavy,16.5,59,29.9,0.0,14.5,Clear,0,1
2026-02-11 18:30:00,40.73818788664223,-74.04751258939042,Highway,90,45.5,0.494,Moderate,12.2,69,13.3,0.0,14.3,Clear,0,1
2026-02-11 18:45:00,40.750896261773796,-74.05682270871567,City_Street,40,12.3,0.693,Heavy,23.5,37,9.5,0.0,1.1,Fog,0,1
2026-02-11 19:00:00,40.74739446272066,-74.04895482717734,Arterial,60,26.3,0.562,Heavy,39.5,39,6.5,0.0,8.6,Clear,0,1
2026-02-11 19:15:00,40.75364934014943,-74.04632540846428,Highway,90,35.1,0.61,Heavy,17.6,93,34.0,0.0,9.9,Clear,0,1
2026-02-11 19:30:00,40.7429261327113,-74.04017891799916,Residential,30,13.6,0.547,Moderate,17.2,57,21.7,0.0,13.1,Clear,0,1
2026-02-11 19:45:00,40.75083345649836,-74.04474957067787,Highway,90,36.0,0.6,Heavy,22.7,62,7.1,0.0,8.3,Clear,0,1
2026-02-11 20:00:00,40.73606493850208,-74.0462684062956,Residential,30,26.6,0.113,Low,20.4,78,20.0,0.0,13.8,Cloudy,0,0
2026-02-11 20:15:00,40.74439686862079,-74.03439411141014,Highway,90,61.0,0.322,Moderate,12.6,61,14.4,5.6,7.9,Rain,0,0
2026-02-11 20:30:00,40.7428285580141,-74.04886189516434,Arterial,60,52.2,0.13,Low,24.0,50,7.9,0.0,10.1,Clear,0,0
2026-02-11 20:45:00,40.74906260991692,-74.04082661558628,City_Street,40,40.0,0.0,Low,19.0,73,7.5,0.0,11.3,Clear,0,0
2026-02-11 21:00:00,40.7470392863629,-74.0401465826584,City_Street,40,39.4,0.015,Low,9.8,51,23.3,0.0,11.5,Clear,0,0
2026-02-11 21:15:00,40.72892915458775,-74.04468227425417,Residential,30,20.4,0.32,Moderate,19.5,65,20.4,1.8,7.1,Rain,0,0
2026-02-11 21:30:00,40.742124925393135,-74.0458528461006,City_Street,40,33.5,0.162,Low,16.0,59,10.3,5.6,5.8,Rain,0,0
2026-02-11 21:45:00,40.74383280381356,-74.05117475652877,City_Street,40,31.5,0.213,Low,17.6,37,26.9,0.0,8.5,Clear,0,0
2026-02-11 22:00:00,40.73882721374837,-74.05181627672046,Residential,30,24.5,0.183,Low,20.9,28,4.9,0.0,10.3,Clear,0,0
2026-02-11 22:15:00,,,Highway,90,54.6,0.393,Moderate,12.4,60,22.3,0.0,0.7,Fog,0,0
2026-02-11 22:30:00,40.74009641132672,-74.0504065557619,Highway,90,63.5,0.294,Moderate,17.6,47,28.6,0.0,1.2,Fog,0,0
2026-02-11 22:45:00,,,City_Street,40,24.2,0.395,Moderate,9.0,100,9.5,22.7,1.8,Heavy Rain,0,0
2026-02-11 23:00:00,40.74278020507656,-74.0540374754013,Arterial,60,47.5,0.208,Low,24.2,48,5.8,0.0,8.0,Clear,0,0
2026-02-11 23:15:00,40.73407973221567,-74.0524225932292,Highway,90,69.5,0.228,Low,15.8,58,13.4,0.0,11.9,Clear,0,0
2026-02-11 23:30:00,40.75727232440523,-74.05806703556217,Residential,30,24.3,0.19,Low,25.3,65,6.7,0.0,13.8,Cloudy,0,0
2026-02-11 23:45:00,40.73621156953988,-74.02836550419215,Highway,90,34.9,0.612,Heavy,24.7,76,13.1,5.5,1.2,Snow,0,0
2026-02-12 00:00:00,40.7329011206225,-74.0494096364088,Residential,30,24.2,0.193,Low,20.9,61,6.2,5.6,5.2,Rain,0,0
2026-02-12 00:15:00,40.72639245435812,-74.05044647472594,Arterial,60,56.9,0.052,Low,17.6,45,6.3,0.0,11.9,Clear,0,0
2026-02-12 00:30:00,40.73029810969711,-74.05390263791344,Arterial,60,50.5,0.158,Low,19.7,77,23.2,0.0,14.4,Clear,0,0
2026-02-12 00:45:00,40.73567046032823,-74.03927691725383,City_Street,40,17.1,0.573,Heavy,11.8,80,34.6,4.3,1.1,Snow,0,0
2026-02-12 01:00:00,40.73636426920055,-74.03489500669541,Highway,90,76.3,0.152,Low,12.7,95,16.7,6.8,4.4,Rain,0,0
2026-02-12 01:15:00,40.73305507475399,-74.05761245805805,Residential,30,12.4,0.587,Heavy,25.1,81,3.7,4.2,2.4,Snow,0,0
2026-02-12 01:30:00,40.73906597630189,-74.05994683645712,Arterial,60,47.1,0.215,Low,19.2,62,32.5,0.0,10.9,Clear,0,0
2026-02-12 01:45:00,40.736343051963004,-74.05401875457446,Arterial,60,50.1,0.165,Low,16.0,59,23.1,0.0,12.4,Clear,0,0
2026-02-12 02:00:00,40.742093838030485,-74.0469092348936,Arterial,60,54.0,0.1,Low,27.4,48,26.9,0.0,12.4,Clear,0,0
2026-02-12 02:15:00,40.729163897217134,-74.05333240347404,Residential,30,30.0,0.0,Low,16.8,55,34.7,0.0,12.6,Clear,0,0
2026-02-12 02:30:00,40.74376020269143,-74.040477539327,City_Street,40,24.5,0.387,Moderate,22.2,55,20.7,0.0,0.5,Fog,0,0
2026-02-12 02:45:00,40.72506926895811,-74.05363005082728,Residential,30,25.6,0.147,Low,17.6,67,16.7,0.0,11.8,Cloudy,0,0
2026-02-12 03:00:00,40.72644753903664,-74.04806757748898,Residential,30,23.1,0.23,Low,29.3,80,11.6,5.0,5.9,Rain,0,0
2026-02-12 03:15:00,40.74144244352066,-74.06038293635218,Residential,30,21.1,0.297,Moderate,16.7,67,15.8,5.0,5.4,Rain,0,0
2026-02-12 03:30:00,40.739462312064305,-74.05513266399335,Arterial,60,54.5,0.092,Low,18.3,61,28.3,0.0,11.8,Clear,0,0
2026-02-12 03:45:00,40.73809518507958,-74.0557356717474,Arterial,60,26.0,0.567,Heavy,27.6,97,20.3,11.5,1.5,Snow,0,0
2026-02-12 04:00:00,40.729278722598536,-74.05210120536387,Residential,30,12.0,0.6,Heavy,25.7,66,19.1,9.0,2.2,Snow,0,0
2026-02-12 04:15:00,40.73675723469733,-74.05357524334974,Highway,90,82.4,0.084,Low,22.9,57,21.6,0.0,13.1,Clear,0,0
2026-02-12 04:30:00,40.73860191452918,-74.04631527233886,City_Street,40,38.5,0.037,Low,25.5,22,23.1,0.0,10.8,Clear,0,0
2026-02-12 04:45:00,40.71403182966976,-74.06587060727048,Highway,90,73.5,0.183,Low,11.9,44,30.3,0.0,11.3,Clear,0,0
2026-02-12 05:00:00,40.74487310839145,-74.05211438070768,City_Street,40,25.5,0.363,Moderate,12.8,84,2.7,6.5,5.4,Rain,0,0
2026-02-12 05:15:00,40.734900600242504,-74.05014965321942,City_Street,40,38.5,0.037,Low,26.6,39,33.5,0.0,9.3,Clear,0,0
2026-02-12 05:30:00,40.73425414129014,-74.0509088462824,Arterial,60,50.2,0.163,Low,13.6,46,3.7,6.2,7.9,Rain,0,0
2026-02-12 05:45:00,40.730053283885375,-74.06160063480952,City_Street,40,34.5,0.137,Low,14.5,64,25.5,0.0,10.2,Cloudy,0,0
2026-02-12 06:00:00,40.71298580809426,-74.06862711069411,Highway,90,88.6,0.016,Low,22.6,55,12.9,0.0,12.4,Cloudy,0,0
2026-02-12 06:15:00,40.71680545670477,-74.05330940511696,Residential,30,26.7,0.11,Low,17.8,61,21.4,0.0,9.0,Cloudy,0,0
2026-02-12 06:30:00,40.737190097613016,-74.05947111892347,Residential,30,26.1,0.13,Low,23.1,56,24.8,0.0,8.3,Clear,0,0
2026-02-12 06:45:00,40.72190116912346,-74.04071535981349,City_Street,40,33.1,0.172,Low,14.8,79,4.2,4.1,6.1,Rain,0,0
2026-02-12 07:00:00,40.730002031261556,-74.03636842931556,Highway,90,37.6,0.582,Heavy,24.9,85,10.8,0.0,12.8,Clear,0,1
2026-02-12 07:15:00,40.71699330108874,-74.04253414463106,Arterial,60,28.8,0.52,Moderate,18.4,35,18.5,0.0,9.5,Cloudy,0,1
2026-02-12 07:30:00,40.725897349480924,-74.0487168930511,Residential,30,14.0,0.533,Moderate,24.3,83,17.9,0.0,12.3,Clear,0,1
2026-02-12 07:45:00,40.70655231695276,-74.05379486785095,City_Street,40,17.3,0.568,Heavy,18.1,32,21.2,0.0,11.3,Clear,0,1
2026-02-12 08:00:00,40.71816805727288,-74.06149555907207,City_Street,40,12.3,0.693,Heavy,16.3,100,21.2,15.5,2.5,Heavy Rain,0,1
2026-02-12 08:15:00,40.71704196792388,-74.03909237059123,Residential,30,12.4,0.587,Heavy,16.4,45,8.5,0.0,9.3,Clear,0,1
2026-02-12 08:30:00,40.716275031315185,-74.05374642699327,Arterial,60,25.6,0.573,Heavy,17.8,62,7.7,0.0,9.1,Cloudy,0,1
2026-02-12 08:45:00,40.7229756691985,-74.04508623877769,Highway,90,44.6,0.504,Moderate,18.7,51,14.8,0.0,9.8,Clear,0,1
2026-02-12 09:00:00,40.72343427430914,-74.05794784834721,Arterial,60,29.7,0.505,Moderate,21.5,79,5.9,0.0,9.3,Clear,0,1
2026-02-12 09:15:00,40.715017505493115,-74.05846324422055,City_Street,40,15.0,0.625,Heavy,23.0,54,15.1,3.7,4.7,Rain,0,1
2026-02-12 09:30:00,40.72332677569741,-74.05389690579045,Arterial,60,24.6,0.59,Heavy,26.3,65,15.2,0.0,11.7,Clear,0,1
2026-02-12 09:45:00,40.72591980464363,-74.05945532582673,Residential,30,13.3,0.557,Heavy,25.9,47,30.4,0.0,8.2,Clear,0,1
2026-02-12 10:00:00,40.7191161409072,-74.0599864143325,City_Street,40,22.4,0.44,Moderate,6.4,92,31.0,18.9,1.7,Heavy Rain,0,0
2026-02-12 10:15:00,40.71212722769265,-74.0504801421181,Residential,30,24.9,0.17,Low,14.3,58,10.0,5.5,7.2,Rain,0,0
2026-02-12 10:30:00,40.72165394630229,-74.04787208225792,Residential,30,18.3,0.39,Moderate,9.4,100,12.7,22.9,3.0,Heavy Rain,0,0
2026-02-12 10:45:00,40.70603896283613,-74.0492195001582,City_Street,40,33.8,0.155,Low,15.2,47,23.2,0.0,10.8,Cloudy,0,0
2026-02-12 11:00:00,40.71528995381882,-74.0575342139396,Arterial,60,50.1,0.165,Low,20.3,60,2.3,2.9,7.4,Rain,0,0
2026-02-12 11:15:00,40.70307461655531,-74.05960465751299,Highway,90,83.9,0.068,Low,23.2,57,29.6,0.0,12.5,Cloudy,0,0
2026-02-12 11:30:00,40.71941902440146,-74.06045152481285,Highway,90,89.2,0.009,Low,24.8,28,34.1,0.0,9.2,Cloudy,0,0
2026-02-12 11:45:00,40.697954951734964,-74.05609607218803,Arterial,60,39.5,0.342,Moderate,15.2,63,20.3,4.3,7.6,Rain,0,0
2026-02-12 12:00:00,40.720662267231475,-74.04707625871731,Arterial,60,49.3,0.178,Low,15.8,43,22.1,0.0,12.2,Clear,0,0
2026-02-12 12:15:00,40.71475452613145,-74.05528264945627,Arterial,60,59.7,0.005,Low,33.0,71,12.6,0.0,10.7,Clear,0,0
2026-02-12 12:30:00,40.71938535499708,-74.05472414320965,Arterial,60,46.3,0.228,Low,14.1,40,10.6,0.0,12.2,Clear,0,0
2026-02-12 12:45:00,40.71493575991956,-74.06304199237546,City_Street,40,29.4,0.265,Moderate,20.9,100,24.3,5.5,4.5,Rain,0,0
2026-02-12 13:00:00,40.701660116290306,-74.04516878922455,Residential,30,24.7,0.177,Low,12.0,93,15.3,7.8,4.8,Rain,0,0
2026-02-12 13:15:00,40.715653269210435,-74.06520848823588,Highway,90,69.9,0.223,Low,26.4,56,34.1,0.0,13.1,Clear,0,0
2026-02-12 13:30:00,40.72334331447306,-74.06816753262702,Highway,90,69.5,0.228,Low,16.2,59,17.1,0.0,11.2,Clear,0,0
2026-02-12 13:45:00,40.71447961660896,-74.05244796844971,City_Street,40,30.8,0.23,Low,11.2,83,2.5,6.9,5.8,Rain,0,0
2026-02-12 14:00:00,40.71943085299071,-74.05375280229602,Arterial,60,46.2,0.23,Low,15.4,40,33.6,0.0,13.9,Clear,0,0
2026-02-12 14:15:00,40.70916867616509,-74.07498879342133,Residential,30,29.2,0.027,Low,24.3,30,12.6,0.0,8.1,Cloudy,0,0
2026-02-12 14:30:00,40.7190169390678,-74.05532600789417,Arterial,60,53.9,0.102,Low,27.4,63,10.4,0.0,14.1,Clear,0,0
2026-02-12 14:45:00,40.70917691341389,-74.06466132787746,Residential,30,21.1,0.297,Moderate,6.4,50,16.5,1.6,4.2,Rain,0,0
2026-02-12 15:00:00,40.69887797556351,-74.0653794833058,City_Street,40,32.6,0.185,Low,23.5,54,12.2,0.0,14.4,Clear,0,0
2026-02-12 15:15:00,40.70296685734293,-74.0488023221225,Residential,30,19.1,0.363,Moderate,20.7,76,33.1,1.3,6.3,Rain,0,0
2026-02-12 15:30:00,40.70697400617357,-74.04957949764942,Arterial,60,47.5,0.208,Low,21.7,49,20.4,0.0,11.9,Clear,0,0
2026-02-12 15:45:00,40.714432110151215,-74.06096388674051,Residential,30,23.5,0.217,Low,15.0,66,30.8,0.0,11.9,Clear,0,0
2026-02-12 16:00:00,40.71964632892224,-74.0617475820438,City_Street,40,39.2,0.02,Low,21.2,76,15.3,0.0,8.8,Clear,0,0
2026-02-12 16:15:00,40.705291432001296,-74.04672792384304,Highway,90,83.8,0.069,Low,25.4,47,9.5,0.0,13.3,Clear,0,0
2026-02-12 16:30:00,40.69272951924811,-74.05160779481609,Residential,30,28.6,0.047,Low,21.7,36,15.1,0.0,10.0,Clear,0,0
2026-02-12 16:45:00,40.71896714202216,-74.06145676260327,City_Street,40,32.3,0.193,Low,17.9,46,26.4,0.0,12.4,Clear,0,0
2026-02-12 17:00:00,40.67951056729529,-74.05937759441836,Residential,30,12.2,0.593,Heavy,17.6,90,26.3,2.2,7.1,Rain,0,1
2026-02-12 17:15:00,40.70851152801907,-74.03916618356205,City_Street,40,18.6,0.535,Moderate,22.5,69,28.6,0.0,8.7,Clear,0,1
2026-02-12 17:30:00,40.706365581434795,-74.05190406434077,City_Street,40,17.0,0.575,Heavy,10.4,75,21.9,5.3,7.3,Rain,0,1
2026-02-12 17:45:00,40.69460484709332,-74.05981169327785,City_Street,40,20.0,0.5,Moderate,23.7,71,8.9,0.0,11.9,Clear,0,1
2026-02-12 18:00:00,40.72266508371636,-74.06957138214456,Residential,30,12.5,0.583,Heavy,19.5,58,23.8,0.0,13.0,Cloudy,0,1
2026-02-12 18:15:00,40.712879856312824,-74.06124610061651,Highway,90,39.7,0.559,Heavy,13.8,65,18.6,0.0,11.3,Clear,0,1
2026-02-12 18:30:00,40.70861959780514,-74.05422384166252,Residential,30,9.9,0.67,Heavy,18.8,66,17.2,2.2,6.8,Rain,0,1
2026-02-12 18:45:00,40.69369615949474,-74.05262009338597,Residential,30,8.3,0.723,Heavy,18.8,50,24.6,0.0,0.9,Fog,0,1
2026-02-12 19:00:00,40.709834903121696,-74.05692953826059,Arterial,60,20.1,0.665,Heavy,19.7,65,26.4,3.5,6.8,Rain,0,1
2026-02-12 19:15:00,40.70299960801096,-74.06177946761177,Residential,30,14.8,0.507,Moderate,17.3,54,13.9,0.0,12.0,Clear,0,1
2026-02-12 19:30:00,,,Arterial,60,13.7,0.772,Heavy,11.3,67,15.1,9.4,1.1,Snow,0,1
2026-02-12 19:45:00,40.70447454028964,-74.05443975370524,Arterial,60,28.3,0.528,Moderate,18.7,73,24.1,0.0,11.0,Clear,0,1
2026-02-12 20:00:00,40.69554601410436,-74.05040616682949,Arterial,60,40.4,0.327,Moderate,23.5,52,7.1,0.0,0.5,Fog,0,0
2026-02-12 20:15:00,40.70479648463507,-74.06275899393273,Residential,30,27.3,0.09,Low,19.5,75,9.0,0.0,8.9,Clear,0,0
2026-02-12 20:30:00,40.68392868918094,-74.04516617399902,Residential,30,30.0,0.0,Low,19.1,65,31.4,0.0,10.7,Cloudy,0,0
2026-02-12 20:45:00,40.69847321019191,-74.05054201218188,City_Street,40,39.5,0.012,Low,19.7,51,12.4,0.0,8.5,Cloudy,0,0
2026-02-12 21:00:00,40.709897041771654,-74.04599425256201,Residential,30,28.5,0.05,Low,25.0,52,30.5,0.0,14.7,Cloudy,0,0
2026-02-12 21:15:00,40.70559652401472,-74.05440016395147,City_Street,40,33.8,0.155,Low,15.0,74,30.9,0.0,8.7,Clear,0,0
2026-02-12 21:30:00,40.681484707476436,-74.04321797361406,Arterial,60,45.2,0.247,Low,16.1,42,3.9,6.5,6.8,Rain,0,0
2026-02-12 21:45:00,40.70017129001669,-74.05207900747514,Arterial,60,55.6,0.073,Low,20.3,44,7.5,0.0,12.7,Clear,0,0
2026-02-12 22:00:00,40.69383152440926,-74.03329487020925,Arterial,60,44.4,0.26,Moderate,17.6,79,11.3,7.4,5.8,Rain,0,0
2026-02-12 22:15:00,40.70302602030715,-74.04172242140417,Arterial,60,53.9,0.102,Low,24.0,57,3.8,0.0,8.1,Cloudy,0,0
2026-02-12 22:30:00,40.70135954736783,-74.0607509707307,Residential,30,27.5,0.083,Low,27.3,36,27.9,0.0,14.8,Clear,0,0
2026-02-12 22:45:00,40.68166262736323,-74.05352952143214,Highway,90,38.2,0.576,Heavy,19.3,55,21.4,8.9,1.0,Snow,0,0
2026-02-12 23:00:00,40.692792385889916,-74.05040362380406,Residential,30,24.1,0.197,Low,18.1,59,28.3,0.0,8.5,Clear,0,0
2026-02-12 23:15:00,40.69464669891644,-74.06102372853763,City_Street,40,34.9,0.128,Low,13.7,59,32.8,0.0,14.1,Cloudy,0,0
2026-02-12 23:30:00,40.70683087494213,-74.05112480916667,City_Street,40,35.8,0.105,Low,21.0,61,9.6,0.0,9.5,Cloudy,0,0
2026-02-12 23:45:00,40.682739992207566,-74.052544041963,Highway,90,73.3,0.186,Low,7.8,57,27.7,6.4,8.0,Rain,0,0
2026-02-13 00:00:00,40.69295544542417,-74.05339047593203,Highway,90,62.4,0.307,Moderate,12.1,79,18.8,5.0,6.1,Rain,0,0
2026-02-13 00:15:00,40.68666689413948,-74.04181787766076,Residential,30,29.5,0.017,Low,25.1,63,22.7,0.0,11.1,Clear,0,0
2026-02-13 00:30:00,,,Residential,30,23.7,0.21,Low,23.3,71,7.7,0.0,8.1,Cloudy,0,0
2026-02-13 00:45:00,40.67606816834665,-74.05582999221042,City_Street,40,31.4,0.215,Low,16.6,70,18.0,0.0,13.4,Clear,0,0
2026-02-13 01:00:00,40.69822540118047,-74.06084196034348,Highway,90,86.6,0.038,Low,22.0,55,30.1,0.0,10.1,Clear,0,0
2026-02-13 01:15:00,40.67088591551394,-74.05816496575571,Arterial,60,48.7,0.188,Low,24.8,36,28.6,0.0,8.4,Cloudy,0,0
2026-02-13 01:30:00,40.68527976850522,-74.05224725303626,Highway,90,90.0,0.0,Low,20.5,45,9.6,0.0,12.7,Clear,0,0
2026-02-13 01:45:00,40.69081850580753,-74.06316551932062,Arterial,60,46.8,0.22,Low,28.2,90,30.1,0.0,10.5,Clear,0,0
2026-02-13 02:00:00,40.69461250866837,-74.03942110458729,Arterial,60,29.7,0.505,Moderate,14.8,85,5.9,9.0,3.5,Heavy Rain,0,0
2026-02-13 02:15:00,40.6795511448215,-74.0459995682156,City_Street,40,40.0,0.0,Low,20.1,85,34.0,0.0,10.6,Clear,0,0
2026-02-13 02:30:00,40.690764768030604,-74.04612045917142,City_Street,40,39.3,0.018,Low,22.2,67,34.4,0.0,13.8,Cloudy,0,0
2026-02-13 02:45:00,40.69049384384849,-74.05809822535848,Highway,90,85.5,0.05,Low,13.3,48,14.1,0.0,12.3,Cloudy,0,0
2026-02-13 03:00:00,40.675658362929035,-74.05811632486636,City_Street,40,32.1,0.198,Low,21.3,71,14.7,5.1,6.4,Rain,0,0
2026-02-13 03:15:00,40.68522793155057,-74.05173321736528,Highway,90,76.2,0.153,Low,8.9,80,24.8,1.3,4.7,Rain,0,0
2026-02-13 03:30:00,40.68545293211226,-74.03845676662398,Residential,30,28.2,0.06,Low,23.4,49,20.5,0.0,9.4,Clear,0,0
2026-02-13 03:45:00,40.68881575985198,-74.05011998310474,Residential,30,28.1,0.063,Low,22.0,58,15.5,0.0,9.3,Cloudy,0,0
2026-02-13 04:00:00,40.67946123191611,-74.03788043493462,Highway,90,48.7,0.459,Moderate,12.3,68,16.7,12.4,2.1,Heavy Rain,0,0
2026-02-13 04:15:00,40.6787231411975,-74.03805374126212,Highway,90,80.0,0.111,Low,29.3,32,31.9,0.0,11.2,Cloudy,0,0
2026-02-13 04:30:00,40.6910794075139,-74.02837317567106,Arterial,60,60.0,0.0,Low,23.6,45,27.4,0.0,10.5,Cloudy,0,0
2026-02-13 04:45:00,40.669686088405925,-74.04659876171765,Residential,30,24.8,0.173,Low,18.3,43,11.2,0.0,10.6,Clear,0,0
2026-02-13 05:00:00,40.681846295467246,-74.06442518964653,Highway,90,70.5,0.217,Low,15.7,55,17.4,0.0,13.2,Cloudy,0,0
2026-02-13 05:15:00,40.67994400461905,-74.0498490483338,Highway,90,67.2,0.253,Moderate,16.9,67,25.2,4.9,4.3,Rain,0,0
2026-02-13 05:30:00,40.68134830677167,-74.02472583792664,Highway,90,81.8,0.091,Low,22.8,51,33.5,0.0,11.2,Cloudy,0,0
2026-02-13 05:45:00,40.664299934323964,-74.04153950325592,Residential,30,26.0,0.133,Low,25.0,86,11.9,0.0,14.7,Cloudy,0,0
2026-02-13 06:00:00,40.67669616979427,-74.04658905558976,Highway,90,65.8,0.269,Moderate,3.9,78,13.2,3.3,4.5,Rain,0,0
2026-02-13 06:15:00,40.66499276511768,-74.04637411384967,Arterial,60,51.5,0.142,Low,17.2,58,5.4,0.0,9.7,Clear,0,0
2026-02-13 06:30:00,40.68324258011305,-74.03398693406038,Highway,90,64.9,0.279,Moderate,11.4,86,21.0,5.0,5.1,Rain,0,0
2026-02-13 06:45:00,40.68083163423281,-74.05383635491268,Residential,30,14.8,0.507,Moderate,9.5,49,12.9,4.9,2.6,Snow,0,0
2026-02-13 07:00:00,40.67830055537509,-74.04984877175805,Arterial,60,30.5,0.492,Moderate,13.3,58,12.6,0.0,11.8,Clear,0,1
2026-02-13 07:15:00,40.67688729630604,-74.06035416437703,Residential,30,12.1,0.597,Heavy,22.2,53,4.7,0.0,14.4,Clear,0,1
2026-02-13 07:30:00,40.692612645012126,-74.03488140005538,Highway,90,40.9,0.546,Moderate,21.3,49,30.9,0.0,11.5,Clear,0,1
2026-02-13 07:45:00,40.66862373768955,-74.04297012335144,City_Street,40,18.0,0.55,Heavy,23.3,78,29.2,0.0,12.0,Clear,0,1
2026-02-13 08:00:00,40.702205128922294,-74.05110511621051,Residential,30,10.1,0.663,Heavy,20.5,63,28.0,0.0,0.5,Fog,0,1
2026-02-13 08:15:00,40.67612884873999,-74.05354389665703,Highway,90,37.1,0.588,Heavy,16.7,44,28.7,0.0,8.9,Clear,0,1
2026-02-13 08:30:00,40.679250847481796,-74.04751500356878,City_Street,40,18.2,0.545,Moderate,21.1,60,10.7,0.0,8.5,Clear,0,1
2026-02-13 08:45:00,40.669356492653186,-74.0506025813051,Residential,30,9.4,0.687,Heavy,14.2,48,3.7,7.4,7.0,Rain,0,1
2026-02-13 09:00:00,40.67783838574953,-74.03028238867968,Highway,90,45.5,0.494,Moderate,22.0,48,10.1,0.0,8.4,Clear,0,1
2026-02-13 09:15:00,40.675128284418626,-74.04233576568193,Residential,30,7.9,0.737,Heavy,16.3,100,30.6,24.9,1.2,Heavy Rain,0,1
2026-02-13 09:30:00,40.68827009637984,-74.03464944778183,City_Street,40,19.4,0.515,Moderate,20.6,64,15.9,0.0,11.3,Cloudy,0,1
2026-02-13 09:45:00,40.676287425318776,-74.03884337900504,Highway,90,35.2,0.609,Heavy,8.6,82,29.7,2.1,4.9,Rain,0,1
2026-02-13 10:00:00,40.679794603135555,-74.03069036662866,City_Street,40,39.2,0.02,Low,25.1,62,13.6,0.0,11.5,Cloudy,0,0
2026-02-13 10:15:00,40.6750976055891,-74.04300994065213,City_Street,40,40.0,0.0,Low,13.7,66,17.7,0.0,13.5,Cloudy,0,0
2026-02-13 10:30:00,40.684998331537614,-74.03424219583707,Residential,30,30.0,0.0,Low,24.1,72,15.5,0.0,14.1,Clear,0,0
2026-02-13 10:45:00,40.685260244993884,-74.04538615272126,City_Street,40,32.6,0.185,Low,15.9,36,33.1,0.0,8.5,Clear,0,0
2026-02-13 11:00:00,40.691775768525616,-74.03909488760766,Arterial,60,55.3,0.078,Low,25.8,59,27.8,0.0,8.7,Clear,0,0
2026-02-13 11:15:00,40.67494204860948,-74.02846809357202,Highway,90,90.0,0.0,Low,20.9,66,15.9,0.0,12.3,Clear,0,0
2026-02-13 11:30:00,40.67221556871276,-74.0316272071934,City_Street,40,28.0,0.3,Moderate,9.5,69,9.2,2.2,4.6,Rain,0,0
2026-02-13 11:45:00,40.678271831577284,-74.0320898709911,Arterial,60,58.8,0.02,Low,24.1,47,8.8,0.0,12.5,Clear,0,0
2026-02-13 12:00:00,40.657170409863056,-74.02950161956713,Residential,30,24.6,0.18,Low,23.2,61,16.4,0.0,9.3,Clear,0,0
2026-02-13 12:15:00,40.679502554137926,-74.04630739215551,Arterial,60,57.5,0.042,Low,30.3,78,4.7,0.0,13.5,Clear,0,0
2026-02-13 12:30:00,40.677924735433486,-74.03977821516156,Residential,30,26.8,0.107,Low,28.0,48,22.9,0.0,11.7,Cloudy,0,0
2026-02-13 12:45:00,40.67561832024113,-74.04236644426774,Arterial,60,54.9,0.085,Low,10.9,54,9.5,0.0,8.6,Cloudy,0,0
2026-02-13 13:00:00,40.67024814949017,-74.02642304608044,Residential,30,25.2,0.16,Low,27.6,57,23.8,0.0,11.9,Clear,0,0
2026-02-13 13:15:00,40.661196857868774,-74.03347202911277,City_Street,40,38.0,0.05,Low,20.6,65,6.4,0.0,13.7,Clear,0,0
2026-02-13 13:30:00,40.69784584630173,-74.03777012610253,Highway,90,71.9,0.201,Low,18.9,69,34.3,0.0,13.4,Clear,0,0
2026-02-13 13:45:00,40.66041778842221,-74.04206182170276,Residential,30,15.3,0.49,Moderate,14.5,100,31.6,13.2,1.9,Heavy Rain,0,0
2026-02-13 14:00:00,40.66745605932634,-74.04085778698703,Residential,30,22.1,0.263,Moderate,14.0,78,22.1,1.1,4.9,Rain,0,0
2026-02-13 14:15:00,40.67641581644843,-74.02544404535902,Highway,90,68.1,0.243,Low,7.7,83,32.5,1.7,5.8,Rain,0,0
2026-02-13 14:30:00,40.65116047141589,-74.02714734560294,Residential,30,26.0,0.133,Low,27.8,64,6.4,0.0,9.9,Clear,0,0
2026-02-13 14:45:00,40.68169419574415,-74.01606864689083,Arterial,60,51.1,0.148,Low,20.8,70,24.7,0.0,9.8,Clear,0,0
2026-02-13 15:00:00,40.658030412334604,-74.02605030388318,City_Street,40,32.0,0.2,Low,9.2,75,26.3,5.0,7.2,Rain,0,0
2026-02-13 15:15:00,40.66230571925462,-74.01312545945635,Residential,30,23.1,0.23,Low,24.3,79,15.7,0.0,12.5,Clear,0,0
2026-02-13 15:30:00,40.67472103481969,-74.01949491104497,Residential,30,23.2,0.227,Low,21.6,72,14.8,0.0,12.3,Clear,0,0
2026-02-13 15:45:00,40.663911928955834,-74.02160600982812,Arterial,60,50.0,0.167,Low,23.2,52,16.3,0.0,9.0,Cloudy,0,0
2026-02-13 16:00:00,40.651919008182844,-74.0207572435319,Highway,90,47.6,0.471,Moderate,19.0,100,2.2,24.6,2.6,Heavy Rain,0,0
2026-02-13 16:15:00,40.65830852929139,-74.02148036967495,Highway,90,72.5,0.194,Low,17.8,76,5.2,0.0,8.5,Clear,0,0
2026-02-13 16:30:00,40.67730035737662,-74.04579519804916,Arterial,60,47.4,0.21,Low,19.8,50,34.9,0.0,14.1,Cloudy,0,0
2026-02-13 16:45:00,40.66086895386305,-74.02456000638162,Highway,90,83.8,0.069,Low,19.9,33,17.6,0.0,11.1,Clear,0,0
2026-02-13 17:00:00,40.65158436446021,-74.01487153699324,Arterial,60,27.4,0.543,Moderate,23.6,59,14.8,0.0,13.1,Clear,0,1
2026-02-13 17:15:00,40.67120476310856,-74.03516326513723,Arterial,60,30.0,0.5,Moderate,17.4,66,16.1,0.0,14.4,Clear,0,1
2026-02-13 17:30:00,40.66883689372335,-74.03381784232786,Highway,90,40.7,0.548,Moderate,16.5,100,29.7,0.0,8.5,Cloudy,0,1
2026-02-13 17:45:00,40.661929092979406,-74.03415002067499,City_Street,40,18.6,0.535,Moderate,28.5,95,31.0,0.0,13.0,Cloudy,0,1
2026-02-13 18:00:00,40.66481044242236,-74.01784903044378,Residential,30,11.8,0.607,Heavy,27.0,66,3.9,0.0,9.4,Clear,0,1
2026-02-13 18:15:00,40.66963436673798,-74.01987449396437,Highway,90,36.3,0.597,Heavy,26.9,64,11.3,0.0,12.9,Cloudy,0,1
2026-02-13 18:30:00,40.662764873865,-74.03216295771985,Highway,90,37.4,0.584,Heavy,6.4,43,8.6,0.0,9.6,Clear,0,1
2026-02-13 18:45:00,,,City_Street,40,15.5,0.613,Heavy,17.0,72,19.1,0.0,8.4,Cloudy,0,1
2026-02-13 19:00:00,40.66925750119824,-74.03369901781959,City_Street,40,18.4,0.54,Moderate,18.4,62,11.3,0.0,12.9,Clear,0,1
2026-02-13 19:15:00,40.663907869160155,-74.02625840776433,City_Street,40,20.4,0.49,Moderate,26.3,58,22.4,0.0,9.0,Clear,0,1
2026-02-13 19:30:00,40.68254255788916,-74.02607472212995,Highway,90,43.5,0.517,Moderate,26.5,36,10.0,0.0,8.1,Clear,0,1
2026-02-13 19:45:00,40.66903999316549,-74.02235344102164,City_Street,40,13.0,0.675,Heavy,14.1,68,19.0,5.2,6.1,Rain,0,1
2026-02-13 20:00:00,40.67256026183842,-74.02402725251292,Arterial,60,55.2,0.08,Low,17.5,69,33.6,0.0,12.4,Clear,0,0
2026-02-13 20:15:00,40.666604370655456,-74.02571467092899,Residential,30,27.3,0.09,Low,11.1,81,32.1,0.0,11.1,Clear,0,0
2026-02-13 20:30:00,40.66512382069109,-74.00868622656233,Highway,90,77.6,0.138,Low,23.0,53,31.9,0.0,9.5,Clear,0,0
2026-02-13 20:45:00,40.657465049322425,-74.0288116666127,Highway,90,71.4,0.207,Low,29.0,74,26.7,0.0,13.4,Cloudy,0,0
2026-02-13 21:00:00,40.64849925342613,-74.01352022076327,Highway,90,87.4,0.029,Low,22.1,49,16.6,0.0,10.0,Clear,0,0
2026-02-13 21:15:00,40.666289320196725,-74.01440050478088,Residential,30,22.7,0.243,Low,17.1,44,8.4,3.1,5.0,Rain,0,0
2026-02-13 21:30:00,40.66554287210377,-74.01435460789595,City_Street,40,35.1,0.122,Low,10.4,42,11.9,0.0,14.9,Cloudy,0,0
2026-02-13 21:45:00,40.66296647843558,-74.01666581773725,Highway,90,66.6,0.26,Moderate,19.5,93,6.0,4.5,7.9,Rain,0,0
2026-02-13 22:00:00,40.66103160669614,-74.00821807224622,City_Street,40,30.3,0.242,Low,19.4,74,33.9,5.5,4.1,Rain,0,0
2026-02-13 22:15:00,40.66806439957497,-74.0031989299987,Highway,90,85.8,0.047,Low,17.4,73,10.2,0.0,11.8,Clear,0,0
2026-02-13 22:30:00,40.65963561586286,-74.02423976556612,Residential,30,24.3,0.19,Low,24.9,56,12.2,0.0,11.4,Cloudy,0,0
2026-02-13 22:45:00,40.67005676212331,-74.01575329482657,City_Street,40,38.5,0.037,Low,12.5,38,11.8,0.0,13.0,Clear,0,0
2026-02-13 23:00:00,40.6578485472443,-74.01749392088016,Highway,90,78.9,0.123,Low,17.4,65,20.5,0.0,10.0,Clear,0,0
2026-02-13 23:15:00,40.66932317576806,-74.01875974249475,Highway,90,79.9,0.112,Low,20.6,42,22.5,0.0,8.3,Clear,0,0
2026-02-13 23:30:00,40.66411716736685,-74.03446105624447,Arterial,60,39.5,0.342,Moderate,30.0,88,23.2,0.0,0.6,Fog,0,0
2026-02-13 23:45:00,40.643672717939396,-74.01702629644909,Arterial,60,54.2,0.097,Low,25.1,38,6.5,0.0,8.7,Clear,0,0
2026-02-14 00:00:00,40.66229879343059,-74.0137340003368,City_Street,40,23.9,0.403,Moderate,18.9,50,31.7,0.0,0.9,Fog,1,0
2026-02-14 00:15:00,40.675831677559835,-74.01489584005577,Arterial,60,57.3,0.045,Low,31.2,57,26.4,0.0,10.3,Clear,1,0
2026-02-14 00:30:00,40.6663477926088,-74.01216041537012,City_Street,40,37.5,0.062,Low,19.8,52,10.1,0.0,8.6,Clear,1,0
2026-02-14 00:45:00,40.673022048806374,-74.00819565711102,Arterial,60,50.9,0.152,Low,23.7,67,20.1,0.0,10.9,Cloudy,1,0
2026-02-14 01:00:00,40.66218273325772,-74.02211955324668,Residential,30,23.7,0.21,Low,29.9,39,23.6,0.0,8.9,Cloudy,1,0
2026-02-14 01:15:00,40.651097204202394,-74.01433065579047,Residential,30,29.6,0.013,Low,27.6,82,20.5,0.0,12.2,Clear,1,0
2026-02-14 01:30:00,40.67123238960141,-74.00600216297349,Highway,90,88.0,0.022,Low,25.2,87,11.0,0.0,13.5,Cloudy,1,0
2026-02-14 01:45:00,40.64522511388123,-74.0194595741908,City_Street,40,34.6,0.135,Low,24.3,61,30.1,0.0,14.2,Clear,1,0
2026-02-14 02:00:00,40.68133728400833,-74.00788639319067,Residential,30,11.5,0.617,Heavy,7.0,83,26.1,8.4,2.2,Snow,1,0
2026-02-14 02:15:00,40.65396131379286,-74.01435558212978,Highway,90,62.1,0.31,Moderate,26.2,79,18.9,0.0,0.2,Fog,1,0
2026-02-14 02:30:00,40.65729098669392,-74.01316733151334,Highway,90,41.8,0.536,Moderate,10.9,100,18.2,22.2,1.6,Heavy Rain,1,0
2026-02-14 02:45:00,40.674451567659275,-74.01378190714706,Arterial,60,47.7,0.205,Low,18.8,87,31.4,0.0,9.8,Clear,1,0
2026-02-14 03:00:00,40.67160336333042,-73.99826940778621,City_Street,40,38.3,0.043,Low,16.5,64,10.0,0.0,8.9,Clear,1,0
2026-02-14 03:15:00,40.66517571199676,-74.01187354164429,Highway,90,87.2,0.031,Low,35.7,70,5.7,0.0,11.0,Clear,1,0
2026-02-14 03:30:00,40.654994616936285,-74.01289469607012,Highway,90,78.1,0.132,Low,17.3,70,32.7,0.0,13.0,Clear,1,0
2026-02-14 03:45:00,40.66988529405784,-74.00369588714105,Arterial,60,60.0,0.0,Low,21.7,63,2.1,0.0,11.3,Clear,1,0
2026-02-14 04:00:00,40.65674240053045,-74.0136083766545,Residential,30,11.8,0.607,Heavy,19.1,50,26.8,2.3,2.5,Snow,1,0
2026-02-14 04:15:00,40.66366501767519,-74.01282244328901,City_Street,40,34.9,0.128,Low,17.6,80,23.9,0.0,11.7,Clear,1,0
2026-02-14 04:30:00,40.66292704327061,-74.01593736329423,City_Street,40,28.1,0.297,Moderate,10.2,52,34.0,4.7,5.5,Rain,1,0
2026-02-14 04:45:00,40.66139607307612,-73.9927287920651,Arterial,60,59.0,0.017,Low,16.3,65,6.4,0.0,8.6,Clear,1,0
2026-02-14 05:00:00,40.66330971213186,-74.02081282544641,Arterial,60,55.0,0.083,Low,8.9,58,22.9,0.0,12.7,Clear,1,0
2026-02-14 05:15:00,40.6568404291702,-74.01482980856439,Residential,30,19.7,0.343,Moderate,9.9,69,13.3,0.0,1.3,Fog,1,0
2026-02-14 05:30:00,40.656981761806215,-74.01769987592161,Residential,30,17.4,0.42,Moderate,11.2,79,22.8,12.4,1.3,Heavy Rain,1,0
2026-02-14 05:45:00,40.66411124399507,-73.99845157697537,Arterial,60,57.1,0.048,Low,15.1,73,30.0,0.0,8.8,Clear,1,0
2026-02-14 06:00:00,40.6706366345838,-74.00578816439359,Residential,30,29.1,0.03,Low,15.5,56,26.7,0.0,13.5,Clear,1,0
2026-02-14 06:15:00,40.65763552683856,-73.98960073929527,Arterial,60,45.9,0.235,Low,19.4,54,6.7,0.0,11.9,Cloudy,1,0
2026-02-14 06:30:00,40.670261653140315,-74.00506789994493,Residential,30,30.0,0.0,Low,12.2,49,17.3,0.0,11.4,Clear,1,0
2026-02-14 06:45:00,40.65838779291888,-74.0238725740948,Highway,90,73.9,0.179,Low,22.2,46,9.8,0.0,8.2,Cloudy,1,0
2026-02-14 07:00:00,40.66749482193479,-74.00299622426382,Arterial,60,41.2,0.313,Moderate,24.2,54,34.5,0.0,1.4,Fog,1,0
2026-02-14 07:15:00,40.6753955613424,-73.99554523841137,Residential,30,23.3,0.223,Low,4.8,90,9.2,5.1,6.4,Rain,1,0
2026-02-14 07:30:00,40.65627941561174,-73.99387051618643,Residential,30,20.2,0.327,Moderate,16.0,83,11.7,4.9,7.7,Rain,1,0
2026-02-14 07:45:00,40.651854430719915,-74.01929128116386,Highway,90,65.2,0.276,Moderate,14.9,72,16.7,6.8,6.6,Rain,1,0
2026-02-14 08:00:00,40.674622416879785,-74.01244143338693,Highway,90,90.0,0.0,Low,22.0,54,15.6,0.0,11.6,Clear,1,0
2026-02-14 08:15:00,40.65782940706176,-73.99920405100889,Arterial,60,50.5,0.158,Low,13.1,67,5.2,0.0,8.3,Clear,1,0
2026-02-14 08:30:00,40.66764613104582,-74.00802212072963,Arterial,60,52.5,0.125,Low,17.9,56,20.4,0.0,12.6,Clear,1,0
2026-02-14 08:45:00,40.649652549604205,-73.9943120784197,Residential,30,14.3,0.523,Moderate,11.3,82,34.6,2.2,2.1,Snow,1,0
2026-02-14 09:00:00,40.65813333894299,-73.99328244180037,Residential,30,24.6,0.18,Low,24.9,95,25.5,0.0,11.0,Cloudy,1,0
2026-02-14 09:15:00,40.66085836494238,-74.00682791240989,Highway,90,68.1,0.243,Low,11.1,73,30.6,4.7,7.5,Rain,1,0
2026-02-14 09:30:00,40.6554456993322,-73.99170204780873,City_Street,40,30.9,0.228,Low,16.5,77,25.8,7.2,5.0,Rain,1,0
2026-02-14 09:45:00,40.653378192165654,-73.99760645058656,Arterial,60,55.1,0.082,Low,17.4,71,14.6,0.0,11.5,Clear,1,0
2026-02-14 10:00:00,40.667655994165536,-73.99340964506582,City_Street,40,16.9,0.578,Heavy,16.8,75,14.4,8.3,1.3,Snow,1,0
2026-02-14 10:15:00,40.67918424507884,-73.98841456759608,Residential,30,28.8,0.04,Low,26.4,47,2.9,0.0,8.2,Cloudy,1,0
2026-02-14 10:30:00,40.66530798301457,-74.01001471991097,Arterial,60,54.1,0.098,Low,19.9,50,28.5,0.0,13.7,Cloudy,1,0
2026-02-14 10:45:00,,,Arterial,60,51.6,0.14,Low,22.0,33,9.7,0.0,9.3,Clear,1,0
2026-02-14 11:00:00,40.68013157585205,-73.99549101840304,Highway,90,69.3,0.23,Low,15.6,43,17.5,0.0,9.7,Clear,1,0
2026-02-14 11:15:00,40.661532037194675,-73.98394026154656,Residential,30,14.4,0.52,Moderate,17.9,100,22.8,21.9,2.2,Heavy Rain,1,0
2026-02-14 11:30:00,40.65775286489999,-73.99417759514733,Arterial,60,46.2,0.23,Low,19.5,67,23.5,0.0,8.6,Cloudy,1,0
2026-02-14 11:45:00,40.65406773405798,-73.98448611838248,City_Street,40,32.9,0.177,Low,19.5,61,5.7,0.0,10.7,Cloudy,1,0
2026-02-14 12:00:00,,,City_Street,40,22.9,0.427,Moderate,16.7,64,9.5,0.0,1.2,Fog,1,0
2026-02-14 12:15:00,40.66026763179307,-73.99928019825012,City_Street,40,15.0,0.625,Heavy,20.3,48,28.1,4.4,1.4,Snow,1,0
2026-02-14 12:30:00,40.66200150285231,-73.99538867557493,Highway,90,64.7,0.281,Moderate,27.2,42,12.4,0.0,12.5,Clear,1,0
2026-02-14 12:45:00,40.659669533681296,-73.99067857194872,Highway,90,67.4,0.251,Moderate,30.5,86,21.3,0.0,12.2,Clear,1,0
2026-02-14 13:00:00,40.66649951538873,-73.99398113514717,Arterial,60,46.9,0.218,Low,17.6,66,23.0,0.0,10.3,Clear,1,0
2026-02-14 13:15:00,40.66163852656962,-73.98795513573681,Arterial,60,24.5,0.592,Heavy,9.6,60,8.2,6.5,2.0,Snow,1,0
2026-02-14 13:30:00,40.651089820936875,-73.97917107328357,City_Street,40,32.5,0.188,Low,14.4,39,5.9,0.0,12.2,Cloudy,1,0
2026-02-14 13:45:00,40.66930166526944,-73.99549634269223,Residential,30,22.0,0.267,Moderate,12.2,58,33.0,0.0,13.6,Clear,1,0
2026-02-14 14:00:00,40.651695767118085,-73.98732958922326,City_Street,40,23.7,0.407,Moderate,19.3,78,20.8,6.0,7.8,Rain,1,0
2026-02-14 14:15:00,40.669938394511306,-73.98500709266581,Arterial,60,45.8,0.237,Low,19.9,46,29.0,0.0,14.7,Clear,1,0
2026-02-14 14:30:00,40.66445058018673,-73.98637200983168,Arterial,60,37.6,0.373,Moderate,21.9,63,3.6,5.4,7.1,Rain,1,0
2026-02-14 14:45:00,40.6634808284678,-73.9843607697926,City_Street,40,26.2,0.345,Moderate,22.4,59,24.5,0.0,10.2,Clear,1,0
2026-02-14 15:00:00,40.666333641063,-73.9801356540708,City_Street,40,30.0,0.25,Moderate,12.0,36,28.6,0.0,9.0,Clear,1,0
2026-02-14 15:15:00,40.67186730367918,-73.97568970940786,City_Street,40,24.3,0.392,Moderate,11.6,75,8.3,4.5,7.0,Rain,1,0
2026-02-14 15:30:00,40.65192396481413,-73.99288489076616,Arterial,60,42.3,0.295,Moderate,25.0,55,10.0,0.0,14.6,Clear,1,0
2026-02-14 15:45:00,40.664334386587754,-73.96499423947668,Highway,90,29.2,0.676,Heavy,19.7,71,26.5,5.8,1.8,Snow,1,0
2026-02-14 16:00:00,40.66708691371495,-73.98985170822944,Residential,30,20.6,0.313,Moderate,31.9,57,32.1,0.0,11.9,Cloudy,1,0
2026-02-14 16:15:00,40.67145694770054,-73.97458783200919,Residential,30,17.0,0.433,Moderate,21.5,80,24.1,0.0,0.5,Fog,1,0
2026-02-14 16:30:00,40.671995813782665,-73.98001508470354,Arterial,60,47.9,0.202,Low,28.4,51,17.7,0.0,9.4,Cloudy,1,0
2026-02-14 16:45:00,40.67188285514768,-73.98619585155897,Highway,90,64.3,0.286,Moderate,20.9,67,27.1,0.0,12.8,Clear,1,0
2026-02-14 17:00:00,40.66888294689528,-73.98113027219615,City_Street,40,25.4,0.365,Moderate,13.6,48,16.6,4.4,4.3,Rain,1,0
2026-02-14 17:15:00,40.65866514218796,-73.98770347212695,Arterial,60,48.6,0.19,Low,15.8,76,20.4,0.0,9.6,Clear,1,0
2026-02-14 17:30:00,40.65456898071252,-73.97573180468787,Arterial,60,40.6,0.323,Moderate,22.8,48,26.5,0.0,10.8,Cloudy,1,0
2026-02-14 17:45:00,40.664631915764254,-73.98330008047768,Highway,90,63.1,0.299,Moderate,28.7,54,4.6,0.0,14.7,Clear,1,0
2026-02-14 18:00:00,40.66830003320731,-73.98516415160988,Arterial,60,46.0,0.233,Low,20.9,41,33.2,0.0,9.8,Clear,1,0
2026-02-14 18:15:00,40.651925560875235,-73.96555245887998,City_Street,40,21.3,0.468,Moderate,16.6,72,3.8,3.1,5.2,Rain,1,0
2026-02-14 18:30:00,40.657004082963354,-73.97607211168456,Highway,90,64.5,0.283,Moderate,30.6,100,12.8,0.0,11.0,Clear,1,0
2026-02-14 18:45:00,40.67481044105391,-73.96932595555496,Arterial,60,41.6,0.307,Moderate,22.7,45,2.6,0.0,14.4,Cloudy,1,0
2026-02-14 19:00:00,40.670368829931284,-73.97838646263158,Residential,30,20.2,0.327,Moderate,23.2,76,10.3,0.0,1.3,Fog,1,0
2026-02-14 19:15:00,40.66451922738871,-73.97322505483615,Arterial,60,49.1,0.182,Low,18.0,91,16.3,0.0,14.6,Clear,1,0
2026-02-14 19:30:00,40.67724964898451,-73.97012215340473,City_Street,40,15.8,0.605,Heavy,16.8,81,7.3,11.2,1.5,Snow,1,0
2026-02-14 19:45:00,40.66661641600923,-73.9560465842636,Highway,90,82.8,0.08,Low,10.1,58,22.1,0.0,9.1,Clear,1,0
2026-02-14 20:00:00,40.680720002979896,-73.96755492415953,Highway,90,72.5,0.194,Low,12.8,66,6.0,0.0,13.3,Cloudy,1,0
2026-02-14 20:15:00,40.677991348834865,-73.96833219110312,City_Street,40,34.2,0.145,Low,24.1,83,14.5,0.0,11.2,Clear,1,0
2026-02-14 20:30:00,40.67371575021331,-73.96418687332165,City_Street,40,22.7,0.432,Moderate,31.2,47,16.9,0.0,0.2,Fog,1,0
2026-02-14 20:45:00,40.67110650504293,-73.97558157136548,Residential,30,29.6,0.013,Low,21.5,71,18.2,0.0,10.5,Clear,1,0
2026-02-14 21:00:00,40.6657337905589,-73.9698315267697,Arterial,60,59.4,0.01,Low,22.2,31,26.0,0.0,12.6,Clear,1,0
2026-02-14 21:15:00,40.68046562033023,-73.97040075033053,Highway,90,71.2,0.209,Low,21.5,46,16.0,6.6,4.7,Rain,1,0
2026-02-14 21:30:00,40.69394826538708,-73.97198864769496,Arterial,60,55.1,0.082,Low,21.0,28,23.0,0.0,13.0,Clear,1,0
2026-02-14 21:45:00,40.668816555055734,-73.98308275332988,Arterial,60,47.5,0.208,Low,13.6,74,6.4,5.8,6.1,Rain,1,0
2026-02-14 22:00:00,40.67939984855015,-73.97634220257227,Highway,90,80.3,0.108,Low,22.4,60,11.4,0.0,8.6,Clear,1,0
2026-02-14 22:15:00,40.68634656801714,-73.97082524798432,Highway,90,46.3,0.486,Moderate,12.7,91,9.3,12.1,1.2,Heavy Rain,1,0
2026-02-14 22:30:00,40.6730150056525,-73.97939328210272,Residential,30,13.5,0.55,Heavy,12.3,87,29.2,8.6,2.0,Snow,1,0
2026-02-14 22:45:00,40.67755036297827,-73.97242759367752,Highway,90,87.3,0.03,Low,14.3,36,21.4,0.0,14.2,Cloudy,1,0
2026-02-14 23:00:00,40.66967854639513,-73.97490280001553,City_Street,40,26.3,0.343,Moderate,26.3,66,28.8,0.0,1.1,Fog,1,0
2026-02-14 23:15:00,40.67596835396151,-73.97196404791268,Residential,30,23.6,0.213,Low,15.9,77,31.1,0.0,12.7,Clear,1,0
2026-02-14 23:30:00,40.67040843373067,-73.9570834052231,City_Street,40,34.5,0.137,Low,26.2,47,12.4,0.0,11.9,Clear,1,0
2026-02-14 23:45:00,40.67935518661299,-73.96778868179028,Highway,90,73.6,0.182,Low,18.2,65,7.2,0.0,9.1,Cloudy,1,0
2026-02-15 00:00:00,40.681693243525594,-73.9702584246567,Highway,90,72.6,0.193,Low,21.7,78,9.5,0.0,9.1,Clear,1,0
2026-02-15 00:15:00,40.67650156429864,-73.95709906073,Highway,90,88.0,0.022,Low,14.0,76,29.9,0.0,10.2,Clear,1,0
2026-02-15 00:30:00,40.68077591696573,-73.95835321514026,City_Street,40,31.6,0.21,Low,22.5,41,22.0,0.0,11.3,Clear,1,0
2026-02-15 00:45:00,40.66744274062449,-73.97158035258344,Highway,90,81.8,0.091,Low,9.6,73,19.7,0.0,11.2,Clear,1,0
2026-02-15 01:00:00,40.671978055470255,-73.94055970955846,Highway,90,39.7,0.559,Heavy,13.0,95,23.5,8.8,2.3,Snow,1,0
2026-02-15 01:15:00,40.67927588613236,-73.96408135133669,City_Street,40,33.1,0.172,Low,23.5,78,31.5,0.0,12.5,Clear,1,0
2026-02-15 01:30:00,40.66612789939058,-73.95961019984246,Residential,30,24.0,0.2,Low,16.8,75,24.8,5.4,7.6,Rain,1,0
2026-02-15 01:45:00,40.66843459007776,-73.96909683364962,Arterial,60,40.9,0.318,Moderate,23.4,62,22.6,0.0,1.0,Fog,1,0
2026-02-15 02:00:00,,,Highway,90,81.8,0.091,Low,22.3,60,25.3,0.0,13.2,Cloudy,1,0
2026-02-15 02:15:00,40.68640305942044,-73.96478069077503,Residential,30,25.3,0.157,Low,13.1,69,9.2,2.1,5.2,Rain,1,0
2026-02-15 02:30:00,40.68484530435977,-73.96502450456626,Highway,90,90.0,0.0,Low,17.2,62,34.4,0.0,11.3,Clear,1,0
2026-02-15 02:45:00,40.689630555582305,-73.96391316897275,Arterial,60,49.8,0.17,Low,5.1,74,23.3,1.4,5.7,Rain,1,0
2026-02-15 03:00:00,40.69261190929955,-73.9695399556059,City_Street,40,33.4,0.165,Low,21.4,39,8.1,0.0,14.6,Cloudy,1,0
2026-02-15 03:15:00,40.67629483111291,-73.97501375490401,City_Street,40,29.6,0.26,Moderate,18.2,72,27.9,6.6,4.8,Rain,1,0
2026-02-15 03:30:00,40.67506199813962,-73.95876978978792,Highway,90,73.1,0.188,Low,18.6,46,18.0,0.0,8.7,Clear,1,0
2026-02-15 03:45:00,40.69166282289441,-73.97111018803207,City_Street,40,31.4,0.215,Low,7.6,79,10.3,3.4,4.7,Rain,1,0
2026-02-15 04:00:00,40.67693912582748,-73.9683787025458,Highway,90,72.9,0.19,Low,13.7,74,24.8,7.4,6.4,Rain,1,0
2026-02-15 04:15:00,40.695154717776276,-73.96979203360203,Arterial,60,48.4,0.193,Low,17.5,93,28.5,0.0,10.3,Clear,1,0
2026-02-15 04:30:00,40.66470513759455,-73.97674024918291,City_Street,40,24.6,0.385,Moderate,1.2,55,8.6,18.3,3.2,Heavy Rain,1,0
2026-02-15 04:45:00,40.68472284875578,-73.96503096774133,Residential,30,25.5,0.15,Low,14.0,60,23.5,0.0,14.5,Cloudy,1,0
2026-02-15 05:00:00,40.684022434729776,-73.97806379702345,Arterial,60,54.9,0.085,Low,25.7,30,34.7,0.0,14.3,Clear,1,0
2026-02-15 05:15:00,40.68966366484341,-73.9583413508224,Residential,30,23.4,0.22,Low,25.1,52,3.3,3.2,7.3,Rain,1,0
2026-02-15 05:30:00,40.69191769528696,-73.96457833892924,City_Street,40,31.7,0.208,Low,17.0,97,16.5,7.6,7.3,Rain,1,0
2026-02-15 05:45:00,40.699033972665376,-73.96619881219378,Arterial,60,40.9,0.318,Moderate,27.4,58,26.6,0.0,0.6,Fog,1,0
2026-02-15 06:00:00,40.67465134199541,-73.9506802873051,Residential,30,12.1,0.597,Heavy,20.6,85,8.3,10.5,2.3,Snow,1,0
2026-02-15 06:15:00,40.68909540477439,-73.97006507722978,Arterial,60,48.1,0.198,Low,16.0,69,32.2,2.6,4.9,Rain,1,0
2026-02-15 06:30:00,40.676083439600504,-73.95689572964649,Highway,90,75.2,0.164,Low,12.8,80,6.7,4.9,5.8,Rain,1,0
2026-02-15 06:45:00,40.67617643958007,-73.96651734534821,Residential,30,18.9,0.37,Moderate,25.8,64,16.0,4.7,4.2,Rain,1,0
2026-02-15 07:00:00,40.71044481521383,-73.96485413023467,Highway,90,44.8,0.502,Moderate,13.3,100,18.1,22.1,1.2,Heavy Rain,1,0
2026-02-15 07:15:00,40.68303469502147,-73.9639730706727,Residential,30,19.8,0.34,Moderate,8.8,65,20.7,6.6,6.0,Rain,1,0
2026-02-15 07:30:00,40.70016369152011,-73.9626230043969,City_Street,40,32.5,0.188,Low,22.2,59,8.3,0.0,14.0,Clear,1,0
2026-02-15 07:45:00,40.68050984841335,-73.95818956275703,Residential,30,25.3,0.157,Low,25.3,51,22.3,0.0,13.7,Cloudy,1,0
2026-02-15 08:00:00,40.6851258660702,-73.9757960827643,Residential,30,24.1,0.197,Low,13.9,83,13.2,2.6,4.6,Rain,1,0
2026-02-15 08:15:00,40.701725084797594,-73.97281690013327,Arterial,60,48.2,0.197,Low,22.1,56,25.3,0.0,10.7,Clear,1,0
2026-02-15 08:30:00,40.69280980478049,-73.96685767348626,Arterial,60,58.8,0.02,Low,15.3,68,22.0,0.0,10.0,Clear,1,0
2026-02-15 08:45:00,40.695948665389565,-73.94798876296275,Highway,90,87.7,0.026,Low,16.5,54,33.8,0.0,9.2,Cloudy,1,0
2026-02-15 09:00:00,40.688186906016035,-73.95601788783952,Residential,30,22.3,0.257,Moderate,12.7,68,10.5,5.4,5.3,Rain,1,0
2026-02-15 09:15:00,40.69898244881892,-73.95386954061114,City_Street,40,36.4,0.09,Low,18.3,63,30.9,0.0,14.9,Clear,1,0
2026-02-15 09:30:00,40.69231811232629,-73.95799393456136,Highway,90,71.8,0.202,Low,21.5,78,12.9,0.0,11.8,Clear,1,0
2026-02-15 09:45:00,40.692414581787595,-73.9640051185917,Residential,30,23.0,0.233,Low,19.6,79,15.4,5.3,6.4,Rain,1,0
2026-02-15 10:00:00,,,City_Street,40,31.9,0.203,Low,19.9,57,23.4,4.9,4.9,Rain,1,0
2026-02-15 10:15:00,,,City_Street,40,23.4,0.415,Moderate,11.3,86,15.6,8.0,2.5,Heavy Rain,1,0
2026-02-15 10:30:00,40.70780674753041,-73.95776877222944,Highway,90,87.8,0.024,Low,11.5,60,19.2,0.0,12.3,Clear,1,0
2026-02-15 10:45:00,40.69302752643107,-73.95039782669606,Highway,90,67.4,0.251,Moderate,11.4,67,6.0,5.6,6.9,Rain,1,0
2026-02-15 11:00:00,,,Arterial,60,58.6,0.023,Low,21.0,85,25.0,0.0,9.6,Clear,1,0
2026-02-15 11:15:00,40.708219989693085,-73.9658283298669,Arterial,60,40.9,0.318,Moderate,18.9,100,32.2,7.7,6.9,Rain,1,0
2026-02-15 11:30:00,40.69103913800453,-73.96142627286444,Highway,90,80.5,0.106,Low,24.4,61,8.6,0.0,10.1,Clear,1,0
2026-02-15 11:45:00,40.6925508953857,-73.96551687962108,Arterial,60,59.1,0.015,Low,15.5,58,31.4,0.0,14.9,Clear,1,0
2026-02-15 12:00:00,40.690461168490074,-73.95766746519429,City_Street,40,33.3,0.168,Low,26.4,25,2.8,0.0,11.2,Clear,1,0
2026-02-15 12:15:00,40.69832311668031,-73.9620592229705,Residential,30,23.3,0.223,Low,14.3,55,33.6,0.0,12.5,Clear,1,0
2026-02-15 12:30:00,40.69889245866489,-73.9555909599074,Arterial,60,40.6,0.323,Moderate,17.8,75,10.9,0.0,10.6,Clear,1,0
2026-02-15 12:45:00,40.70676890538168,-73.95770473421143,City_Street,40,33.9,0.153,Low,16.9,83,31.2,0.0,8.9,Clear,1,0
2026-02-15 13:00:00,40.71235971660677,-73.95709413342301,Arterial,60,32.7,0.455,Moderate,16.8,94,30.9,2.6,4.8,Rain,1,0
2026-02-15 13:15:00,40.70419447155975,-73.96893308650978,Arterial,60,47.6,0.207,Low,22.0,57,29.8,0.0,14.7,Clear,1,0
2026-02-15 13:30:00,40.697895976655666,-73.95514124538323,Highway,90,72.2,0.198,Low,9.6,59,21.8,0.0,11.0,Cloudy,1,0
2026-02-15 13:45:00,40.69142915909493,-73.95235053975115,Highway,90,73.8,0.18,Low,23.7,77,9.9,0.0,8.2,Clear,1,0
2026-02-15 14:00:00,40.70705652930774,-73.95961944592767,City_Street,40,33.9,0.153,Low,24.0,56,28.2,0.0,12.8,Clear,1,0
2026-02-15 14:15:00,40.69440790840657,-73.95591226944818,Residential,30,19.3,0.357,Moderate,18.4,56,19.7,0.0,14.0,Cloudy,1,0
2026-02-15 14:30:00,40.698739312155,-73.95602601408795,Residential,30,25.2,0.16,Low,14.5,76,15.8,0.0,13.4,Cloudy,1,0
2026-02-15 14:45:00,40.71660714717907,-73.96503705292413,Arterial,60,39.9,0.335,Moderate,20.1,63,26.7,0.0,14.9,Cloudy,1,0
2026-02-15 15:00:00,40.69651040448453,-73.94598800570743,Arterial,60,51.4,0.143,Low,9.2,80,16.5,0.0,13.7,Clear,1,0
2026-02-15 15:15:00,40.70166897485563,-73.95821095411793,Residential,30,19.4,0.353,Moderate,24.5,91,24.1,0.0,9.5,Clear,1,0
2026-02-15 15:30:00,40.689711750228646,-73.94735191441487,Residential,30,25.3,0.157,Low,26.2,77,32.5,0.0,11.8,Clear,1,0
2026-02-15 15:45:00,40.69889571371491,-73.95786235386056,Highway,90,41.5,0.539,Moderate,8.7,100,2.8,23.2,3.5,Heavy Rain,1,0
2026-02-15 16:00:00,40.704266120803,-73.96251619334984,Highway,90,51.7,0.426,Moderate,29.9,67,6.5,6.2,7.1,Rain,1,0
2026-02-15 16:15:00,40.70815928908165,-73.96076843407931,Highway,90,61.5,0.317,Moderate,13.3,73,6.1,0.0,11.7,Clear,1,0
2026-02-15 16:30:00,40.70498766828418,-73.96582681155586,City_Street,40,34.0,0.15,Low,17.0,70,3.4,0.0,8.5,Clear,1,0
2026-02-15 16:45:00,40.70811853097307,-73.96090371446795,City_Street,40,34.4,0.14,Low,13.6,62,12.8,0.0,13.9,Cloudy,1,0
2026-02-15 17:00:00,40.71234291390568,-73.96727643421774,Residential,30,19.5,0.35,Moderate,7.5,80,22.0,5.9,5.9,Rain,1,0
2026-02-15 17:15:00,40.7074877378611,-73.97418682550709,Residential,30,24.3,0.19,Low,18.8,62,18.4,0.0,8.5,Clear,1,0
2026-02-15 17:30:00,40.69663143075475,-73.93667416983807,Highway,90,70.9,0.212,Low,16.5,64,28.2,0.0,9.8,Cloudy,1,0
2026-02-15 17:45:00,40.69280184761262,-73.95651676228272,Residential,30,12.5,0.583,Heavy,11.1,65,23.9,9.5,2.7,Snow,1,0
2026-02-15 18:00:00,40.706899789503765,-73.93325779748493,Arterial,60,48.5,0.192,Low,20.5,63,10.8,0.0,10.9,Clear,1,0
2026-02-15 18:15:00,40.71405433980598,-73.9610753644275,Highway,90,60.5,0.328,Moderate,29.5,51,3.0,0.0,13.4,Cloudy,1,0
2026-02-15 18:30:00,40.71522852038896,-73.95746769700393,Highway,90,53.3,0.408,Moderate,12.2,65,19.3,0.0,0.5,Fog,1,0
2026-02-15 18:45:00,40.71427325439982,-73.94819834196633,Highway,90,63.4,0.296,Moderate,17.9,63,13.5,0.0,14.1,Clear,1,0
2026-02-15 19:00:00,40.710775410363794,-73.96720801357564,Residential,30,19.2,0.36,Moderate,19.6,71,27.6,2.4,6.6,Rain,1,0
2026-02-15 19:15:00,40.71215336350321,-73.94082803057887,City_Street,40,30.7,0.233,Low,22.1,35,7.8,0.0,9.2,Clear,1,0
2026-02-15 19:30:00,40.70812876600317,-73.9404812760542,City_Street,40,39.4,0.015,Low,19.6,84,17.5,0.0,12.4,Clear,1,0
2026-02-15 19:45:00,40.717439523302765,-73.96126342286787,City_Street,40,37.4,0.065,Low,16.3,59,22.9,0.0,8.6,Clear,1,0
2026-02-15 20:00:00,40.72406280508229,-73.95996126522533,Arterial,60,57.1,0.048,Low,23.6,59,2.6,0.0,10.1,Clear,1,0
2026-02-15 20:15:00,40.705860440003384,-73.96408585704717,City_Street,40,27.6,0.31,Moderate,11.4,75,20.2,1.0,4.2,Rain,1,0
2026-02-15 20:30:00,40.717206104906374,-73.96065082102645,Highway,90,75.6,0.16,Low,21.3,65,7.7,0.0,12.2,Clear,1,0
2026-02-15 20:45:00,40.722455531793514,-73.95962390398142,Arterial,60,47.5,0.208,Low,22.7,45,15.6,0.0,15.0,Cloudy,1,0
2026-02-15 21:00:00,40.72258852616451,-73.95903495058856,Highway,90,90.0,0.0,Low,21.7,60,23.2,0.0,12.9,Cloudy,1,0
2026-02-15 21:15:00,40.72292215714719,-73.95891550762687,Arterial,60,59.1,0.015,Low,24.4,61,34.5,0.0,9.5,Cloudy,1,0
2026-02-15 21:30:00,40.711107087462175,-73.95410505945863,Highway,90,78.8,0.124,Low,28.2,45,21.2,0.0,8.4,Clear,1,0
2026-02-15 21:45:00,40.72046839548992,-73.95425485782451,Highway,90,63.9,0.29,Moderate,20.9,55,22.1,6.8,4.7,Rain,1,0
2026-02-15 22:00:00,40.72064446367055,-73.94215751964451,Highway,90,87.2,0.031,Low,14.6,59,34.5,0.0,9.8,Clear,1,0
2026-02-15 22:15:00,40.703857349680725,-73.95259636295334,Arterial,60,60.0,0.0,Low,21.3,80,19.1,0.0,14.5,Clear,1,0
2026-02-15 22:30:00,40.71678339304831,-73.97598108160912,City_Street,40,39.2,0.02,Low,27.6,73,13.3,0.0,11.2,Cloudy,1,0
2026-02-15 22:45:00,40.72686676679251,-73.97730429981232,Residential,30,21.1,0.297,Moderate,23.1,59,10.4,6.8,7.4,Rain,1,0
2026-02-15 23:00:00,40.72504080585361,-73.95942767197724,Highway,90,53.1,0.41,Moderate,15.8,100,6.3,18.5,3.8,Heavy Rain,1,0
2026-02-15 23:15:00,40.71873376300409,-73.96763242252116,Residential,30,24.1,0.197,Low,13.2,67,4.8,4.5,5.9,Rain,1,0
2026-02-15 23:30:00,40.726959932220204,-73.96626697257537,Residential,30,29.9,0.003,Low,20.1,39,21.2,0.0,12.1,Clear,1,0
2026-02-15 23:45:00,,,Residential,30,23.5,0.217,Low,21.9,52,13.2,0.0,10.9,Cloudy,1,0
2026-02-16 00:00:00,40.72126398364076,-73.95545971671511,City_Street,40,35.2,0.12,Low,19.5,66,10.3,0.0,8.8,Clear,0,0
2026-02-16 00:15:00,40.725335303538394,-73.95050507788693,Highway,90,75.3,0.163,Low,21.9,60,3.3,0.0,11.6,Cloudy,0,0
2026-02-16 00:30:00,40.712312173937356,-73.95365644559712,City_Street,40,39.8,0.005,Low,29.4,75,4.1,0.0,13.1,Clear,0,0
2026-02-16 00:45:00,40.71975457995724,-73.95039005381535,City_Street,40,22.9,0.427,Moderate,23.6,46,7.2,0.0,1.1,Fog,0,0
2026-02-16 01:00:00,40.72331580669398,-73.94593201929517,Arterial,60,48.5,0.192,Low,26.9,53,16.3,0.0,8.1,Cloudy,0,0
2026-02-16 01:15:00,40.722904983202206,-73.95016803028932,Residential,30,16.5,0.45,Moderate,10.6,83,9.6,10.4,3.4,Heavy Rain,0,0
2026-02-16 01:30:00,40.720980366046426,-73.94660397811985,Highway,90,64.7,0.281,Moderate,3.8,70,31.2,3.4,4.8,Rain,0,0
2026-02-16 01:45:00,40.732190789300866,-73.95342263743292,Arterial,60,56.6,0.057,Low,23.2,70,12.7,0.0,10.3,Cloudy,0,0
2026-02-16 02:00:00,40.71260746088678,-73.96227159443981,Arterial,60,41.4,0.31,Moderate,20.2,65,7.6,1.2,7.0,Rain,0,0
2026-02-16 02:15:00,40.74051827816984,-73.95916904099579,City_Street,40,37.7,0.057,Low,16.8,58,33.7,0.0,12.9,Clear,0,0
2026-02-16 02:30:00,40.74485559546209,-73.96101637523738,City_Street,40,32.1,0.198,Low,22.6,59,31.3,0.0,13.9,Clear,0,0
2026-02-16 02:45:00,40.72447841473484,-73.96370767669924,City_Street,40,31.0,0.225,Low,18.2,74,18.1,0.0,9.5,Clear,0,0
2026-02-16 03:00:00,40.739395907852526,-73.96017805873262,City_Street,40,36.5,0.088,Low,22.7,58,6.1,0.0,13.6,Clear,0,0
2026-02-16 03:15:00,40.729359554138455,-73.95288405851956,Highway,90,64.7,0.281,Moderate,18.7,96,19.1,5.8,6.5,Rain,0,0
2026-02-16 03:30:00,40.74474207204257,-73.96277519473449,City_Street,40,31.3,0.218,Low,22.6,67,8.7,0.0,13.9,Cloudy,0,0
2026-02-16 03:45:00,40.73609774255998,-73.96713813734388,Residential,30,25.5,0.15,Low,21.2,59,13.6,0.0,14.5,Clear,0,0
2026-02-16 04:00:00,40.7277064066445,-73.96734491696537,City_Street,40,39.2,0.02,Low,21.4,60,5.3,0.0,9.2,Clear,0,0
2026-02-16 04:15:00,40.72198299309403,-73.9548364952635,Highway,90,77.0,0.144,Low,16.2,62,4.9,0.0,11.6,Clear,0,0
2026-02-16 04:30:00,40.722775331247256,-73.95719943358952,City_Street,40,28.9,0.278,Moderate,22.9,24,27.9,0.0,0.8,Fog,0,0
2026-02-16 04:45:00,40.73636247797669,-73.95722198857293,City_Street,40,33.0,0.175,Low,19.3,60,10.5,0.0,10.5,Clear,0,0
2026-02-16 05:00:00,40.732003347302175,-73.95807739376548,Arterial,60,40.5,0.325,Moderate,9.9,61,31.1,7.7,7.8,Rain,0,0
2026-02-16 05:15:00,40.72785709245979,-73.96774238676795,Residential,30,17.3,0.423,Moderate,23.7,46,32.7,0.0,0.7,Fog,0,0
2026-02-16 05:30:00,40.71949768881139,-73.95790497759674,City_Street,40,35.7,0.107,Low,13.2,74,22.4,0.0,13.0,Clear,0,0
2026-02-16 05:45:00,40.72432941984369,-73.96200495481767,Highway,90,74.2,0.176,Low,12.8,63,7.6,5.8,5.1,Rain,0,0
2026-02-16 06:00:00,40.7304249076049,-73.9680019205345,Highway,90,69.3,0.23,Low,16.3,55,3.5,0.0,13.5,Clear,0,0
2026-02-16 06:15:00,40.739313566678646,-73.96859001149694,Arterial,60,39.7,0.338,Moderate,15.7,44,18.1,1.6,7.2,Rain,0,0
2026-02-16 06:30:00,40.74020662111703,-73.96957755411064,Residential,30,25.7,0.143,Low,14.6,77,6.2,0.0,11.8,Clear,0,0
2026-02-16 06:45:00,40.729049617430825,-73.96992341481028,City_Street,40,39.3,0.018,Low,30.0,71,33.0,0.0,13.3,Cloudy,0,0
2026-02-16 07:00:00,40.731968517120386,-73.967086067946,Highway,90,35.1,0.61,Heavy,15.0,73,21.4,7.9,7.4,Rain,0,1
2026-02-16 07:15:00,40.74296288430436,-73.96663410283243,Arterial,60,23.0,0.617,Heavy,18.9,58,33.1,0.0,12.6,Cloudy,0,1
2026-02-16 07:30:00,40.73129913399825,-73.95722865351348,Arterial,60,28.9,0.518,Moderate,34.3,45,23.4,0.0,13.9,Clear,0,1
2026-02-16 07:45:00,40.730955675100944,-73.97232752925795,Arterial,60,19.1,0.682,Heavy,18.2,57,23.3,4.3,5.9,Rain,0,1
2026-02-16 08:00:00,40.74469867404989,-73.94926306122764,Highway,90,17.3,0.808,Severe,19.8,73,13.5,9.0,0.8,Snow,0,1
2026-02-16 08:15:00,40.73449523432468,-73.96612237312087,Highway,90,35.2,0.609,Heavy,19.1,70,8.3,0.0,13.3,Cloudy,0,1
2026-02-16 08:30:00,40.737206089949716,-73.96213862511433,Highway,90,25.2,0.72,Heavy,21.6,46,16.6,0.0,0.5,Fog,0,1
2026-02-16 08:45:00,40.7396164078072,-73.95397735832516,Residential,30,14.5,0.517,Moderate,18.0,60,19.6,0.0,12.3,Clear,0,1
2026-02-16 09:00:00,40.73376086391679,-73.96305981193164,Highway,90,44.3,0.508,Moderate,18.2,73,19.5,0.0,9.3,Clear,0,1
2026-02-16 09:15:00,40.74948027332513,-73.96928642152635,Arterial,60,24.2,0.597,Heavy,18.1,53,28.8,3.0,5.1,Rain,0,1
2026-02-16 09:30:00,40.734998662128866,-73.97057344286617,Arterial,60,18.9,0.685,Heavy,18.7,94,29.5,5.1,4.6,Rain,0,1
2026-02-16 09:45:00,40.73560349679685,-73.97310577427683,City_Street,40,9.5,0.762,Heavy,19.3,67,8.4,7.3,1.1,Snow,0,1
2026-02-16 10:00:00,40.757066997066254,-73.96769998809017,Highway,90,90.0,0.0,Low,23.2,69,8.3,0.0,13.8,Clear,0,0
2026-02-16 10:15:00,40.73746727916861,-73.96194826441238,Arterial,60,46.0,0.233,Low,15.6,68,23.8,0.0,14.0,Cloudy,0,0
2026-02-16 10:30:00,40.746738530572586,-73.9610594302611,Highway,90,87.4,0.029,Low,20.3,45,24.6,0.0,8.8,Cloudy,0,0
2026-02-16 10:45:00,40.73410200233033,-73.94920454085296,Highway,90,83.8,0.069,Low,19.8,37,9.7,0.0,10.0,Clear,0,0
2026-02-16 11:00:00,40.736985766279254,-73.97166224542501,Residential,30,27.8,0.073,Low,13.0,51,17.0,0.0,8.9,Cloudy,0,0
2026-02-16 11:15:00,40.75544545335152,-73.97582356816012,Residential,30,23.5,0.217,Low,21.6,41,8.1,0.0,14.8,Clear,0,0
2026-02-16 11:30:00,40.73744664329575,-73.96999706129722,Arterial,60,45.3,0.245,Low,19.3,100,26.5,4.3,6.1,Rain,0,0
2026-02-16 11:45:00,40.750186378336444,-73.95981172676575,Residential,30,30.0,0.0,Low,25.4,60,12.5,0.0,8.2,Cloudy,0,0
2026-02-16 12:00:00,40.7309179650547,-73.96475042601121,Arterial,60,57.3,0.045,Low,17.2,44,19.4,0.0,14.8,Clear,0,0
2026-02-16 12:15:00,40.736893580679876,-73.96054513985209,City_Street,40,32.2,0.195,Low,9.2,41,13.2,3.5,4.6,Rain,0,0
2026-02-16 12:30:00,40.74782027150528,-73.98360690392231,Highway,90,69.6,0.227,Low,28.6,57,33.0,0.0,11.0,Clear,0,0
2026-02-16 12:45:00,40.75509847227671,-73.97109396242702,Residential,30,24.9,0.17,Low,20.8,37,12.3,0.0,12.8,Clear,0,0
2026-02-16 13:00:00,40.750153391801334,-73.96216129341671,City_Street,40,33.1,0.172,Low,21.0,68,21.2,1.2,7.0,Rain,0,0
2026-02-16 13:15:00,40.75879254722871,-73.98972759870615,Arterial,60,34.5,0.425,Moderate,17.5,48,7.4,8.0,2.2,Heavy Rain,0,0
2026-02-16 13:30:00,40.73996605738039,-73.96942818578512,Highway,90,43.3,0.519,Moderate,19.5,78,14.8,3.3,1.9,Snow,0,0
2026-02-16 13:45:00,40.74169042951348,-73.97990111433963,Arterial,60,46.2,0.23,Low,19.0,52,19.8,0.0,8.6,Clear,0,0
2026-02-16 14:00:00,40.73204475408795,-73.96766081258919,City_Street,40,30.9,0.228,Low,14.9,80,33.7,0.0,12.9,Cloudy,0,0
2026-02-16 14:15:00,40.75085666146545,-73.96446359406782,Arterial,60,34.2,0.43,Moderate,16.3,99,16.6,20.1,2.1,Heavy Rain,0,0
2026-02-16 14:30:00,40.74212614226521,-73.97371025714135,Arterial,60,39.2,0.347,Moderate,12.7,74,27.3,5.3,7.5,Rain,0,0
2026-02-16 14:45:00,40.74666480270837,-73.97657338493076,Residential,30,25.6,0.147,Low,25.6,34,7.6,0.0,14.8,Clear,0,0
2026-02-16 15:00:00,40.750815804976064,-73.96562816643997,Arterial,60,24.1,0.598,Heavy,17.0,67,34.3,10.1,1.1,Snow,0,0
2026-02-16 15:15:00,40.735738121104525,-73.97810214202262,Residential,30,29.1,0.03,Low,16.2,53,11.1,0.0,8.9,Clear,0,0
2026-02-16 15:30:00,40.74259704882947,-73.96029906218867,Highway,90,71.9,0.201,Low,19.2,32,2.5,0.0,8.7,Clear,0,0
2026-02-16 15:45:00,40.7452675310402,-73.94510462437931,Residential,30,27.1,0.097,Low,19.1,70,13.1,0.0,9.5,Cloudy,0,0
2026-02-16 16:00:00,40.7442387242868,-73.97036092963543,Highway,90,69.1,0.232,Low,19.3,54,7.3,0.0,10.9,Cloudy,0,0
2026-02-16 16:15:00,40.75360554542245,-73.9764278849986,Arterial,60,39.1,0.348,Moderate,13.2,48,34.5,2.0,5.1,Rain,0,0
2026-02-16 16:30:00,40.75371558465187,-73.97243230290881,Arterial,60,42.2,0.297,Moderate,10.7,51,25.9,1.8,7.5,Rain,0,0
2026-02-16 16:45:00,40.744728950170035,-73.98672950613201,City_Street,40,34.3,0.143,Low,16.9,83,11.6,0.0,8.0,Clear,0,0
2026-02-16 17:00:00,,,Highway,90,37.1,0.588,Heavy,17.9,70,6.6,0.0,10.2,Clear,0,1
2026-02-16 17:15:00,40.76208940970028,-73.98489356712643,Arterial,60,25.3,0.578,Heavy,27.5,69,7.4,0.0,10.5,Clear,0,1
2026-02-16 17:30:00,40.74794181666143,-73.9656264250002,Highway,90,25.4,0.718,Heavy,15.2,50,28.8,0.0,0.6,Fog,0,1
2026-02-16 17:45:00,40.76814068714165,-73.98021874410632,Arterial,60,24.0,0.6,Heavy,17.6,49,7.7,0.0,13.3,Clear,0,1
2026-02-16 18:00:00,40.74398032817545,-73.97868451256116,Highway,90,20.5,0.772,Heavy,16.4,81,12.3,3.9,2.7,Snow,0,1
2026-02-16 18:15:00,40.753970345047826,-73.96478019570473,Residential,30,7.7,0.743,Heavy,21.7,72,27.1,3.5,2.5,Snow,0,1
2026-02-16 18:30:00,40.75705710798864,-73.97570624201806,Residential,30,13.7,0.543,Moderate,18.2,76,17.9,0.0,8.5,Clear,0,1
2026-02-16 18:45:00,40.747509153614565,-73.97664711759138,City_Street,40,13.7,0.657,Heavy,23.9,59,31.3,0.0,0.7,Fog,0,1
2026-02-16 19:00:00,40.741113022772225,-73.96153699406804,Arterial,60,29.0,0.517,Moderate,27.0,65,15.8,0.0,11.0,Cloudy,0,1
2026-02-16 19:15:00,40.74394971956455,-73.97860405233152,Residential,30,7.7,0.743,Heavy,13.2,86,6.3,7.9,1.8,Snow,0,1
2026-02-16 19:30:00,40.74624048005311,-73.97680902536558,Highway,90,35.0,0.611,Heavy,14.0,78,16.2,0.0,13.2,Clear,0,1
2026-02-16 19:45:00,40.74582008279295,-73.97119710487304,Residential,30,12.9,0.57,Heavy,21.7,45,7.2,0.0,12.4,Clear,0,1
2026-02-16 20:00:00,40.73825203947652,-73.96993667153502,Arterial,60,53.2,0.113,Low,25.0,45,21.8,0.0,9.5,Clear,0,0
2026-02-16 20:15:00,40.759037411205384,-73.9762120754735,Arterial,60,29.0,0.517,Moderate,9.7,75,19.8,7.2,2.7,Snow,0,0
2026-02-16 20:30:00,40.75174137593418,-73.9642342543334,City_Street,40,17.4,0.565,Heavy,14.7,52,22.0,9.6,2.8,Snow,0,0
2026-02-16 20:45:00,40.74647869381862,-73.96975725865585,Residential,30,20.4,0.32,Moderate,16.7,74,5.7,5.1,5.9,Rain,0,0
2026-02-16 21:00:00,40.74346044415305,-73.99099390822208,Highway,90,87.8,0.024,Low,17.9,53,16.5,0.0,13.1,Cloudy,0,0
2026-02-16 21:15:00,40.75701083575888,-73.98045033694119,Highway,90,67.0,0.256,Moderate,19.2,48,16.4,4.4,6.5,Rain,0,0
2026-02-16 21:30:00,40.74684295367283,-73.98117781165614,City_Street,40,24.5,0.387,Moderate,8.6,90,22.2,9.3,1.2,Heavy Rain,0,0
2026-02-16 21:45:00,40.74800970384371,-73.98479482679208,Highway,90,89.5,0.006,Low,14.9,61,3.2,0.0,10.5,Cloudy,0,0
2026-02-16 22:00:00,40.76063290802364,-73.97983721133706,Arterial,60,48.4,0.193,Low,24.1,26,22.7,0.0,14.8,Clear,0,0
2026-02-16 22:15:00,40.75781520316432,-73.97465238203317,Arterial,60,50.7,0.155,Low,11.3,83,26.0,0.0,10.4,Clear,0,0
2026-02-16 22:30:00,40.76791820004736,-73.98455012365038,City_Street,40,35.7,0.107,Low,22.1,34,30.4,0.0,8.3,Clear,0,0
2026-02-16 22:45:00,40.749878948002674,-73.98179261012774,Residential,30,26.6,0.113,Low,22.8,54,26.6,0.0,9.8,Clear,0,0
2026-02-16 23:00:00,40.75072032115618,-73.99784478855418,Arterial,60,58.0,0.033,Low,13.0,59,19.6,0.0,8.7,Clear,0,0
2026-02-16 23:15:00,40.75894187300506,-73.98365468635478,Arterial,60,47.6,0.207,Low,13.5,35,13.4,2.3,6.7,Rain,0,0
2026-02-16 23:30:00,40.76454313696917,-73.97522982172616,Highway,90,80.3,0.108,Low,22.7,61,21.5,0.0,11.6,Cloudy,0,0
2026-02-16 23:45:00,40.76457763094497,-73.96060689706127,Highway,90,74.2,0.176,Low,20.8,38,21.1,0.0,13.3,Clear,0,0
2026-02-17 00:00:00,40.760770130823694,-73.98645390701016,Highway,90,90.0,0.0,Low,25.5,49,4.9,0.0,13.3,Clear,0,0
2026-02-17 00:15:00,40.759636071498676,-73.987891634037,Arterial,60,30.4,0.493,Moderate,12.0,67,13.2,7.9,1.2,Snow,0,0
2026-02-17 00:30:00,40.74727753658747,-73.99456354551116,Highway,90,57.4,0.362,Moderate,11.7,53,28.5,0.0,0.6,Fog,0,0
2026-02-17 00:45:00,40.77111531524049,-73.98086546124887,Arterial,60,51.2,0.147,Low,14.7,54,9.1,0.0,13.3,Clear,0,0
2026-02-17 01:00:00,40.742973058165916,-73.97911371583423,Residential,30,23.2,0.227,Low,18.7,49,22.9,0.0,15.0,Clear,0,0
2026-02-17 01:15:00,40.753465475802074,-73.98311523731483,Residential,30,25.2,0.16,Low,24.9,72,6.2,0.0,11.5,Clear,0,0
2026-02-17 01:30:00,40.75339721253981,-73.9836224162603,Highway,90,81.2,0.098,Low,18.5,63,26.7,0.0,11.4,Clear,0,0
2026-02-17 01:45:00,40.76633396291338,-73.99407927710719,City_Street,40,36.1,0.097,Low,21.5,61,24.8,0.0,14.2,Clear,0,0
2026-02-17 02:00:00,40.78006382301508,-73.99319164788328,Arterial,60,50.5,0.158,Low,19.4,42,21.0,0.0,8.5,Cloudy,0,0
2026-02-17 02:15:00,40.77280533028352,-73.98925089985791,City_Street,40,39.3,0.018,Low,26.2,78,5.4,0.0,9.7,Clear,0,0
2026-02-17 02:30:00,40.758953525065465,-74.00443236748568,City_Street,40,40.0,0.0,Low,23.3,51,31.5,0.0,12.6,Clear,0,0
2026-02-17 02:45:00,40.751975375101416,-73.99490815335874,Arterial,60,49.1,0.182,Low,10.3,72,31.2,5.0,6.5,Rain,0,0
2026-02-17 03:00:00,40.754852807403445,-73.99478402438166,Residential,30,27.5,0.083,Low,21.9,65,21.0,0.0,14.0,Cloudy,0,0
2026-02-17 03:15:00,40.7678330252903,-73.9882996652859,Arterial,60,48.7,0.188,Low,21.7,64,22.8,0.0,9.0,Clear,0,0
2026-02-17 03:30:00,40.752077720431274,-73.98674027424839,Highway,90,72.9,0.19,Low,25.7,69,26.6,0.0,10.1,Clear,0,0
2026-02-17 03:45:00,40.76453093960653,-73.97870948200038,City_Street,40,29.9,0.253,Moderate,17.5,70,32.5,7.5,5.4,Rain,0,0
2026-02-17 04:00:00,40.75999677076749,-73.99217908334514,City_Street,40,40.0,0.0,Low,20.5,59,23.6,0.0,13.9,Cloudy,0,0
2026-02-17 04:15:00,40.775527777800356,-73.9959075439888,Highway,90,81.5,0.094,Low,25.9,62,8.7,0.0,8.1,Clear,0,0
2026-02-17 04:30:00,40.76364660803942,-73.98110341019641,Highway,90,82.7,0.081,Low,25.2,43,29.1,0.0,12.2,Clear,0,0
2026-02-17 04:45:00,40.769835501265185,-73.99269489653103,City_Street,40,34.9,0.128,Low,28.2,51,2.0,0.0,11.0,Cloudy,0,0
2026-02-17 05:00:00,40.74652934831987,-73.99456034246928,Residential,30,12.3,0.59,Heavy,16.3,80,31.3,9.3,0.7,Snow,0,0
2026-02-17 05:15:00,40.75487686515232,-73.9996714715701,Arterial,60,40.6,0.323,Moderate,23.1,59,29.1,4.4,4.3,Rain,0,0
2026-02-17 05:30:00,40.77453141085382,-74.00787693810958,Residential,30,27.2,0.093,Low,18.0,48,23.3,0.0,12.7,Cloudy,0,0
2026-02-17 05:45:00,40.745865424714815,-74.01302874459365,Residential,30,26.3,0.123,Low,23.8,68,19.1,0.0,14.4,Clear,0,0
2026-02-17 06:00:00,40.764364744525786,-74.00109417290669,Arterial,60,54.9,0.085,Low,14.7,31,3.0,0.0,13.6,Clear,0,0
2026-02-17 06:15:00,40.761522346959,-74.00644513435167,Highway,90,71.8,0.202,Low,23.8,38,34.0,0.0,12.2,Clear,0,0
2026-02-17 06:30:00,40.77372466238068,-73.99613174628179,Arterial,60,47.0,0.217,Low,21.9,49,10.1,0.0,8.1,Clear,0,0
2026-02-17 06:45:00,40.76508060568337,-73.99327316339281,Residential,30,30.0,0.0,Low,29.8,38,23.5,0.0,14.3,Cloudy,0,0
2026-02-17 07:00:00,40.756558088029244,-73.99939492096736,Highway,90,21.8,0.758,Heavy,22.3,84,26.3,19.0,1.5,Heavy Rain,0,1
2026-02-17 07:15:00,,,Residential,30,13.1,0.563,Heavy,13.8,53,20.4,0.0,12.2,Clear,0,1
2026-02-17 07:30:00,40.74395636906083,-73.99938566022273,City_Street,40,20.4,0.49,Moderate,19.0,53,14.7,0.0,12.5,Clear,0,1
2026-02-17 07:45:00,40.75882381558994,-73.9980372350797,Arterial,60,29.2,0.513,Moderate,13.6,64,27.3,0.0,11.0,Cloudy,0,1
2026-02-17 08:00:00,40.77428593148819,-74.0134033423774,Arterial,60,27.0,0.55,Heavy,19.2,42,32.6,0.0,10.0,Cloudy,0,1
2026-02-17 08:15:00,40.763466795870336,-73.99504955799746,Highway,90,24.3,0.73,Heavy,16.0,71,28.2,9.9,3.5,Heavy Rain,0,1
2026-02-17 08:30:00,40.77055395197827,-74.00435537728966,City_Street,40,19.5,0.512,Moderate,18.8,36,7.1,0.0,13.2,Clear,0,1
2026-02-17 08:45:00,40.759725549014,-74.0233711682406,Highway,90,42.8,0.524,Moderate,23.8,56,29.5,0.0,11.9,Cloudy,0,1
2026-02-17 09:00:00,40.7741596946486,-74.00288776655655,Arterial,60,26.1,0.565,Heavy,20.0,77,10.3,0.0,13.9,Clear,0,1
2026-02-17 09:15:00,40.772002296695575,-74.0162967256097,Arterial,60,28.9,0.518,Moderate,28.8,59,17.0,0.0,12.6,Clear,0,1
2026-02-17 09:30:00,40.765882860720936,-74.00989542020743,City_Street,40,20.4,0.49,Moderate,11.3,41,16.1,0.0,8.3,Clear,0,1
2026-02-17 09:45:00,40.75166623152215,-74.0074125756903,Arterial,60,24.6,0.59,Heavy,10.7,47,34.2,0.0,12.9,Clear,0,1
2026-02-17 10:00:00,40.7666446699438,-73.98335000220216,Residential,30,20.0,0.333,Moderate,17.3,54,33.8,7.2,5.3,Rain,0,0
2026-02-17 10:15:00,40.75724609518188,-73.999364763286,Residential,30,24.1,0.197,Low,20.7,37,8.6,0.0,12.3,Cloudy,0,0
2026-02-17 10:30:00,40.76816109474413,-74.00736393456208,Highway,90,65.6,0.271,Moderate,8.8,58,6.0,1.8,4.9,Rain,0,0
2026-02-17 10:45:00,40.758638220784654,-73.9932676520797,Arterial,60,46.6,0.223,Low,18.5,76,8.4,7.3,4.2,Rain,0,0
2026-02-17 11:00:00,,,Highway,90,76.2,0.153,Low,13.8,56,13.6,0.0,14.8,Cloudy,0,0
2026-02-17 11:15:00,40.76344521704439,-74.01059792503769,City_Street,40,26.4,0.34,Moderate,23.4,71,34.6,7.3,5.4,Rain,0,0
2026-02-17 11:30:00,40.77260731837442,-74.01563977803664,City_Street,40,33.5,0.162,Low,13.7,42,20.0,0.0,14.1,Cloudy,0,0
2026-02-17 11:45:00,40.75227623163698,-73.99431336800964,Residential,30,28.4,0.053,Low,20.7,97,8.9,0.0,12.9,Cloudy,0,0
2026-02-17 12:00:00,40.765095596481615,-74.0092142601984,Residential,30,25.4,0.153,Low,21.4,67,34.1,0.0,11.0,Cloudy,0,0
2026-02-17 12:15:00,40.76952456163407,-74.02810001946752,Residential,30,30.0,0.0,Low,9.9,65,14.0,0.0,14.6,Clear,0,0
2026-02-17 12:30:00,40.766592955650104,-74.01014893738424,Highway,90,82.4,0.084,Low,21.2,53,33.0,0.0,9.0,Clear,0,0
2026-02-17 12:45:00,40.76899505965608,-74.01485793882878,Arterial,60,50.0,0.167,Low,19.6,54,11.1,0.0,9.2,Cloudy,0,0
2026-02-17 13:00:00,40.77405697439337,-74.02223796611379,City_Street,40,32.7,0.182,Low,14.3,56,18.4,0.0,13.5,Cloudy,0,0
2026-02-17 13:15:00,40.78356045901756,-74.01170865661489,Arterial,60,58.0,0.033,Low,21.7,81,27.2,0.0,10.2,Clear,0,0
2026-02-17 13:30:00,40.76547621289523,-74.00696321740374,City_Street,40,37.4,0.065,Low,26.6,64,29.4,0.0,9.3,Clear,0,0
2026-02-17 13:45:00,40.770715086603076,-74.02446884276021,Highway,90,82.3,0.086,Low,26.1,90,23.3,0.0,9.4,Clear,0,0
2026-02-17 14:00:00,40.76763367094679,-74.00972186622724,Residential,30,29.4,0.02,Low,27.8,49,3.1,0.0,14.2,Clear,0,0
2026-02-17 14:15:00,40.758130941326186,-74.02003871861747,Residential,30,21.5,0.283,Moderate,14.6,65,25.5,1.1,6.5,Rain,0,0
2026-02-17 14:30:00,,,Arterial,60,29.9,0.502,Moderate,15.3,66,11.9,9.0,1.9,Snow,0,0
2026-02-17 14:45:00,40.75445432158693,-74.00816883171363,Highway,90,88.1,0.021,Low,21.4,62,13.6,0.0,13.0,Cloudy,0,0
2026-02-17 15:00:00,40.75951459705319,-74.01756288200858,City_Street,40,27.5,0.312,Moderate,8.2,82,25.3,7.7,6.9,Rain,0,0
2026-02-17 15:15:00,40.76038202720851,-73.9999969008486,Residential,30,25.4,0.153,Low,19.6,43,26.9,0.0,14.8,Cloudy,0,0
2026-02-17 15:30:00,40.762953680732025,-74.00818886257456,Highway,90,76.7,0.148,Low,25.6,66,8.3,0.0,11.1,Clear,0,0
2026-02-17 15:45:00,40.77444760093172,-74.02752849142898,Residential,30,19.5,0.35,Moderate,22.3,51,20.4,0.0,0.6,Fog,0,0
2026-02-17 16:00:00,40.75563818714179,-74.01625440367002,Highway,90,81.2,0.098,Low,24.4,75,30.3,0.0,11.3,Clear,0,0
2026-02-17 16:15:00,40.755374180520285,-74.00884531244623,Arterial,60,36.3,0.395,Moderate,10.2,100,13.7,12.8,2.4,Heavy Rain,0,0
2026-02-17 16:30:00,40.74199470301238,-74.0274066827373,Highway,90,90.0,0.0,Low,13.7,58,14.4,0.0,11.4,Cloudy,0,0
2026-02-17 16:45:00,40.760684637556274,-74.00500695948313,Arterial,60,47.2,0.213,Low,19.5,88,14.2,0.0,12.3,Clear,0,0
2026-02-17 17:00:00,40.75959183811053,-74.00593527524826,Arterial,60,19.6,0.673,Heavy,11.1,77,24.0,5.2,6.6,Rain,0,1
2026-02-17 17:15:00,40.75933831906218,-74.01350622451487,City_Street,40,16.5,0.588,Heavy,10.6,66,5.5,7.6,7.7,Rain,0,1
2026-02-17 17:30:00,40.75385769685132,-74.0241251586826,Highway,90,37.9,0.579,Heavy,8.8,88,4.8,4.5,6.2,Rain,0,1
2026-02-17 17:45:00,40.75568480131819,-74.01814650488234,Arterial,60,22.3,0.628,Heavy,12.2,54,15.4,2.8,7.8,Rain,0,1
2026-02-17 18:00:00,40.77126603699183,-74.03391029217701,City_Street,40,11.3,0.718,Heavy,21.6,74,17.4,12.1,3.0,Heavy Rain,0,1
2026-02-17 18:15:00,40.775925119537845,-74.01896879538891,Highway,90,30.9,0.657,Heavy,16.2,69,15.6,2.8,7.2,Rain,0,1
2026-02-17 18:30:00,40.759345784009405,-74.0152776452678,Highway,90,38.2,0.576,Heavy,25.4,50,15.4,0.0,14.0,Clear,0,1
2026-02-17 18:45:00,40.77292238026301,-74.0108029025185,Arterial,60,25.8,0.57,Heavy,15.4,37,10.3,0.0,9.9,Clear,0,1
2026-02-17 19:00:00,40.763397878800355,-74.02367345370818,City_Street,40,9.9,0.752,Heavy,19.4,83,18.1,15.7,1.1,Heavy Rain,0,1
2026-02-17 19:15:00,40.764483222953075,-74.03022751463728,City_Street,40,13.5,0.662,Heavy,23.7,74,12.6,2.6,6.8,Rain,0,1
2026-02-17 19:30:00,40.76742483290416,-74.01931146769857,City_Street,40,16.7,0.583,Heavy,19.0,46,14.6,0.0,9.5,Clear,0,1
2026-02-17 19:45:00,40.76725074173301,-74.01537624430809,Residential,30,11.9,0.603,Heavy,19.1,46,23.8,0.0,14.0,Cloudy,0,1
2026-02-17 20:00:00,40.74958018431746,-74.01224563315678,Residential,30,21.5,0.283,Moderate,14.6,65,16.7,4.4,5.2,Rain,0,0
2026-02-17 20:15:00,,,Highway,90,72.0,0.2,Low,25.6,49,14.6,0.0,8.7,Clear,0,0
2026-02-17 20:30:00,40.76173550588332,-74.0187014800272,City_Street,40,21.1,0.472,Moderate,15.2,100,6.2,24.2,3.5,Heavy Rain,0,0
2026-02-17 20:45:00,40.770612426756536,-74.01672183402464,Residential,30,17.0,0.433,Moderate,16.8,100,19.9,24.5,2.5,Heavy Rain,0,0
2026-02-17 21:00:00,40.762913326824076,-74.02517996412003,Residential,30,25.5,0.15,Low,28.6,57,5.9,0.0,10.3,Clear,0,0
2026-02-17 21:15:00,40.78265932993,-74.02624907183299,City_Street,40,20.9,0.478,Moderate,10.9,100,4.7,19.7,3.9,Heavy Rain,0,0
2026-02-17 21:30:00,40.768037783108184,-74.02535985898395,Residential,30,24.5,0.183,Low,19.6,65,7.3,0.0,11.5,Cloudy,0,0
2026-02-17 21:45:00,40.762919366648646,-74.01509684058009,City_Street,40,40.0,0.0,Low,27.2,51,20.1,0.0,13.8,Cloudy,0,0
2026-02-17 22:00:00,40.75642796218552,-74.0374489777729,Highway,90,89.0,0.011,Low,19.0,53,26.5,0.0,11.7,Clear,0,0
2026-02-17 22:15:00,40.75323257649695,-74.03216543048124,City_Street,40,31.3,0.218,Low,15.1,76,23.6,0.0,12.9,Clear,0,0
2026-02-17 22:30:00,40.76298995727307,-74.03158747436007,Residential,30,22.1,0.263,Moderate,9.6,55,24.0,3.8,6.3,Rain,0,0
2026-02-17 22:45:00,40.755462668977174,-74.03701393515803,City_Street,40,31.6,0.21,Low,15.9,69,7.9,0.0,14.9,Cloudy,0,0
2026-02-17 23:00:00,40.75526317432131,-74.04151576645444,Highway,90,90.0,0.0,Low,17.5,20,6.3,0.0,10.2,Clear,0,0
2026-02-17 23:15:00,40.757130816097984,-74.04523260970264,Highway,90,82.8,0.08,Low,15.8,53,16.8,0.0,13.7,Clear,0,0
2026-02-17 23:30:00,40.763135516394385,-74.02882846099257,Arterial,60,51.9,0.135,Low,15.5,47,28.8,0.0,12.5,Clear,0,0
2026-02-17 23:45:00,40.74897910546637,-74.02314130353396,Arterial,60,47.2,0.213,Low,20.0,61,4.5,0.0,8.2,Clear,0,0
2026-02-18 00:00:00,40.75813427497582,-74.02859813633853,City_Street,40,25.1,0.372,Moderate,7.8,72,32.4,7.8,4.7,Rain,0,0
2026-02-18 00:15:00,40.75631936737709,-74.03589614168006,Highway,90,48.5,0.461,Moderate,21.5,72,23.3,0.0,1.2,Fog,0,0
2026-02-18 00:30:00,40.76139408783873,-74.02422030701977,City_Street,40,19.4,0.515,Moderate,15.4,100,7.5,17.1,2.2,Heavy Rain,0,0
2026-02-18 00:45:00,,,City_Street,40,28.7,0.282,Moderate,4.1,71,6.4,5.8,4.4,Rain,0,0
2026-02-18 01:00:00,40.74422317144613,-74.03571860234649,Highway,90,81.0,0.1,Low,22.5,53,2.4,0.0,12.6,Clear,0,0
2026-02-18 01:15:00,40.762728544100824,-74.03624768866906,City_Street,40,34.4,0.14,Low,12.1,54,34.5,0.0,10.8,Clear,0,0
2026-02-18 01:30:00,40.75696754984982,-74.0415459730658,City_Street,40,29.1,0.272,Moderate,10.8,91,18.6,6.4,6.6,Rain,0,0
2026-02-18 01:45:00,40.74366561337541,-74.01798895129595,City_Street,40,35.5,0.113,Low,24.6,30,34.9,0.0,10.0,Clear,0,0
2026-02-18 02:00:00,40.74743822851937,-74.04757393364939,Residential,30,27.9,0.07,Low,28.6,89,21.9,0.0,10.5,Clear,0,0
2026-02-18 02:15:00,40.75558025373941,-74.02658746236624,Highway,90,78.6,0.127,Low,14.3,58,19.6,0.0,13.2,Cloudy,0,0
2026-02-18 02:30:00,40.759743268889174,-74.04167134297434,Residential,30,27.3,0.09,Low,30.2,89,30.9,0.0,14.0,Cloudy,0,0
2026-02-18 02:45:00,40.75799930590252,-74.04217307846024,Residential,30,30.0,0.0,Low,21.4,47,13.0,0.0,10.6,Cloudy,0,0
2026-02-18 03:00:00,40.76474839142765,-74.0485950098912,Highway,90,77.3,0.141,Low,18.9,61,11.3,0.0,8.7,Cloudy,0,0
2026-02-18 03:15:00,40.75531720084817,-74.02301587351596,Residential,30,25.6,0.147,Low,16.7,75,5.8,0.0,12.3,Clear,0,0
2026-02-18 03:30:00,40.75183301875711,-74.03369913645165,Arterial,60,47.0,0.217,Low,19.2,70,16.2,3.0,6.1,Rain,0,0
2026-02-18 03:45:00,40.75147297089425,-74.02473988608621,Highway,90,85.6,0.049,Low,28.4,50,14.8,0.0,13.4,Clear,0,0
2026-02-18 04:00:00,40.76414640458289,-74.03666302551449,City_Street,40,17.3,0.568,Heavy,17.8,66,19.4,10.2,2.8,Snow,0,0
2026-02-18 04:15:00,40.750990397605044,-74.03736572267466,City_Street,40,23.5,0.412,Moderate,11.1,83,34.8,10.7,3.9,Heavy Rain,0,0
2026-02-18 04:30:00,40.74852313029103,-74.02727521504765,Residential,30,21.6,0.28,Moderate,8.1,74,30.2,3.3,4.4,Rain,0,0
2026-02-18 04:45:00,40.74112598122653,-74.04167861101247,City_Street,40,38.2,0.045,Low,27.8,57,19.5,0.0,10.2,Clear,0,0
2026-02-18 05:00:00,40.75571372381632,-74.04148482884207,City_Street,40,37.6,0.06,Low,8.8,62,27.7,0.0,9.6,Clear,0,0
2026-02-18 05:15:00,40.75509451870919,-74.04837854259381,Arterial,60,59.5,0.008,Low,14.7,39,13.5,0.0,10.8,Cloudy,0,0
2026-02-18 05:30:00,40.75119970875256,-74.0458756076829,City_Street,40,36.9,0.078,Low,12.6,59,4.3,0.0,8.5,Cloudy,0,0
2026-02-18 05:45:00,40.74805189901556,-74.02759227457855,Residential,30,26.1,0.13,Low,11.6,78,21.9,0.0,9.6,Clear,0,0
2026-02-18 06:00:00,40.77018441502537,-74.05019697718562,Arterial,60,59.6,0.007,Low,21.7,85,30.8,0.0,14.5,Clear,0,0
2026-02-18 06:15:00,40.75144150678643,-74.053029900001,City_Street,40,17.6,0.56,Heavy,15.3,80,33.8,9.1,1.6,Snow,0,0
2026-02-18 06:30:00,40.75784452266321,-74.0402418208422,Residential,30,25.8,0.14,Low,26.3,61,14.9,0.0,14.6,Clear,0,0
2026-02-18 06:45:00,40.755649428927754,-74.04060052036102,City_Street,40,33.6,0.16,Low,25.0,71,13.6,0.0,11.0,Clear,0,0
2026-02-18 07:00:00,40.75194151133674,-74.0590846290912,City_Street,40,20.0,0.5,Moderate,29.1,31,11.6,0.0,14.0,Clear,0,1
2026-02-18 07:15:00,40.74628971179481,-74.04352419183978,Residential,30,15.1,0.497,Moderate,14.9,72,21.8,0.0,12.6,Clear,0,1
2026-02-18 07:30:00,40.739275864034354,-74.04070842396507,Residential,30,13.9,0.537,Moderate,27.7,52,10.5,0.0,8.0,Clear,0,1
2026-02-18 07:45:00,40.7507017317299,-74.0467488485652,Residential,30,10.8,0.64,Heavy,11.5,69,32.6,5.9,4.6,Rain,0,1
2026-02-18 08:00:00,40.735370343916586,-74.02200088137815,City_Street,40,18.6,0.535,Moderate,20.9,72,21.2,0.0,13.3,Clear,0,1
2026-02-18 08:15:00,40.747059325420246,-74.03733544400868,Residential,30,12.5,0.583,Heavy,21.0,72,7.0,5.4,6.7,Rain,0,1
2026-02-18 08:30:00,40.735720818653164,-74.05896308343468,Highway,90,41.1,0.543,Moderate,34.5,50,20.7,0.0,8.9,Cloudy,0,1
2026-02-18 08:45:00,40.75449966604114,-74.04249632284971,Highway,90,45.4,0.496,Moderate,26.6,70,7.3,0.0,14.7,Clear,0,1
2026-02-18 09:00:00,40.746841113959306,-74.04348269499202,City_Street,40,9.6,0.76,Heavy,12.6,60,13.3,2.8,1.0,Snow,0,1
2026-02-18 09:15:00,40.74383430117046,-74.0387710945287,Residential,30,14.7,0.51,Moderate,30.2,56,31.8,0.0,9.3,Clear,0,1
2026-02-18 09:30:00,40.74467427480654,-74.04926882266776,Highway,90,38.7,0.57,Heavy,25.2,77,25.4,0.0,10.3,Clear,0,1
2026-02-18 09:45:00,40.73796124880041,-74.05059340808265,Arterial,60,24.5,0.592,Heavy,24.7,46,25.8,0.0,10.2,Cloudy,0,1
2026-02-18 10:00:00,40.737872656929824,-74.04693519836705,Residential,30,29.2,0.027,Low,17.9,38,18.8,0.0,13.3,Clear,0,0
2026-02-18 10:15:00,40.73288692816804,-74.0478483491119,Highway,90,87.4,0.029,Low,29.4,37,12.8,0.0,14.7,Clear,0,0
2026-02-18 10:30:00,40.74851904630917,-74.04614350343363,Residential,30,25.9,0.137,Low,17.9,46,4.7,0.0,13.1,Clear,0,0
2026-02-18 10:45:00,40.737155587204285,-74.04751212659895,Residential,30,23.0,0.233,Low,28.1,61,19.6,0.0,10.3,Clear,0,0
2026-02-18 11:00:00,40.74395757523741,-74.04778451394039,City_Street,40,37.2,0.07,Low,17.7,60,29.3,0.0,10.9,Clear,0,0
2026-02-18 11:15:00,40.72329669872716,-74.0495553377706,Highway,90,62.4,0.307,Moderate,23.6,48,3.0,0.0,0.3,Fog,0,0
2026-02-18 11:30:00,40.750609245276884,-74.04065985963427,City_Street,40,39.8,0.005,Low,15.0,75,32.1,0.0,11.8,Cloudy,0,0
2026-02-18 11:45:00,40.74154988801569,-74.05464697980238,Highway,90,76.5,0.15,Low,20.4,53,12.6,0.0,14.3,Cloudy,0,0
2026-02-18 12:00:00,40.748433337745396,-74.04930702615044,Residential,30,26.0,0.133,Low,15.9,63,17.4,0.0,9.5,Clear,0,0
2026-02-18 12:15:00,40.73435682163062,-74.04710694549374,Highway,90,78.6,0.127,Low,9.9,57,15.9,0.0,8.1,Cloudy,0,0
2026-02-18 12:30:00,40.740063007795335,-74.03318674361186,City_Street,40,33.3,0.168,Low,5.9,27,2.2,1.1,5.3,Rain,0,0
2026-02-18 12:45:00,40.73780988481427,-74.04443777789501,Arterial,60,28.5,0.525,Moderate,13.8,64,33.7,3.2,3.0,Snow,0,0
2026-02-18 13:00:00,40.73506079712629,-74.06423640822429,City_Street,40,26.0,0.35,Moderate,17.7,50,33.6,2.3,8.0,Rain,0,0
2026-02-18 13:15:00,40.730030186378364,-74.05287382391647,City_Street,40,39.3,0.018,Low,16.4,66,23.9,0.0,12.5,Clear,0,0
2026-02-18 13:30:00,40.73636886381291,-74.05448962511764,Residential,30,30.0,0.0,Low,17.7,58,23.3,0.0,8.0,Cloudy,0,0
2026-02-18 13:45:00,40.74711883942024,-74.04699040962075,City_Street,40,35.2,0.12,Low,18.8,61,6.1,0.0,8.8,Cloudy,0,0
2026-02-18 14:00:00,40.726342810486145,-74.0521484780814,Residential,30,23.0,0.233,Low,25.7,53,2.3,0.0,13.3,Clear,0,0
2026-02-18 14:15:00,40.72438955599123,-74.04454073856378,Highway,90,83.6,0.071,Low,19.3,77,21.3,0.0,10.3,Clear,0,0
2026-02-18 14:30:00,40.745646224214404,-74.05957713474676,Arterial,60,47.4,0.21,Low,27.0,32,26.9,0.0,12.9,Cloudy,0,0
2026-02-18 14:45:00,40.73782670060759,-74.04588911760851,Residential,30,19.6,0.347,Moderate,21.0,65,25.7,0.0,1.4,Fog,0,0
2026-02-18 15:00:00,40.72664395551642,-74.04798113561723,Residential,30,15.4,0.487,Moderate,17.3,58,15.6,3.5,2.9,Snow,0,0
2026-02-18 15:15:00,40.73508277320601,-74.04681092795532,Arterial,60,55.8,0.07,Low,11.6,62,7.9,0.0,14.3,Clear,0,0
2026-02-18 15:30:00,40.728182384271506,-74.05214969404062,Arterial,60,34.6,0.423,Moderate,18.0,100,32.6,24.5,3.5,Heavy Rain,0,0
2026-02-18 15:45:00,40.74736395089335,-74.05907861341579,City_Street,40,24.2,0.395,Moderate,21.3,70,2.1,0.0,1.1,Fog,0,0
2026-02-18 16:00:00,40.72706752276784,-74.05025948211619,Arterial,60,52.6,0.123,Low,22.1,34,22.3,0.0,8.2,Clear,0,0
2026-02-18 16:15:00,40.72519249110771,-74.05640704485899,Residential,30,24.4,0.187,Low,24.3,62,24.8,0.0,11.7,Cloudy,0,0
2026-02-18 16:30:00,40.73880120341169,-74.0429126493487,Residential,30,24.8,0.173,Low,14.7,81,28.3,0.0,13.1,Cloudy,0,0
2026-02-18 16:45:00,,,City_Street,40,34.5,0.137,Low,24.8,55,23.4,0.0,11.6,Clear,0,0
2026-02-18 17:00:00,40.73666865580434,-74.04496237209207,Residential,30,13.1,0.563,Heavy,14.6,75,33.3,0.0,10.8,Cloudy,0,1
2026-02-18 17:15:00,40.72442139283927,-74.0572890232122,Residential,30,7.7,0.743,Heavy,19.6,75,27.3,11.6,1.6,Heavy Rain,0,1
2026-02-18 17:30:00,40.73457944075628,-74.0578459148734,City_Street,40,16.4,0.59,Heavy,13.1,51,4.5,7.7,6.2,Rain,0,1
2026-02-18 17:45:00,40.739860866509034,-74.05820802755893,Highway,90,35.8,0.602,Heavy,14.8,43,29.1,1.8,6.1,Rain,0,1
2026-02-18 18:00:00,40.728212471303934,-74.0510582599056,Residential,30,14.7,0.51,Moderate,9.4,67,26.4,0.0,12.5,Clear,0,1
2026-02-18 18:15:00,40.73013653531433,-74.06476596152432,Arterial,60,30.6,0.49,Moderate,24.1,44,29.5,0.0,8.5,Clear,0,1
2026-02-18 18:30:00,40.73072453464883,-74.05435124532762,City_Street,40,19.2,0.52,Moderate,30.5,44,14.7,0.0,10.3,Clear,0,1
2026-02-18 18:45:00,40.73773534402288,-74.04293507281078,City_Street,40,19.8,0.505,Moderate,19.6,73,27.8,0.0,11.6,Cloudy,0,1
2026-02-18 19:00:00,40.726686322420335,-74.05746483551819,Residential,30,12.1,0.597,Heavy,19.3,53,9.8,0.0,11.7,Clear,0,1
2026-02-18 19:15:00,40.72567193819573,-74.04631812692791,City_Street,40,20.7,0.483,Moderate,19.8,77,33.0,0.0,13.7,Clear,0,1
2026-02-18 19:30:00,40.72304764873305,-74.0596195611187,Highway,90,41.6,0.538,Moderate,11.8,31,34.7,0.0,13.3,Cloudy,0,1
2026-02-18 19:45:00,40.7251302665774,-74.04973305098453,Residential,30,11.7,0.61,Heavy,21.2,59,17.9,1.8,5.9,Rain,0,1
2026-02-18 20:00:00,40.729298177933764,-74.05180553781605,Highway,90,90.0,0.0,Low,22.2,68,30.8,0.0,9.1,Clear,0,0
2026-02-18 20:15:00,40.73027173662583,-74.05429693360755,City_Street,40,33.4,0.165,Low,16.3,74,12.3,0.0,11.7,Clear,0,0
2026-02-18 20:30:00,40.72645230141478,-74.0579089205106,Residential,30,26.8,0.107,Low,26.6,55,24.9,0.0,11.0,Cloudy,0,0
2026-02-18 20:45:00,40.717856700867095,-74.05626521225588,Arterial,60,48.7,0.188,Low,21.7,27,8.3,0.0,8.0,Clear,0,0
2026-02-18 21:00:00,40.73795721741306,-74.07016194771755,City_Street,40,32.5,0.188,Low,22.4,50,28.9,0.0,11.7,Cloudy,0,0
2026-02-18 21:15:00,40.727141207897404,-74.05342195366325,Arterial,60,53.2,0.113,Low,24.4,58,16.6,0.0,10.9,Clear,0,0
2026-02-18 21:30:00,40.71586566664437,-74.06503865656975,Arterial,60,55.4,0.077,Low,20.5,69,12.7,0.0,10.9,Clear,0,0
2026-02-18 21:45:00,,,Highway,90,84.6,0.06,Low,13.2,81,23.1,0.0,14.5,Clear,0,0
2026-02-18 22:00:00,40.708679473585,-74.05077172961204,City_Street,40,31.4,0.215,Low,18.3,89,27.8,0.0,10.8,Clear,0,0
2026-02-18 22:15:00,,,Residential,30,28.7,0.043,Low,16.7,62,23.5,0.0,11.0,Cloudy,0,0
2026-02-18 22:30:00,40.727337485529915,-74.04308195068563,City_Street,40,32.5,0.188,Low,17.9,78,32.6,0.0,12.1,Cloudy,0,0
2026-02-18 22:45:00,40.715838548205994,-74.06097858831608,Arterial,60,38.1,0.365,Moderate,7.6,53,2.4,3.7,7.0,Rain,0,0
2026-02-18 23:00:00,40.728602488141405,-74.04920503803054,Arterial,60,59.3,0.012,Low,24.8,68,12.6,0.0,10.9,Clear,0,0
2026-02-18 23:15:00,40.71432343298869,-74.05426796861876,Highway,90,70.5,0.217,Low,20.8,92,13.4,7.0,7.3,Rain,0,0
2026-02-18 23:30:00,40.72730259596584,-74.04825996958182,Highway,90,38.0,0.578,Heavy,11.9,91,12.0,6.1,2.3,Snow,0,0
2026-02-18 23:45:00,40.71934387344026,-74.05575136927926,Residential,30,22.1,0.263,Moderate,12.9,58,33.5,7.1,5.7,Rain,0,0
2026-02-19 00:00:00,40.71774042362211,-74.06924549000439,Highway,90,86.3,0.041,Low,27.4,60,13.0,0.0,11.3,Cloudy,0,0
2026-02-19 00:15:00,40.73146972550369,-74.05858557255532,Residential,30,14.9,0.503,Moderate,24.0,58,9.4,11.6,2.5,Heavy Rain,0,0
2026-02-19 00:30:00,40.708245839721805,-74.06284346359224,Highway,90,38.0,0.578,Heavy,9.7,74,23.9,10.6,2.3,Snow,0,0
2026-02-19 00:45:00,40.70332017743676,-74.04163411466513,Arterial,60,44.2,0.263,Moderate,16.6,49,17.3,1.0,6.5,Rain,0,0
2026-02-19 01:00:00,40.71568644600855,-74.05064299312814,City_Street,40,38.1,0.047,Low,19.3,79,16.3,0.0,11.2,Cloudy,0,0
2026-02-19 01:15:00,40.70827872010375,-74.06789152595034,Residential,30,23.1,0.23,Low,26.9,52,31.2,0.0,13.9,Clear,0,0
2026-02-19 01:30:00,40.72200441918068,-74.05942222815177,Highway,90,68.4,0.24,Low,16.5,100,32.7,7.3,7.8,Rain,0,0
2026-02-19 01:45:00,40.72400351623152,-74.04100388925302,City_Street,40,32.9,0.177,Low,17.6,73,24.4,0.0,11.9,Cloudy,0,0
2026-02-19 02:00:00,40.71549304110136,-74.04091436306369,Residential,30,28.6,0.047,Low,23.7,41,10.4,0.0,12.6,Cloudy,0,0
2026-02-19 02:15:00,40.710663076314596,-74.06595190369191,City_Street,40,30.7,0.233,Low,11.9,92,3.3,7.4,5.5,Rain,0,0
2026-02-19 02:30:00,40.70835691701399,-74.06075150213735,Residential,30,29.6,0.013,Low,25.2,45,25.0,0.0,13.1,Clear,0,0
2026-02-19 02:45:00,40.70246858779856,-74.04811492047241,City_Street,40,31.7,0.208,Low,17.5,44,13.5,6.3,6.8,Rain,0,0
2026-02-19 03:00:00,40.71546621398862,-74.05480586865119,Arterial,60,53.7,0.105,Low,16.4,77,22.6,0.0,14.7,Clear,0,0
2026-02-19 03:15:00,40.7184458668167,-74.05718108211111,City_Street,40,35.9,0.103,Low,26.8,74,16.9,0.0,8.1,Clear,0,0
2026-02-19 03:30:00,40.709932626928534,-74.06009793313817,Highway,90,46.8,0.48,Moderate,8.4,79,6.7,8.8,1.1,Heavy Rain,0,0
2026-02-19 03:45:00,40.699873678055035,-74.05083947454283,Residential,30,30.0,0.0,Low,8.7,44,31.2,0.0,8.2,Cloudy,0,0
2026-02-19 04:00:00,40.70901878190524,-74.06011089132014,City_Street,40,31.9,0.203,Low,26.6,40,34.2,0.0,13.7,Clear,0,0
2026-02-19 04:15:00,40.70516748559095,-74.06972404796156,Highway,90,80.7,0.103,Low,11.7,56,6.5,0.0,8.6,Cloudy,0,0
2026-02-19 04:30:00,40.69472402179149,-74.0415495005553,City_Street,40,20.3,0.492,Moderate,14.2,34,13.8,4.5,1.1,Snow,0,0
2026-02-19 04:45:00,40.7017943290002,-74.05514646703354,Residential,30,17.8,0.407,Moderate,2.5,100,9.8,12.5,1.8,Heavy Rain,0,0
2026-02-19 05:00:00,40.71980567177437,-74.06498042640077,Residential,30,25.5,0.15,Low,19.4,53,28.6,0.0,10.6,Clear,0,0
2026-02-19 05:15:00,40.71687530237721,-74.04791957084947,Highway,90,84.0,0.067,Low,24.8,80,31.6,0.0,8.8,Cloudy,0,0
2026-02-19 05:30:00,40.696939566860486,-74.05981754926003,Highway,90,73.7,0.181,Low,17.3,42,7.0,6.6,4.6,Rain,0,0
2026-02-19 05:45:00,40.702770857618304,-74.04744678561109,Highway,90,80.1,0.11,Low,20.2,69,11.0,0.0,8.6,Clear,0,0
2026-02-19 06:00:00,,,Residential,30,25.1,0.163,Low,28.1,63,15.5,1.7,5.2,Rain,0,0
2026-02-19 06:15:00,40.720353593077064,-74.06163984032975,Arterial,60,51.8,0.137,Low,29.5,25,19.6,0.0,9.3,Cloudy,0,0
2026-02-19 06:30:00,40.70511117143528,-74.06155031883381,Residential,30,24.3,0.19,Low,24.3,84,2.5,5.6,6.4,Rain,0,0
2026-02-19 06:45:00,40.699695715225296,-74.05965595995491,City_Street,40,20.5,0.488,Moderate,10.4,72,9.7,8.2,2.2,Heavy Rain,0,0
2026-02-19 07:00:00,40.69041011298873,-74.05588619181503,City_Street,40,19.5,0.512,Moderate,13.5,80,24.1,0.0,12.8,Cloudy,0,1
2026-02-19 07:15:00,40.70217613355345,-74.05989200075396,City_Street,40,19.5,0.512,Moderate,25.9,49,18.3,0.0,10.3,Clear,0,1
2026-02-19 07:30:00,40.696446441722046,-74.06147193858375,Highway,90,41.3,0.541,Moderate,27.1,66,29.7,0.0,11.2,Clear,0,1
2026-02-19 07:45:00,40.69699351388976,-74.05197639037034,Arterial,60,24.7,0.588,Heavy,17.1,91,10.2,0.0,8.8,Clear,0,1
2026-02-19 08:00:00,40.707966478220314,-74.0414223206527,City_Street,40,9.7,0.758,Heavy,24.7,82,11.1,5.8,2.8,Snow,0,1
2026-02-19 08:15:00,40.70286279505683,-74.05111143166317,Highway,90,42.1,0.532,Moderate,22.6,69,18.4,0.0,10.6,Cloudy,0,1
2026-02-19 08:30:00,40.693255054660014,-74.06942418507921,Residential,30,14.0,0.533,Moderate,19.9,35,20.4,0.0,13.3,Clear,0,1
2026-02-19 08:45:00,40.70381187905191,-74.0496069443647,Arterial,60,24.1,0.598,Heavy,29.2,52,4.3,0.0,10.7,Clear,0,1
2026-02-19 09:00:00,40.69759825312183,-74.05782109363082,City_Street,40,17.0,0.575,Heavy,21.4,50,22.8,0.0,13.9,Cloudy,0,1
2026-02-19 09:15:00,40.69120609721002,-74.04979175849556,Arterial,60,24.6,0.59,Heavy,18.2,70,26.1,0.0,9.6,Clear,0,1
2026-02-19 09:30:00,40.70836560359102,-74.05958843098819,Highway,90,31.1,0.654,Heavy,19.0,74,25.5,2.3,6.1,Rain,0,1
2026-02-19 09:45:00,40.69706131578471,-74.0466937674186,Residential,30,14.1,0.53,Moderate,18.4,74,33.3,0.0,11.9,Clear,0,1
2026-02-19 10:00:00,40.69909188555407,-74.06224459432596,City_Street,40,33.0,0.175,Low,25.3,55,29.9,0.0,13.3,Cloudy,0,0
2026-02-19 10:15:00,40.69112659872217,-74.05094923424468,Residential,30,11.7,0.61,Heavy,15.8,54,11.4,5.5,3.0,Snow,0,0
2026-02-19 10:30:00,40.69687399089782,-74.0579818287622,City_Street,40,28.3,0.292,Moderate,24.5,57,7.4,0.0,0.4,Fog,0,0
2026-02-19 10:45:00,40.69719829187267,-74.04048932796546,Arterial,60,51.0,0.15,Low,17.8,50,23.7,0.0,13.0,Cloudy,0,0
2026-02-19 11:00:00,40.69314518566078,-74.06658043987991,City_Street,40,31.3,0.218,Low,24.6,54,3.4,0.0,10.8,Cloudy,0,0
2026-02-19 11:15:00,40.69344010976896,-74.041887460916,Arterial,60,48.7,0.188,Low,14.2,68,30.4,4.7,7.4,Rain,0,0
2026-02-19 11:30:00,40.70565059510872,-74.05909649108524,Arterial,60,57.8,0.037,Low,30.4,33,27.9,0.0,10.3,Cloudy,0,0
2026-02-19 11:45:00,40.69803166330617,-74.0604817874629,Residential,30,23.8,0.207,Low,17.0,64,24.2,0.0,14.6,Clear,0,0
2026-02-19 12:00:00,40.7103105935887,-74.05569467829807,Highway,90,71.9,0.201,Low,22.3,35,11.2,0.0,14.0,Clear,0,0
2026-02-19 12:15:00,40.68452826368526,-74.06766270040171,Residential,30,24.3,0.19,Low,20.6,49,31.3,4.7,4.5,Rain,0,0
2026-02-19 12:30:00,40.689055104853146,-74.05757067178604,Residential,30,19.3,0.357,Moderate,13.5,72,21.0,4.8,7.5,Rain,0,0
2026-02-19 12:45:00,40.70919416295508,-74.05791591917655,Residential,30,24.6,0.18,Low,24.9,83,33.5,6.6,6.9,Rain,0,0
2026-02-19 13:00:00,40.693571639378234,-74.04611980593614,Residential,30,27.8,0.073,Low,14.9,73,20.9,0.0,9.2,Clear,0,0
2026-02-19 13:15:00,40.70510930447053,-74.06677633039125,Residential,30,28.5,0.05,Low,19.1,83,30.1,0.0,9.5,Clear,0,0
2026-02-19 13:30:00,40.69875283092511,-74.04934520350228,Highway,90,54.2,0.398,Moderate,22.5,100,21.4,24.1,1.6,Heavy Rain,0,0
2026-02-19 13:45:00,40.69274635903705,-74.05950563584604,Residential,30,20.5,0.317,Moderate,13.4,58,26.1,4.7,6.8,Rain,0,0
2026-02-19 14:00:00,40.683862861109716,-74.06569033611153,Arterial,60,47.2,0.213,Low,14.9,59,19.9,7.3,6.7,Rain,0,0
2026-02-19 14:15:00,40.68546137734333,-74.05116191429845,Highway,90,73.4,0.184,Low,21.7,58,20.0,0.0,9.1,Clear,0,0
2026-02-19 14:30:00,40.68325404489484,-74.0482797772395,Arterial,60,55.3,0.078,Low,27.4,68,14.8,0.0,14.0,Clear,0,0
2026-02-19 14:45:00,40.68029867163482,-74.05925988928081,Residential,30,23.5,0.217,Low,20.5,76,9.7,4.1,7.5,Rain,0,0
2026-02-19 15:00:00,40.68836096507447,-74.03661500216754,Highway,90,82.9,0.079,Low,24.2,65,4.1,0.0,13.9,Cloudy,0,0
2026-02-19 15:15:00,40.68825301645535,-74.04346374824843,City_Street,40,36.5,0.088,Low,19.1,77,28.5,0.0,9.7,Cloudy,0,0
2026-02-19 15:30:00,40.68580246621435,-74.04676670075476,Arterial,60,26.3,0.562,Heavy,5.6,96,32.7,9.7,0.6,Snow,0,0
2026-02-19 15:45:00,40.68016820178415,-74.05094663855397,Arterial,60,57.8,0.037,Low,18.9,80,10.9,0.0,11.7,Cloudy,0,0
2026-02-19 16:00:00,40.6771366388956,-74.04694599550619,City_Street,40,34.7,0.132,Low,18.4,60,22.4,0.0,11.0,Clear,0,0
2026-02-19 16:15:00,40.68873690236316,-74.04809141468819,Highway,90,74.8,0.169,Low,20.1,27,7.3,0.0,9.5,Cloudy,0,0
2026-02-19 16:30:00,40.679158399210365,-74.05253181294145,Arterial,60,54.9,0.085,Low,23.9,45,12.2,0.0,12.2,Cloudy,0,0
2026-02-19 16:45:00,40.68721152767707,-74.04121472159571,Highway,90,42.5,0.528,Moderate,22.6,89,23.8,19.4,3.3,Heavy Rain,0,0
2026-02-19 17:00:00,40.680747186335985,-74.04558181645784,City_Street,40,17.9,0.552,Heavy,20.4,67,25.3,0.0,9.2,Clear,0,1
2026-02-19 17:15:00,40.701650190552975,-74.04531152767805,Arterial,60,18.2,0.697,Heavy,11.7,96,26.2,16.1,3.5,Heavy Rain,0,1
2026-02-19 17:30:00,40.68550217209611,-74.04952636601836,Arterial,60,28.2,0.53,Moderate,21.9,66,21.7,0.0,11.9,Clear,0,1
2026-02-19 17:45:00,40.685059617267086,-74.04640432484553,City_Street,40,14.0,0.65,Heavy,18.8,67,16.5,0.0,0.2,Fog,0,1
2026-02-19 18:00:00,40.68369141142558,-74.03730748604669,Arterial,60,29.6,0.507,Moderate,20.6,54,5.4,0.0,13.1,Cloudy,0,1
2026-02-19 18:15:00,40.69261854267554,-74.05781989914856,Arterial,60,23.8,0.603,Heavy,17.4,32,17.1,2.6,5.2,Rain,0,1
2026-02-19 18:30:00,,,Arterial,60,27.6,0.54,Moderate,20.1,74,19.2,0.0,14.7,Clear,0,1
2026-02-19 18:45:00,40.67384173208642,-74.04947201021781,City_Street,40,13.2,0.67,Heavy,20.7,62,12.7,0.0,0.5,Fog,0,1
2026-02-19 19:00:00,40.68077182573945,-74.04093053039465,Arterial,60,27.1,0.548,Moderate,17.7,64,30.6,0.0,14.6,Clear,0,1
2026-02-19 19:15:00,40.674598753615676,-74.03129806808134,Highway,90,35.5,0.606,Heavy,21.9,69,24.0,0.0,13.4,Cloudy,0,1
2026-02-19 19:30:00,40.682467047885616,-74.0489982454272,Arterial,60,29.0,0.517,Moderate,25.8,44,27.6,0.0,9.3,Cloudy,0,1
2026-02-19 19:45:00,40.68323783350358,-74.05042038011068,Arterial,60,24.7,0.588,Heavy,12.4,63,12.0,0.0,14.5,Clear,0,1
2026-02-19 20:00:00,40.67575492570567,-74.0444071320743,Residential,30,28.5,0.05,Low,20.0,56,28.5,0.0,14.3,Clear,0,0
2026-02-19 20:15:00,40.68355657509385,-74.05800397848462,City_Street,40,27.4,0.315,Moderate,15.5,56,11.5,0.0,0.5,Fog,0,0
2026-02-19 20:30:00,40.67998533567699,-74.04544256684187,City_Street,40,33.5,0.162,Low,7.8,50,34.1,0.0,12.5,Clear,0,0
2026-02-19 20:45:00,40.67568406424362,-74.03768047503998,City_Street,40,32.6,0.185,Low,10.4,57,33.7,5.6,6.9,Rain,0,0
2026-02-19 21:00:00,40.67235148229696,-74.03819766619623,Highway,90,69.4,0.229,Low,22.8,58,13.5,0.0,12.4,Cloudy,0,0
2026-02-19 21:15:00,40.68074016766759,-74.03075716225263,Highway,90,72.8,0.191,Low,16.0,44,14.2,0.0,8.1,Clear,0,0
2026-02-19 21:30:00,40.693101235401,-74.04526046692077,City_Street,40,20.4,0.49,Moderate,15.0,73,19.6,11.0,1.5,Heavy Rain,0,0
2026-02-19 21:45:00,40.66770674737241,-74.05352615258904,Arterial,60,51.0,0.15,Low,27.6,46,4.6,0.0,12.2,Cloudy,0,0
2026-02-19 22:00:00,40.686442082441985,-74.03729539050303,City_Street,40,31.5,0.213,Low,15.5,29,23.1,0.0,10.8,Clear,0,0
2026-02-19 22:15:00,40.67634397919708,-74.04927575239898,Highway,90,63.9,0.29,Moderate,23.1,48,17.5,3.3,6.3,Rain,0,0
2026-02-19 22:30:00,40.66505629320387,-74.05695054866347,City_Street,40,38.3,0.043,Low,13.5,29,27.6,0.0,8.4,Cloudy,0,0
2026-02-19 22:45:00,40.67523298624348,-74.0172972105806,City_Street,40,35.6,0.11,Low,19.7,77,29.0,0.0,9.0,Clear,0,0
2026-02-19 23:00:00,40.672722548468855,-74.04801301799323,Arterial,60,55.2,0.08,Low,18.1,46,33.9,0.0,13.6,Clear,0,0
2026-02-19 23:15:00,40.676171824748565,-74.03811168928529,Residential,30,28.3,0.057,Low,25.0,59,30.9,0.0,13.1,Clear,0,0
2026-02-19 23:30:00,40.67447245534669,-74.03684974624623,Highway,90,73.7,0.181,Low,29.3,27,14.4,0.0,13.2,Clear,0,0
2026-02-19 23:45:00,40.68673242577572,-74.0504587902095,Highway,90,59.8,0.336,Moderate,20.0,57,20.0,0.0,0.8,Fog,0,0
2026-02-20 00:00:00,40.67113744758386,-74.03555560884297,Highway,90,90.0,0.0,Low,14.7,58,11.1,0.0,10.4,Clear,0,0
2026-02-20 00:15:00,40.67833232745859,-74.04753557107512,City_Street,40,31.1,0.222,Low,21.9,86,11.0,0.0,13.2,Cloudy,0,0
2026-02-20 00:30:00,40.672815311446186,-74.02935283695504,City_Street,40,34.4,0.14,Low,19.7,33,4.6,0.0,10.5,Clear,0,0
2026-02-20 00:45:00,40.67405717334261,-74.02612169156023,Residential,30,16.4,0.453,Moderate,22.5,56,15.6,0.0,1.3,Fog,0,0
2026-02-20 01:00:00,40.672546014051356,-74.03666093293715,Highway,90,61.4,0.318,Moderate,24.4,55,15.1,0.0,1.5,Fog,0,0
2026-02-20 01:15:00,40.658695608134856,-74.02221299843822,Highway,90,86.6,0.038,Low,20.4,74,33.1,0.0,11.2,Clear,0,0
2026-02-20 01:30:00,40.66080160953679,-74.0344132132309,City_Street,40,40.0,0.0,Low,18.2,35,25.4,0.0,9.4,Clear,0,0
2026-02-20 01:45:00,40.671094415541,-74.04145898187652,Arterial,60,56.2,0.063,Low,28.4,61,7.9,0.0,12.3,Clear,0,0
2026-02-20 02:00:00,40.67033835144156,-74.06115363081977,City_Street,40,38.5,0.037,Low,11.1,92,15.9,0.0,10.2,Cloudy,0,0
2026-02-20 02:15:00,40.67661212141855,-74.04096124924638,Residential,30,22.3,0.257,Moderate,13.0,82,13.4,5.4,5.1,Rain,0,0
2026-02-20 02:30:00,40.665527330877566,-74.03185971051666,Highway,90,72.3,0.197,Low,24.6,56,25.7,0.0,8.3,Cloudy,0,0
2026-02-20 02:45:00,40.6808402858551,-74.02618945021031,Arterial,60,58.6,0.023,Low,30.1,78,34.6,0.0,10.0,Clear,0,0
2026-02-20 03:00:00,40.67860744831651,-74.03620876243183,Highway,90,64.9,0.279,Moderate,19.1,62,3.9,0.0,0.3,Fog,0,0
2026-02-20 03:15:00,40.67142040243149,-74.02599099051625,City_Street,40,31.2,0.22,Low,16.5,32,14.5,1.3,6.0,Rain,0,0
2026-02-20 03:30:00,40.6679292496101,-74.02422417359254,Arterial,60,44.3,0.262,Moderate,18.3,60,2.3,6.8,7.4,Rain,0,0
2026-02-20 03:45:00,40.67155657761641,-74.03155957218648,Highway,90,53.8,0.402,Moderate,11.2,100,19.1,23.5,1.4,Heavy Rain,0,0
2026-02-20 04:00:00,40.67423188236342,-74.04937363589443,City_Street,40,21.2,0.47,Moderate,5.1,95,28.0,12.1,2.8,Heavy Rain,0,0
2026-02-20 04:15:00,40.66335894976988,-74.03291153020871,City_Street,40,33.3,0.168,Low,23.2,53,4.1,0.0,9.5,Clear,0,0
2026-02-20 04:30:00,40.676201361753755,-74.03457230162005,Residential,30,23.9,0.203,Low,22.8,51,11.6,0.0,13.3,Cloudy,0,0
2026-02-20 04:45:00,40.66026050085053,-74.03558469643545,Arterial,60,46.6,0.223,Low,14.1,64,15.6,0.0,11.3,Clear,0,0
2026-02-20 05:00:00,40.65627295382597,-74.03509302266959,Arterial,60,57.0,0.05,Low,28.3,44,7.6,0.0,11.9,Cloudy,0,0
2026-02-20 05:15:00,40.6670891298804,-74.03052946885276,City_Street,40,28.7,0.282,Moderate,12.5,50,25.6,3.0,5.4,Rain,0,0
2026-02-20 05:30:00,40.6572089499122,-74.03237053553742,Residential,30,28.4,0.053,Low,22.3,80,9.8,0.0,12.2,Cloudy,0,0
2026-02-20 05:45:00,40.6642192008096,-74.0275925809658,Highway,90,78.6,0.127,Low,19.4,28,12.2,0.0,10.1,Clear,0,0
2026-02-20 06:00:00,40.6626113874503,-74.04633923214695,City_Street,40,29.0,0.275,Moderate,16.1,70,7.5,7.4,6.3,Rain,0,0
2026-02-20 06:15:00,40.68143947908112,-74.03582623941674,Highway,90,79.3,0.119,Low,14.0,68,17.2,0.0,12.1,Cloudy,0,0
2026-02-20 06:30:00,40.6751853408042,-74.03934591389503,Highway,90,81.4,0.096,Low,21.5,62,12.6,0.0,10.3,Clear,0,0
2026-02-20 06:45:00,40.66860792280668,-74.00679696137881,Arterial,60,54.8,0.087,Low,28.7,60,24.8,0.0,9.2,Clear,0,0
2026-02-20 07:00:00,40.67129103765961,-74.03645739624635,City_Street,40,13.6,0.66,Heavy,7.7,80,4.2,5.7,5.4,Rain,0,1
2026-02-20 07:15:00,40.66697346326698,-74.0246969026512,Highway,90,36.2,0.598,Heavy,15.2,51,34.7,4.6,7.9,Rain,0,1
2026-02-20 07:30:00,40.66655146068934,-74.02507889217607,Residential,30,8.1,0.73,Heavy,19.8,65,32.8,0.0,0.2,Fog,0,1
2026-02-20 07:45:00,40.66067054042794,-74.02660514137531,Arterial,60,24.3,0.595,Heavy,8.8,74,19.7,3.3,4.6,Rain,0,1
2026-02-20 08:00:00,40.669925106379765,-74.02267957048952,Highway,90,27.5,0.694,Heavy,29.7,60,33.0,0.0,0.4,Fog,0,1
2026-02-20 08:15:00,40.65494337377903,-74.0330363179476,Residential,30,13.8,0.54,Moderate,20.5,61,5.5,0.0,11.4,Clear,0,1
2026-02-20 08:30:00,40.66019132576013,-74.02248321885983,City_Street,40,20.6,0.485,Moderate,18.8,35,26.5,0.0,11.4,Cloudy,0,1
2026-02-20 08:45:00,40.66979410611832,-74.02087251305275,Highway,90,44.6,0.504,Moderate,21.4,39,11.8,0.0,9.4,Clear,0,1
2026-02-20 09:00:00,40.66063715362229,-74.0324545025492,Residential,30,12.3,0.59,Heavy,21.6,56,16.0,0.0,12.9,Cloudy,0,1
2026-02-20 09:15:00,40.673759991803415,-74.02237225097062,City_Street,40,9.9,0.752,Heavy,21.9,100,30.8,22.8,3.5,Heavy Rain,0,1
2026-02-20 09:30:00,40.67116134798392,-74.01945124728663,Highway,90,32.3,0.641,Heavy,21.8,50,17.3,0.0,1.4,Fog,0,1
2026-02-20 09:45:00,40.671793707841985,-74.03298345142173,City_Street,40,13.0,0.675,Heavy,20.1,43,31.2,7.1,7.9,Rain,0,1
2026-02-20 10:00:00,40.65401206698766,-74.02810915173687,Arterial,60,52.8,0.12,Low,13.9,57,5.2,0.0,9.8,Clear,0,0
2026-02-20 10:15:00,40.66919573854526,-74.01150348194876,Arterial,60,56.0,0.067,Low,23.2,59,11.6,0.0,13.3,Clear,0,0
2026-02-20 10:30:00,40.67336179957037,-74.01080451595868,City_Street,40,28.5,0.287,Moderate,16.8,75,3.1,7.3,7.3,Rain,0,0
2026-02-20 10:45:00,40.65951924433889,-74.01185368748332,Residential,30,23.9,0.203,Low,17.5,62,34.3,0.0,10.3,Clear,0,0
2026-02-20 11:00:00,40.663645968591865,-74.03333844837114,Residential,30,26.5,0.117,Low,27.5,63,18.3,0.0,13.9,Clear,0,0
2026-02-20 11:15:00,40.667133787240886,-74.01743393141807,Residential,30,30.0,0.0,Low,18.6,63,34.2,0.0,14.2,Clear,0,0
2026-02-20 11:30:00,40.66632379743507,-74.01957886590098,City_Street,40,36.8,0.08,Low,15.5,47,10.4,0.0,14.9,Clear,0,0
2026-02-20 11:45:00,40.66898418698985,-74.01137382393588,Arterial,60,50.0,0.167,Low,22.6,44,30.1,0.0,12.3,Cloudy,0,0
2026-02-20 12:00:00,40.64896630403172,-74.00765975256746,Highway,90,45.9,0.49,Moderate,12.7,92,22.1,10.6,3.6,Heavy Rain,0,0
2026-02-20 12:15:00,40.65801987459017,-74.01756017542657,City_Street,40,39.8,0.005,Low,28.0,87,32.2,0.0,14.8,Cloudy,0,0
2026-02-20 12:30:00,40.654498853379394,-74.02019940298673,City_Street,40,25.3,0.367,Moderate,24.8,86,2.5,7.3,5.2,Rain,0,0
2026-02-20 12:45:00,40.64740013445943,-74.01245356259497,City_Street,40,33.1,0.172,Low,22.2,92,21.1,0.0,8.2,Clear,0,0
2026-02-20 13:00:00,40.65131770580526,-74.02228023841253,City_Street,40,36.2,0.095,Low,28.1,49,16.3,0.0,14.0,Clear,0,0
2026-02-20 13:15:00,40.662131625420066,-74.01443330270557,Arterial,60,60.0,0.0,Low,13.7,97,8.9,0.0,10.8,Cloudy,0,0
2026-02-20 13:30:00,40.66707550303377,-74.02528391220419,Highway,90,83.3,0.074,Low,16.0,75,10.2,0.0,14.7,Cloudy,0,0
2026-02-20 13:45:00,40.65624093638798,-74.0162389533896,Arterial,60,57.3,0.045,Low,22.5,44,7.2,0.0,13.8,Cloudy,0,0
2026-02-20 14:00:00,40.657407673223446,-74.01270830526262,Highway,90,72.6,0.193,Low,17.7,55,22.6,0.0,14.1,Cloudy,0,0
2026-02-20 14:15:00,40.657908676557504,-74.00620483283927,Highway,90,80.1,0.11,Low,16.1,73,19.9,0.0,10.0,Clear,0,0
2026-02-20 14:30:00,40.67346045370466,-74.00902007789426,Residential,30,28.5,0.05,Low,22.5,62,31.7,0.0,12.7,Clear,0,0
2026-02-20 14:45:00,40.6659653593563,-74.01107635004318,Highway,90,84.0,0.067,Low,19.6,74,28.1,0.0,9.1,Clear,0,0
2026-02-20 15:00:00,40.65145196181139,-74.00060077788929,Highway,90,87.2,0.031,Low,15.3,59,26.4,0.0,9.9,Cloudy,0,0
2026-02-20 15:15:00,40.65425563302605,-74.00915048535883,Residential,30,19.4,0.353,Moderate,14.6,76,10.3,0.0,1.3,Fog,0,0
2026-02-20 15:30:00,40.667336291792054,-74.006124021092,City_Street,40,33.4,0.165,Low,25.0,78,11.8,0.0,12.3,Clear,0,0
2026-02-20 15:45:00,40.65244673798318,-74.00630473014009,City_Street,40,33.2,0.17,Low,15.4,78,3.7,5.7,7.5,Rain,0,0
2026-02-20 16:00:00,40.656227392377595,-74.01921944830768,City_Street,40,40.0,0.0,Low,13.0,57,24.3,0.0,10.5,Clear,0,0
2026-02-20 16:15:00,40.659698949534004,-74.00986920375917,City_Street,40,36.3,0.093,Low,17.3,29,5.5,0.0,13.9,Clear,0,0
2026-02-20 16:30:00,40.6612625957652,-73.9988145060124,City_Street,40,38.6,0.035,Low,15.2,89,16.2,0.0,11.0,Cloudy,0,0
2026-02-20 16:45:00,40.66534308180541,-73.99874521575013,Highway,90,67.0,0.256,Moderate,21.8,73,32.4,6.5,7.7,Rain,0,0
2026-02-20 17:00:00,40.66952238790376,-73.99185674588712,Highway,90,38.1,0.577,Heavy,19.4,61,28.6,0.0,11.6,Cloudy,0,1
2026-02-20 17:15:00,40.669454649777826,-73.99683213057303,Highway,90,45.6,0.493,Moderate,18.7,74,23.2,0.0,10.6,Clear,0,1
2026-02-20 17:30:00,40.674184878449594,-74.00322441123369,City_Street,40,18.6,0.535,Moderate,19.1,44,17.0,0.0,12.8,Cloudy,0,1
2026-02-20 17:45:00,40.64659515667189,-74.01060413941303,Residential,30,14.4,0.52,Moderate,13.6,40,20.3,0.0,12.5,Cloudy,0,1
2026-02-20 18:00:00,40.658484797735824,-74.006750097505,City_Street,40,16.6,0.585,Heavy,23.6,62,21.1,0.0,12.5,Clear,0,1
2026-02-20 18:15:00,40.66388531343247,-74.00678061777786,Residential,30,13.6,0.547,Moderate,32.0,46,25.5,0.0,8.5,Clear,0,1
2026-02-20 18:30:00,40.659438229854466,-74.00516261222619,Arterial,60,26.5,0.558,Heavy,11.8,36,23.5,0.0,9.9,Clear,0,1
2026-02-20 18:45:00,40.68026018251629,-73.99270437620198,Arterial,60,29.3,0.512,Moderate,19.8,48,14.8,0.0,14.3,Clear,0,1
2026-02-20 19:00:00,40.66166310822364,-73.98630150807195,Highway,90,39.7,0.559,Heavy,19.0,77,3.8,0.0,8.1,Cloudy,0,1
2026-02-20 19:15:00,40.659071664885,-74.00166094964743,City_Street,40,17.1,0.573,Heavy,16.7,69,22.6,0.0,13.3,Clear,0,1
2026-02-20 19:30:00,40.65109536057358,-74.00762314102387,Residential,30,13.3,0.557,Heavy,28.2,49,19.5,0.0,11.5,Clear,0,1
2026-02-20 19:45:00,40.67056848912107,-73.99147038314794,Highway,90,42.5,0.528,Moderate,21.1,65,20.6,0.0,13.3,Clear,0,1
2026-02-20 20:00:00,40.66642868075366,-74.00123350607072,Arterial,60,48.8,0.187,Low,14.7,73,6.0,6.7,4.1,Rain,0,0
2026-02-20 20:15:00,40.66016702358335,-74.00849581213423,City_Street,40,32.0,0.2,Low,22.0,64,5.3,0.0,14.0,Cloudy,0,0
2026-02-20 20:30:00,40.66224613243741,-73.99631239454806,Arterial,60,57.3,0.045,Low,13.3,53,8.4,0.0,9.1,Cloudy,0,0
2026-02-20 20:45:00,40.67907247492456,-73.98394887402131,Highway,90,71.9,0.201,Low,15.7,62,9.4,0.0,10.7,Clear,0,0
2026-02-20 21:00:00,,,Highway,90,76.2,0.153,Low,30.6,68,10.1,0.0,13.1,Clear,0,0
2026-02-20 21:15:00,40.679546583120135,-74.00025255698333,Residential,30,24.5,0.183,Low,15.5,54,27.4,0.0,12.5,Cloudy,0,0
2026-02-20 21:30:00,40.679823242387364,-74.00579519717778,Arterial,60,35.9,0.402,Moderate,9.9,69,18.0,0.0,0.2,Fog,0,0
2026-02-20 21:45:00,40.67943503728042,-73.99709764826716,Residential,30,29.0,0.033,Low,9.4,68,11.4,0.0,12.9,Clear,0,0
2026-02-20 22:00:00,40.65198252455423,-73.99728187354714,Arterial,60,54.4,0.093,Low,32.7,70,6.1,0.0,11.2,Cloudy,0,0
2026-02-20 22:15:00,40.6510576651677,-73.99771562331892,Residential,30,29.0,0.033,Low,22.0,85,15.5,0.0,8.2,Clear,0,0
2026-02-20 22:30:00,40.66594429034954,-74.00262651986844,Residential,30,30.0,0.0,Low,27.4,74,21.1,0.0,11.5,Clear,0,0
2026-02-20 22:45:00,40.67788425030911,-74.00869552026833,Residential,30,26.7,0.11,Low,18.4,65,5.5,0.0,12.8,Cloudy,0,0
2026-02-20 23:00:00,40.67076120624979,-74.0112430095831,Arterial,60,52.7,0.122,Low,21.6,59,25.9,0.0,11.9,Clear,0,0
2026-02-20 23:15:00,40.67224711323937,-73.992982910208,Highway,90,80.9,0.101,Low,19.9,42,25.2,0.0,10.6,Clear,0,0
2026-02-20 23:30:00,40.66328594540569,-74.00653006184692,Highway,90,86.4,0.04,Low,6.4,67,29.8,0.0,13.3,Cloudy,0,0
2026-02-20 23:45:00,40.68173399468539,-73.99804746146377,Highway,90,72.9,0.19,Low,20.2,87,2.3,0.0,12.0,Cloudy,0,0
2026-02-21 00:00:00,40.65999753197821,-73.99725302601395,Arterial,60,49.3,0.178,Low,16.0,64,17.0,0.0,12.4,Clear,1,0
2026-02-21 00:15:00,40.66498324811621,-73.99439400281916,City_Street,40,26.1,0.347,Moderate,11.2,88,21.3,7.1,4.7,Rain,1,0
2026-02-21 00:30:00,40.67741962242663,-73.99666168068552,Highway,90,78.5,0.128,Low,15.2,63,34.7,0.0,10.6,Clear,1,0
2026-02-21 00:45:00,40.65395128735242,-73.9991781743076,City_Street,40,34.9,0.128,Low,18.5,57,21.8,0.0,8.8,Clear,1,0
2026-02-21 01:00:00,40.67030918748309,-73.98227701942581,Highway,90,80.5,0.106,Low,21.4,29,29.9,0.0,8.8,Clear,1,0
2026-02-21 01:15:00,40.676439016834856,-74.01094323016078,City_Street,40,33.9,0.153,Low,21.9,37,24.9,0.0,14.6,Clear,1,0
2026-02-21 01:30:00,40.66914889397,-73.99365866545415,City_Street,40,35.9,0.103,Low,23.5,54,15.1,0.0,11.1,Clear,1,0
2026-02-21 01:45:00,40.66022748934932,-73.9898851380952,Arterial,60,57.7,0.038,Low,14.4,68,18.1,0.0,9.8,Cloudy,1,0
2026-02-21 02:00:00,40.66926952267644,-73.98536227561367,Residential,30,20.8,0.307,Moderate,22.4,73,15.9,0.0,0.4,Fog,1,0
2026-02-21 02:15:00,40.66148707237272,-73.99086818396087,Residential,30,20.2,0.327,Moderate,18.3,59,30.7,3.8,5.7,Rain,1,0
2026-02-21 02:30:00,40.66092367426847,-73.96729191625496,Arterial,60,51.3,0.145,Low,11.6,72,2.7,0.0,9.7,Clear,1,0
2026-02-21 02:45:00,40.656105624615684,-73.9895683634789,Residential,30,29.1,0.03,Low,20.0,51,23.8,0.0,12.4,Clear,1,0
2026-02-21 03:00:00,40.66346782120765,-73.99681816314927,Arterial,60,46.4,0.227,Low,21.5,61,2.1,0.0,11.5,Cloudy,1,0
2026-02-21 03:15:00,40.670109409055215,-74.0033395613952,City_Street,40,40.0,0.0,Low,19.1,71,13.4,0.0,9.6,Cloudy,1,0
2026-02-21 03:30:00,40.65999851630504,-73.97964296147272,City_Street,40,33.9,0.153,Low,18.3,72,8.1,0.0,11.4,Cloudy,1,0
2026-02-21 03:45:00,40.66479074317843,-73.98434768555425,City_Street,40,32.7,0.182,Low,29.4,48,3.7,0.0,14.8,Cloudy,1,0
2026-02-21 04:00:00,40.65924806846504,-73.99161502076704,Arterial,60,46.7,0.222,Low,21.6,55,26.1,0.0,13.6,Clear,1,0
2026-02-21 04:15:00,40.652493112397146,-73.97159386526519,Arterial,60,36.3,0.395,Moderate,13.8,100,26.1,21.6,2.9,Heavy Rain,1,0
2026-02-21 04:30:00,40.67693397644367,-73.9842530043581,Arterial,60,55.6,0.073,Low,27.0,67,32.1,0.0,11.1,Clear,1,0
2026-02-21 04:45:00,40.678477874995565,-74.01296912534568,Arterial,60,36.5,0.392,Moderate,26.9,92,3.4,10.1,2.8,Heavy Rain,1,0
2026-02-21 05:00:00,40.66021286730364,-73.98285343591613,Residential,30,27.1,0.097,Low,15.2,38,21.0,0.0,13.2,Cloudy,1,0
2026-02-21 05:15:00,40.66208100790215,-73.9754023069845,Residential,30,21.2,0.293,Moderate,11.2,83,5.6,7.0,4.5,Rain,1,0
2026-02-21 05:30:00,40.65346967139175,-73.99373508537491,City_Street,40,35.0,0.125,Low,34.0,81,22.3,0.0,10.2,Cloudy,1,0
2026-02-21 05:45:00,40.662170777106,-73.9822504048127,Highway,90,90.0,0.0,Low,11.5,25,18.7,0.0,14.2,Cloudy,1,0
2026-02-21 06:00:00,40.65350334324163,-73.97777027987031,Residential,30,24.1,0.197,Low,20.4,54,12.4,0.0,13.9,Cloudy,1,0
2026-02-21 06:15:00,40.66205487896922,-73.98020854186258,Arterial,60,53.2,0.113,Low,12.3,61,18.3,0.0,10.7,Clear,1,0
2026-02-21 06:30:00,40.67938563538061,-73.9861327852383,Arterial,60,49.9,0.168,Low,20.4,50,4.7,0.0,12.4,Cloudy,1,0
2026-02-21 06:45:00,40.66619162614965,-73.98984660339289,City_Street,40,31.1,0.222,Low,22.3,59,32.0,0.0,11.6,Clear,1,0
2026-02-21 07:00:00,40.66745927502487,-73.97451054391179,City_Street,40,34.6,0.135,Low,29.7,41,23.7,0.0,8.9,Clear,1,0
2026-02-21 07:15:00,40.66209229952482,-73.96931443517127,Residential,30,24.8,0.173,Low,13.4,57,25.6,0.0,10.4,Clear,1,0
2026-02-21 07:30:00,40.66443087576245,-73.97901504522291,Arterial,60,50.4,0.16,Low,24.4,79,26.7,0.0,11.5,Clear,1,0
2026-02-21 07:45:00,40.66054094042039,-73.97132560431017,City_Street,40,29.9,0.253,Moderate,22.4,58,17.4,3.0,6.9,Rain,1,0
2026-02-21 08:00:00,40.66754750586748,-73.96902086324995,Arterial,60,39.0,0.35,Moderate,18.3,72,9.6,5.4,7.3,Rain,1,0
2026-02-21 08:15:00,40.686270161047375,-73.98332201400206,Highway,90,73.0,0.189,Low,24.1,99,34.6,0.0,12.9,Clear,1,0
2026-02-21 08:30:00,40.667265544572444,-73.98041025923834,City_Street,40,32.2,0.195,Low,20.5,50,7.0,0.0,8.0,Clear,1,0
2026-02-21 08:45:00,40.683794115525245,-73.97505490294574,City_Street,40,37.2,0.07,Low,22.6,64,21.3,0.0,8.9,Clear,1,0
2026-02-21 09:00:00,40.66819030019916,-73.97609752174777,Arterial,60,58.6,0.023,Low,13.9,62,26.0,0.0,9.4,Cloudy,1,0
2026-02-21 09:15:00,40.666572450329156,-73.9805831934087,City_Street,40,30.9,0.228,Low,20.5,66,14.9,0.0,10.9,Cloudy,1,0
2026-02-21 09:30:00,40.67311886004441,-73.97675434130016,Highway,90,46.6,0.482,Moderate,12.8,50,13.2,3.8,1.7,Snow,1,0
2026-02-21 09:45:00,40.67987288467407,-73.98040157922301,Residential,30,29.5,0.017,Low,21.8,74,23.3,0.0,10.1,Clear,1,0
2026-02-21 10:00:00,40.67040995222339,-73.96926487350207,City_Street,40,39.3,0.018,Low,18.2,59,26.3,0.0,8.1,Clear,1,0
2026-02-21 10:15:00,40.666982763675655,-73.96354473939398,Arterial,60,56.6,0.057,Low,15.9,24,21.5,0.0,14.5,Clear,1,0
2026-02-21 10:30:00,40.66027557244418,-73.98063486997219,Arterial,60,46.6,0.223,Low,18.5,72,22.7,0.0,9.7,Cloudy,1,0
2026-02-21 10:45:00,40.673663833815354,-73.9720389063482,Arterial,60,60.0,0.0,Low,29.2,84,31.3,0.0,10.1,Cloudy,1,0
2026-02-21 11:00:00,40.693707362773466,-73.95995891018075,Highway,90,90.0,0.0,Low,28.2,56,31.2,0.0,12.0,Cloudy,1,0
2026-02-21 11:15:00,40.66980110477781,-73.96308425634298,City_Street,40,34.0,0.15,Low,16.5,59,9.2,0.0,10.3,Clear,1,0
2026-02-21 11:30:00,40.67299707801224,-73.97462381049654,City_Street,40,33.0,0.175,Low,13.8,66,22.1,0.0,13.3,Clear,1,0
2026-02-21 11:45:00,40.68001412706921,-73.97334853083092,City_Street,40,31.0,0.225,Low,9.6,79,34.5,0.0,10.5,Cloudy,1,0
2026-02-21 12:00:00,40.68239123016662,-73.97295440108225,Highway,90,41.1,0.543,Moderate,16.6,67,12.5,0.0,0.4,Fog,1,0
2026-02-21 12:15:00,40.67055800899741,-73.96409668299053,Arterial,60,42.6,0.29,Moderate,15.8,65,24.2,0.0,12.6,Clear,1,0
2026-02-21 12:30:00,40.68954327547727,-73.9754194057687,Arterial,60,51.6,0.14,Low,25.5,25,32.7,0.0,14.7,Clear,1,0
2026-02-21 12:45:00,,,Highway,90,70.7,0.214,Low,22.8,56,23.4,0.0,12.8,Clear,1,0
2026-02-21 13:00:00,40.669812666728156,-73.98597539056375,Arterial,60,42.2,0.297,Moderate,8.0,67,30.6,5.6,4.9,Rain,1,0
2026-02-21 13:15:00,40.678984571278846,-73.97270635771187,Arterial,60,26.2,0.563,Heavy,13.1,100,2.8,20.5,2.8,Heavy Rain,1,0
2026-02-21 13:30:00,40.673272917511255,-73.95939198358873,Highway,90,61.4,0.318,Moderate,19.6,63,26.1,0.0,12.7,Clear,1,0
2026-02-21 13:45:00,40.68137256357032,-73.97009460418896,Arterial,60,43.8,0.27,Moderate,16.7,53,25.0,0.0,13.9,Clear,1,0
2026-02-21 14:00:00,40.68109120436217,-73.97134651325037,Highway,90,67.0,0.256,Moderate,12.2,34,31.3,0.0,13.4,Clear,1,0
2026-02-21 14:15:00,40.66474660927438,-73.96946230277719,Arterial,60,41.3,0.312,Moderate,16.2,51,3.1,0.0,8.9,Clear,1,0
2026-02-21 14:30:00,40.690276243104556,-73.95471355310984,Highway,90,45.4,0.496,Moderate,16.4,100,25.2,23.9,2.5,Heavy Rain,1,0
2026-02-21 14:45:00,40.69656926649725,-73.95855311848716,Arterial,60,39.8,0.337,Moderate,17.2,78,13.5,0.0,8.1,Cloudy,1,0
2026-02-21 15:00:00,40.67032257422028,-73.97893683165321,City_Street,40,28.0,0.3,Moderate,18.0,43,31.7,0.0,11.0,Clear,1,0
2026-02-21 15:15:00,40.68866217002933,-73.96936328019163,Highway,90,31.3,0.652,Heavy,21.4,100,10.5,10.1,1.6,Snow,1,0
2026-02-21 15:30:00,40.68504014323617,-73.96314874594736,City_Street,40,15.4,0.615,Heavy,9.0,69,28.3,13.7,3.5,Heavy Rain,1,0
2026-02-21 15:45:00,40.67347814479751,-73.95076216280441,Arterial,60,22.9,0.618,Heavy,21.0,97,2.4,5.8,2.1,Snow,1,0
2026-02-21 16:00:00,40.68679274275668,-73.97257984372533,Highway,90,66.5,0.261,Moderate,12.4,35,9.7,0.0,13.6,Clear,1,0
2026-02-21 16:15:00,40.67567451628383,-73.96604816928647,Arterial,60,28.2,0.53,Moderate,25.2,70,31.6,0.0,1.0,Fog,1,0
2026-02-21 16:30:00,40.669309429630175,-73.9681289531696,Residential,30,22.2,0.26,Moderate,15.5,63,33.4,0.0,13.2,Clear,1,0
2026-02-21 16:45:00,40.68158133340858,-73.95588755310605,Highway,90,59.0,0.344,Moderate,10.5,73,33.2,0.0,8.7,Clear,1,0
2026-02-21 17:00:00,40.68485592849768,-73.95807982488726,City_Street,40,29.2,0.27,Moderate,27.0,62,27.6,0.0,11.4,Clear,1,0
2026-02-21 17:15:00,40.68074904868645,-73.96829175701674,City_Street,40,30.3,0.242,Low,21.0,80,19.7,0.0,12.0,Clear,1,0
2026-02-21 17:30:00,40.690882693119526,-73.96765285913946,Residential,30,25.6,0.147,Low,19.6,60,27.6,0.0,10.2,Clear,1,0
2026-02-21 17:45:00,40.68895037861567,-73.96884733628025,Arterial,60,41.4,0.31,Moderate,21.2,70,17.8,0.0,12.0,Cloudy,1,0
2026-02-21 18:00:00,40.67963218680034,-73.96723734480571,Highway,90,66.2,0.264,Moderate,14.8,45,15.7,0.0,10.9,Clear,1,0
2026-02-21 18:15:00,40.68781658894597,-73.9639445773556,Residential,30,13.3,0.557,Heavy,14.9,99,28.0,21.1,3.5,Heavy Rain,1,0
2026-02-21 18:30:00,40.68282909985793,-73.95887509017275,Highway,90,70.0,0.222,Low,15.6,82,24.3,0.0,11.2,Clear,1,0
2026-02-21 18:45:00,40.69451780798673,-73.96310651466148,City_Street,40,16.6,0.585,Heavy,22.5,74,21.6,8.1,3.6,Heavy Rain,1,0
2026-02-21 19:00:00,40.6850399856716,-73.96660504547874,Highway,90,63.0,0.3,Moderate,15.4,60,3.1,3.5,4.9,Rain,1,0
2026-02-21 19:15:00,40.68732137149192,-73.95284501002162,Arterial,60,60.0,0.0,Low,22.8,59,3.2,0.0,8.2,Clear,1,0
2026-02-21 19:30:00,40.66456273700059,-73.97172392496265,Residential,30,29.8,0.007,Low,26.6,58,5.9,0.0,13.9,Clear,1,0
2026-02-21 19:45:00,40.66423303362284,-73.95835849325091,Highway,90,79.5,0.117,Low,18.7,58,4.4,0.0,11.9,Cloudy,1,0
2026-02-21 20:00:00,40.681883358809046,-73.95568977236645,Residential,30,13.9,0.537,Moderate,13.6,100,27.7,13.5,3.0,Heavy Rain,1,0
2026-02-21 20:15:00,40.68477047928124,-73.96852089080727,Residential,30,29.5,0.017,Low,26.6,71,22.1,0.0,11.6,Clear,1,0
2026-02-21 20:30:00,40.701216364283205,-73.96535056585499,Residential,30,24.9,0.17,Low,10.3,56,23.2,5.0,5.0,Rain,1,0
2026-02-21 20:45:00,40.68322180455307,-73.96195636091876,Arterial,60,35.4,0.41,Moderate,8.8,74,20.5,0.0,1.1,Fog,1,0
2026-02-21 21:00:00,40.686651100234286,-73.96581677662039,Highway,90,79.7,0.114,Low,21.0,34,14.6,0.0,12.9,Clear,1,0
2026-02-21 21:15:00,40.67978032817316,-73.94589129938994,Highway,90,51.5,0.428,Moderate,24.7,49,11.8,0.0,0.6,Fog,1,0
2026-02-21 21:30:00,40.68980167520614,-73.95156021072428,City_Street,40,25.5,0.363,Moderate,10.5,29,17.1,1.3,4.5,Rain,1,0
2026-02-21 21:45:00,40.69795443013725,-73.97001048183648,Highway,90,55.7,0.381,Moderate,26.0,60,15.9,0.0,0.3,Fog,1,0
2026-02-21 22:00:00,40.69492753718584,-73.96449542012743,Arterial,60,60.0,0.0,Low,20.2,53,26.6,0.0,11.3,Clear,1,0
2026-02-21 22:15:00,40.70297600906836,-73.95501605111832,City_Street,40,35.8,0.105,Low,23.9,32,28.6,0.0,8.6,Clear,1,0
2026-02-21 22:30:00,40.68618210339901,-73.95758137877222,Highway,90,87.3,0.03,Low,21.6,57,30.9,0.0,8.2,Clear,1,0
2026-02-21 22:45:00,40.7086207544067,-73.94780321508995,Highway,90,87.2,0.031,Low,19.5,53,5.3,0.0,10.5,Clear,1,0
2026-02-21 23:00:00,40.69226037703517,-73.96131215800152,Arterial,60,59.1,0.015,Low,26.4,36,6.1,0.0,11.1,Clear,1,0
2026-02-21 23:15:00,40.69993790432045,-73.95723349382172,Highway,90,74.3,0.174,Low,24.2,64,34.2,0.0,12.3,Clear,1,0
2026-02-21 23:30:00,40.68972390367162,-73.95655675434212,Arterial,60,60.0,0.0,Low,29.4,69,34.0,0.0,14.7,Cloudy,1,0
2026-02-21 23:45:00,40.6954730309931,-73.96064388024497,Highway,90,63.7,0.292,Moderate,26.4,40,23.9,0.0,0.2,Fog,1,0
2026-02-22 00:00:00,40.69841761510753,-73.9650190013115,Residential,30,20.9,0.303,Moderate,15.7,61,31.2,5.7,7.1,Rain,1,0
2026-02-22 00:15:00,40.70589267808274,-73.96712557356084,Highway,90,76.9,0.146,Low,18.0,44,28.8,0.0,14.5,Clear,1,0
2026-02-22 00:30:00,40.68696324283046,-73.96076875157793,Arterial,60,41.8,0.303,Moderate,21.4,100,10.2,5.9,4.5,Rain,1,0
2026-02-22 00:45:00,40.699099339849056,-73.94690902416299,City_Street,40,34.6,0.135,Low,19.3,63,17.0,0.0,11.7,Clear,1,0
2026-02-22 01:00:00,40.70318347528155,-73.96379755121926,Arterial,60,30.3,0.495,Moderate,1.9,96,29.1,20.3,1.8,Heavy Rain,1,0
2026-02-22 01:15:00,40.69343372216691,-73.9604661536976,Residential,30,28.0,0.067,Low,24.5,66,6.1,0.0,13.1,Cloudy,1,0
2026-02-22 01:30:00,40.69809345023352,-73.96125399268382,Arterial,60,42.6,0.29,Moderate,6.7,56,14.8,1.1,4.7,Rain,1,0
2026-02-22 01:45:00,40.702000072011295,-73.9593214369904,Highway,90,90.0,0.0,Low,21.9,82,32.2,0.0,13.2,Cloudy,1,0
